ISO-10303-21;
HEADER;
FILE_DESCRIPTION (( 'STEP AP214' ),
    '1' );
FILE_NAME ('atomizer module.STEP',
    '2026-07-11T20:45:36',
    ( '' ),
    ( '' ),
    'SwSTEP 2.0',
    'SolidWorks 2026',
    '' );
FILE_SCHEMA (( 'AUTOMOTIVE_DESIGN' ));
ENDSEC;

DATA;
#1 = CARTESIAN_POINT ( 'NONE',  ( 6.190063900466525659, 19.79496792427229579, -1.985493254810670072 ) ) ;
#2 = ORIENTED_EDGE ( 'NONE', *, *, #2389, .T. ) ;
#3 = DIRECTION ( 'NONE',  ( 0.000000000000000000, -1.000000000000000000, 0.000000000000000000 ) ) ;
#4 = CARTESIAN_POINT ( 'NONE',  ( 4.330127018922194537, 28.43522762985908159, 2.499999999999999556 ) ) ;
#5 = DIRECTION ( 'NONE',  ( -0.000000000000000000, -1.000000000000000000, -0.000000000000000000 ) ) ;
#6 = DIRECTION ( 'NONE',  ( 0.000000000000000000, 0.000000000000000000, 1.000000000000000000 ) ) ;
#7 = CARTESIAN_POINT ( 'NONE',  ( 4.330127018922193649, 18.09888854108071854, 2.500000000000000000 ) ) ;
#8 = DIRECTION ( 'NONE',  ( 1.000000000000000000, 0.000000000000000000, 0.000000000000000000 ) ) ;
#9 = DIRECTION ( 'NONE',  ( -1.138345626559620260E-15, 1.000000000000000000, 0.000000000000000000 ) ) ;
#10 = DIRECTION ( 'NONE',  ( 0.000000000000000000, -1.000000000000000000, 0.000000000000000000 ) ) ;
#11 = CARTESIAN_POINT ( 'NONE',  ( 6.033234886509706740, 17.61481306460350282, 2.418943887838508999 ) ) ;
#12 = CARTESIAN_POINT ( 'NONE',  ( 0.000000000000000000, 20.78766299294139586, 0.000000000000000000 ) ) ;
#13 = ORIENTED_EDGE ( 'NONE', *, *, #1449, .T. ) ;
#14 = ORIENTED_EDGE ( 'NONE', *, *, #1042, .F. ) ;
#15 = VECTOR ( 'NONE', #1499, 1000.000000000000000 ) ;
#16 = ADVANCED_FACE ( 'NONE', ( #156 ), #1810, .F. ) ;
#17 = DIRECTION ( 'NONE',  ( -1.000000000000000000, 0.000000000000000000, 0.000000000000000000 ) ) ;
#18 = AXIS2_PLACEMENT_3D ( 'NONE', #2197, #2591, #2174 ) ;
#19 = VECTOR ( 'NONE', #136, 1000.000000000000000 ) ;
#20 = CARTESIAN_POINT ( 'NONE',  ( 6.450739551775359182, 20.63690913517980263, 0.8131089733602320235 ) ) ;
#21 = VERTEX_POINT ( 'NONE', #1976 ) ;
#22 = AXIS2_PLACEMENT_3D ( 'NONE', #2414, #2609, #2180 ) ;
#23 = CARTESIAN_POINT ( 'NONE',  ( 0.000000000000000000, 5.500000000000000888, -11.50000000000000000 ) ) ;
#24 = LINE ( 'NONE', #1237, #2497 ) ;
#25 = CARTESIAN_POINT ( 'NONE',  ( 0.000000000000000000, 38.00000000000000000, -6.500000000000000888 ) ) ;
#26 = FACE_BOUND ( 'NONE', #907, .T. ) ;
#27 = FACE_OUTER_BOUND ( 'NONE', #329, .T. ) ;
#28 = DIRECTION ( 'NONE',  ( 0.000000000000000000, 0.000000000000000000, 1.000000000000000000 ) ) ;
#29 = DIRECTION ( 'NONE',  ( 0.000000000000000000, 0.000000000000000000, -1.000000000000000000 ) ) ;
#30 = ADVANCED_FACE ( 'NONE', ( #1600 ), #139, .F. ) ;
#31 = DIRECTION ( 'NONE',  ( 0.000000000000000000, -0.000000000000000000, 1.000000000000000000 ) ) ;
#32 = CARTESIAN_POINT ( 'NONE',  ( 0.000000000000000000, 30.69942164390194250, 0.000000000000000000 ) ) ;
#33 = ORIENTED_EDGE ( 'NONE', *, *, #1922, .T. ) ;
#34 = EDGE_CURVE ( 'NONE', #1357, #2067, #1615, .T. ) ;
#35 = DIRECTION ( 'NONE',  ( -0.000000000000000000, -1.000000000000000000, -0.000000000000000000 ) ) ;
#36 = EDGE_LOOP ( 'NONE', ( #33, #2170 ) ) ;
#37 = UNCERTAINTY_MEASURE_WITH_UNIT (LENGTH_MEASURE( 1.000000000000000082E-05 ), #1415, 'distance_accuracy_value', 'NONE');
#38 = CARTESIAN_POINT ( 'NONE',  ( -4.501311217236635187, 29.53096903279001495, -2.181303900374862881 ) ) ;
#39 = CARTESIAN_POINT ( 'NONE',  ( -4.876026387516445126, 16.02472668824638546, -1.117021147402235126 ) ) ;
#40 = CARTESIAN_POINT ( 'NONE',  ( 0.000000000000000000, 25.74675071041428964, 0.000000000000000000 ) ) ;
#41 = FACE_OUTER_BOUND ( 'NONE', #693, .T. ) ;
#42 = CARTESIAN_POINT ( 'NONE',  ( 4.403728554650194305, 27.45225395301511995, -2.368997079358950320 ) ) ;
#43 = CARTESIAN_POINT ( 'NONE',  ( 6.123233995736766282E-16, 38.00000000000000000, 5.000000000000000000 ) ) ;
#44 = CARTESIAN_POINT ( 'NONE',  ( 6.500031641660145354, 15.76712458335266120, -0.1637111974302150330 ) ) ;
#45 = ORIENTED_EDGE ( 'NONE', *, *, #396, .T. ) ;
#46 = DIRECTION ( 'NONE',  ( -0.000000000000000000, -1.000000000000000000, -0.000000000000000000 ) ) ;
#47 = ORIENTED_EDGE ( 'NONE', *, *, #2389, .F. ) ;
#48 = ORIENTED_EDGE ( 'NONE', *, *, #1887, .T. ) ;
#49 = DIRECTION ( 'NONE',  ( 0.000000000000000000, 0.000000000000000000, 1.000000000000000000 ) ) ;
#50 = ORIENTED_EDGE ( 'NONE', *, *, #1341, .F. ) ;
#51 = FILL_AREA_STYLE ('',( #1669 ) ) ;
#52 = DIRECTION ( 'NONE',  ( -0.000000000000000000, -0.000000000000000000, -1.000000000000000000 ) ) ;
#53 = EDGE_CURVE ( 'NONE', #507, #1981, #1907, .T. ) ;
#54 = CARTESIAN_POINT ( 'NONE',  ( 3.031088913245534311, 25.74675071041428964, -25.75000000000000000 ) ) ;
#55 = CARTESIAN_POINT ( 'NONE',  ( 4.403930949479827106, 17.45100797702548334, 2.368638637499261179 ) ) ;
#56 = DIRECTION ( 'NONE',  ( -1.000000000000000000, 0.000000000000000000, 0.000000000000000000 ) ) ;
#57 = CARTESIAN_POINT ( 'NONE',  ( 4.991542959319554384, 20.75041734994709230, -0.3338686113110059805 ) ) ;
#58 = ORIENTED_EDGE ( 'NONE', *, *, #2246, .T. ) ;
#59 = VERTEX_POINT ( 'NONE', #1376 ) ;
#60 = VECTOR ( 'NONE', #2192, 1000.000000000000000 ) ;
#61 = AXIS2_PLACEMENT_3D ( 'NONE', #2550, #1909, #2123 ) ;
#62 = EDGE_LOOP ( 'NONE', ( #2356, #2320 ) ) ;
#63 = CIRCLE ( 'NONE', #1437, 6.500000000000000888 ) ;
#64 = LINE ( 'NONE', #1478, #717 ) ;
#65 = EDGE_CURVE ( 'NONE', #1451, #831, #2121, .T. ) ;
#66 = CARTESIAN_POINT ( 'NONE',  ( -4.508345273325136127, 17.00572889537983556, 2.164384123464675014 ) ) ;
#67 = AXIS2_PLACEMENT_3D ( 'NONE', #1515, #511, #2129 ) ;
#68 = DIRECTION ( 'NONE',  ( 1.224646799147351482E-16, 0.000000000000000000, -1.000000000000000000 ) ) ;
#69 = APPLICATION_PROTOCOL_DEFINITION ( 'draft international standard', 'automotive_design', 1998, #312 ) ;
#70 = EDGE_CURVE ( 'NONE', #685, #1087, #982, .T. ) ;
#71 = LINE ( 'NONE', #125, #581 ) ;
#72 = AXIS2_PLACEMENT_3D ( 'NONE', #324, #1951, #773 ) ;
#73 = CARTESIAN_POINT ( 'NONE',  ( 6.405587247757828173, 30.51108655795292535, 1.114288552736753202 ) ) ;
#74 = LINE ( 'NONE', #679, #15 ) ;
#75 = ORIENTED_EDGE ( 'NONE', *, *, #597, .F. ) ;
#76 = VERTEX_POINT ( 'NONE', #2402 ) ;
#77 = ORIENTED_EDGE ( 'NONE', *, *, #1873, .F. ) ;
#78 = FILL_AREA_STYLE_COLOUR ( '', #2548 ) ;
#79 = CARTESIAN_POINT ( 'NONE',  ( -4.935103535999340707, 20.63540142275266831, 0.8174340017590926433 ) ) ;
#80 = DIRECTION ( 'NONE',  ( 0.000000000000000000, -1.000000000000000000, 0.000000000000000000 ) ) ;
#81 = CARTESIAN_POINT ( 'NONE',  ( -6.128459711209456096, 27.01214330816326026, 2.168176157414001715 ) ) ;
#82 = CARTESIAN_POINT ( 'NONE',  ( 6.378682028844541385, 30.43396337410619523, -1.257518502479509248 ) ) ;
#83 = CARTESIAN_POINT ( 'NONE',  ( 31.50000000000000000, 30.69942164390194250, 0.000000000000000000 ) ) ;
#84 = ORIENTED_EDGE ( 'NONE', *, *, #1577, .F. ) ;
#85 = CARTESIAN_POINT ( 'NONE',  ( 0.000000000000000000, 1.899999999999999911, 0.000000000000000000 ) ) ;
#86 = ORIENTED_EDGE ( 'NONE', *, *, #1255, .T. ) ;
#87 = ORIENTED_EDGE ( 'NONE', *, *, #2583, .T. ) ;
#88 = EDGE_CURVE ( 'NONE', #1293, #860, #1580, .T. ) ;
#89 = EDGE_LOOP ( 'NONE', ( #2494, #1827, #625, #866 ) ) ;
#90 = ORIENTED_EDGE ( 'NONE', *, *, #683, .T. ) ;
#91 = CARTESIAN_POINT ( 'NONE',  ( -4.330127018922193649, 18.26720685167784097, -2.500000000000000000 ) ) ;
#92 = CARTESIAN_POINT ( 'NONE',  ( -6.469125306974250478, 25.84843067877630673, -0.6530815097053097595 ) ) ;
#93 = DIRECTION ( 'NONE',  ( -0.000000000000000000, -1.000000000000000000, -0.000000000000000000 ) ) ;
#94 = EDGE_LOOP ( 'NONE', ( #1134, #2302 ) ) ;
#95 = CARTESIAN_POINT ( 'NONE',  ( 6.469125306974250478, 30.68598302457937521, -0.6530815097053097595 ) ) ;
#96 = LINE ( 'NONE', #2307, #237 ) ;
#97 = VERTEX_POINT ( 'NONE', #1033 ) ;
#98 = LINE ( 'NONE', #2084, #1529 ) ;
#99 = ORIENTED_EDGE ( 'NONE', *, *, #1034, .F. ) ;
#100 = ORIENTED_EDGE ( 'NONE', *, *, #1616, .F. ) ;
#101 = CARTESIAN_POINT ( 'NONE',  ( 3.031088913245540528, 20.78766299294139586, -3.976493430146728514 ) ) ;
#102 = EDGE_CURVE ( 'NONE', #1513, #2350, #1736, .T. ) ;
#103 = EDGE_CURVE ( 'NONE', #2321, #644, #2034, .T. ) ;
#104 = VERTEX_POINT ( 'NONE', #2485 ) ;
#105 = CARTESIAN_POINT ( 'NONE',  ( -4.875439819066918368, 20.50842993079007215, -1.119835497753354003 ) ) ;
#106 = AXIS2_PLACEMENT_3D ( 'NONE', #2235, #408, #1801 ) ;
#107 = CARTESIAN_POINT ( 'NONE',  ( -6.100566046918083352, 17.15403820487252773, -2.244466896653220189 ) ) ;
#108 = CARTESIAN_POINT ( 'NONE',  ( -0.1999999999999999556, 3.000000000000000000, 5.996665740225981089 ) ) ;
#109 = DIRECTION ( 'NONE',  ( 1.000000000000000000, 0.000000000000000000, 0.000000000000000000 ) ) ;
#110 = AXIS2_PLACEMENT_3D ( 'NONE', #2278, #621, #201 ) ;
#111 = VECTOR ( 'NONE', #35, 1000.000000000000000 ) ;
#112 = CARTESIAN_POINT ( 'NONE',  ( -0.2000000000000005107, 3.000000000000000000, 1.481219931849748095 ) ) ;
#113 = CARTESIAN_POINT ( 'NONE',  ( 1.224646799147353454E-15, 5.000000000000000000, 10.00000000000000178 ) ) ;
#114 = CARTESIAN_POINT ( 'NONE',  ( 31.50000000000000000, 28.26720685167784097, -2.500000000000000000 ) ) ;
#115 = ORIENTED_EDGE ( 'NONE', *, *, #1767, .F. ) ;
#116 = ORIENTED_EDGE ( 'NONE', *, *, #2216, .T. ) ;
#117 = VECTOR ( 'NONE', #2478, 1000.000000000000000 ) ;
#118 = CARTESIAN_POINT ( 'NONE',  ( -4.718862827584281661, 30.14570214676026083, -1.657409718739058624 ) ) ;
#119 = DIRECTION ( 'NONE',  ( 0.000000000000000000, 0.000000000000000000, 1.000000000000000000 ) ) ;
#120 = EDGE_LOOP ( 'NONE', ( #632, #2552 ) ) ;
#121 = EDGE_CURVE ( 'NONE', #1409, #381, #1563, .T. ) ;
#122 = EDGE_CURVE ( 'NONE', #2565, #682, #630, .T. ) ;
#123 = CARTESIAN_POINT ( 'NONE',  ( -6.100374386137766614, 17.15497621074140255, 2.244994743588352382 ) ) ;
#124 = CARTESIAN_POINT ( 'NONE',  ( 0.000000000000000000, 1.399999999999999911, 0.000000000000000000 ) ) ;
#125 = CARTESIAN_POINT ( 'NONE',  ( -0.1999999999999994560, 3.000000000000000000, 9.997999799959989886 ) ) ;
#126 = CARTESIAN_POINT ( 'NONE',  ( 3.031088913245532090, 30.69942164390194250, -25.75000000000000000 ) ) ;
#127 = DIRECTION ( 'NONE',  ( 0.000000000000000000, 0.000000000000000000, 1.000000000000000000 ) ) ;
#128 = ORIENTED_EDGE ( 'NONE', *, *, #1115, .T. ) ;
#129 = ORIENTED_EDGE ( 'NONE', *, *, #2610, .T. ) ;
#130 = CARTESIAN_POINT ( 'NONE',  ( -6.405494179157143364, 30.51083834447113929, -1.115088928414457836 ) ) ;
#131 = CARTESIAN_POINT ( 'NONE',  ( -6.000000000000001776, 18.10030116867261540, 2.500000000000000000 ) ) ;
#132 = CARTESIAN_POINT ( 'NONE',  ( 4.590168519245517054, 26.72968944122916923, -1.997259725282876985 ) ) ;
#133 = EDGE_CURVE ( 'NONE', #454, #1961, #1648, .T. ) ;
#134 = CARTESIAN_POINT ( 'NONE',  ( 6.286929367426643545, 30.14805830122480401, 1.654899027697837255 ) ) ;
#135 = CARTESIAN_POINT ( 'NONE',  ( 4.508345273325136127, 19.52868480797584638, 2.164384123464675014 ) ) ;
#136 = DIRECTION ( 'NONE',  ( -1.000000000000000000, 0.000000000000000000, 0.000000000000000000 ) ) ;
#137 = ORIENTED_EDGE ( 'NONE', *, *, #1189, .F. ) ;
#138 = CARTESIAN_POINT ( 'NONE',  ( 1.224646799147353256E-15, 3.000000000000000000, 10.00000000000000000 ) ) ;
#139 = PLANE ( 'NONE',  #541 ) ;
#140 = CIRCLE ( 'NONE', #1315, 10.00000000000000178 ) ;
#141 = CARTESIAN_POINT ( 'NONE',  ( 0.000000000000000000, 0.000000000000000000, 100.0000000000000000 ) ) ;
#142 = CARTESIAN_POINT ( 'NONE',  ( 6.128820011709934512, 27.01033668438075708, -2.167182248526910548 ) ) ;
#143 = AXIS2_PLACEMENT_3D ( 'NONE', #1973, #188, #152 ) ;
#144 = CARTESIAN_POINT ( 'NONE',  ( -4.958877067835413044, 25.85032972656661343, -0.6606872107490914248 ) ) ;
#145 = EDGE_CURVE ( 'NONE', #2243, #2068, #1194, .T. ) ;
#146 = FACE_OUTER_BOUND ( 'NONE', #1912, .T. ) ;
#147 = VECTOR ( 'NONE', #1485, 1000.000000000000000 ) ;
#148 = ORIENTED_EDGE ( 'NONE', *, *, #1358, .T. ) ;
#149 = AXIS2_PLACEMENT_3D ( 'NONE', #1047, #49, #2633 ) ;
#150 = B_SPLINE_CURVE_WITH_KNOTS ( 'NONE', 3,
 ( #1716, #1538, #2137, #1085, #1691, #1729, #722, #2348, #1894, #521, #1342, #1946, #939, #2562, #263, #57, #885, #172, #779, #386, #1969, #2580, #580, #1571, #2601, #135, #2569, #743, #2006, #1181, #1768, #2395 ),
 .UNSPECIFIED., .F., .F.,
 ( 4, 2, 2, 2, 2, 2, 2, 2, 2, 2, 2, 2, 2, 2, 2, 4 ),
 ( 0.007951492273476384876, 0.008447582061164958869, 0.008943671848853532863, 0.009439761636542105122, 0.009935851424230679116, 0.01043194121191925311, 0.01092803099960782710, 0.01142412078729640110, 0.01192021057498497509, 0.01241630036267354908, 0.01291239015036212481, 0.01390456972573927107, 0.01440065951342784506, 0.01489674930111641732, 0.01539283908880499131, 0.01588892887649356531 ),
 .UNSPECIFIED. ) ;
#151 = B_SPLINE_CURVE_WITH_KNOTS ( 'NONE', 3,
 ( #595, #1015, #1820, #2629, #811, #1621, #2432, #2238, #410, #200, #687, #79, #1710, #893, #313, #514, #1337, #486, #1917, #105, #2556, #296, #2355, #526, #1886, #1410, #421, #2057, #864, #1475 ),
 .UNSPECIFIED., .F., .F.,
 ( 4, 2, 2, 2, 2, 2, 2, 2, 2, 2, 2, 2, 2, 2, 4 ),
 ( 0.000000000000000000, 0.0004969682670922734042, 0.0009939365341845468084, 0.001987873068369102724, 0.002484841335461376779, 0.002981809602553651267, 0.003478777869645925322, 0.003975746136738200244, 0.004472714403830474299, 0.004969682670922748353, 0.005466650938015023276, 0.005963619205107297330, 0.006957555739291845440, 0.007454524006384116025, 0.007951492273476384876 ),
 .UNSPECIFIED. ) ;
#152 = DIRECTION ( 'NONE',  ( 0.000000000000000000, 0.000000000000000000, -1.000000000000000000 ) ) ;
#153 = DIRECTION ( 'NONE',  ( 0.000000000000000000, 1.000000000000000000, 0.000000000000000000 ) ) ;
#154 = CIRCLE ( 'NONE', #1108, 5.000000000000000000 ) ;
#155 = VECTOR ( 'NONE', #93, 1000.000000000000000 ) ;
#156 = FACE_OUTER_BOUND ( 'NONE', #292, .T. ) ;
#157 = CARTESIAN_POINT ( 'NONE',  ( 4.403597382036959829, 29.08184187051255165, -2.369277312476157249 ) ) ;
#158 = EDGE_CURVE ( 'NONE', #21, #2524, #1773, .T. ) ;
#159 = CARTESIAN_POINT ( 'NONE',  ( 4.339954374681743943, 27.93407564776441276, 2.483182732436590712 ) ) ;
#160 = DIRECTION ( 'NONE',  ( -0.000000000000000000, -0.000000000000000000, 1.000000000000000000 ) ) ;
#161 = CARTESIAN_POINT ( 'NONE',  ( 0.000000000000000000, 15.83499205945373944, -6.500000000000000888 ) ) ;
#162 = ORIENTED_EDGE ( 'NONE', *, *, #2336, .F. ) ;
#163 = CARTESIAN_POINT ( 'NONE',  ( 0.000000000000000000, 38.00000000000000000, 0.000000000000000000 ) ) ;
#164 = DIRECTION ( 'NONE',  ( 0.000000000000000000, -1.000000000000000000, 0.000000000000000000 ) ) ;
#165 = ORIENTED_EDGE ( 'NONE', *, *, #1797, .F. ) ;
#166 = EDGE_CURVE ( 'NONE', #860, #375, #1874, .T. ) ;
#167 = ORIENTED_EDGE ( 'NONE', *, *, #513, .T. ) ;
#168 = DIRECTION ( 'NONE',  ( 0.000000000000000000, 0.000000000000000000, 1.000000000000000000 ) ) ;
#169 = CARTESIAN_POINT ( 'NONE',  ( 4.840619449859524082, 26.10196444277078243, 1.260197503473185154 ) ) ;
#170 = AXIS2_PLACEMENT_3D ( 'NONE', #1507, #467, #1139 ) ;
#171 = CARTESIAN_POINT ( 'NONE',  ( -5.000070745748606882, 25.76706536014120275, 0.1633425702490436948 ) ) ;
#172 = CARTESIAN_POINT ( 'NONE',  ( 5.000070745748606882, 20.76734834321447920, 0.1633425702490436948 ) ) ;
#173 = CARTESIAN_POINT ( 'NONE',  ( 7.960204194457796463E-16, 38.00000000000000000, 6.500000000000000888 ) ) ;
#174 = DIRECTION ( 'NONE',  ( 0.000000000000000000, 1.000000000000000000, 0.000000000000000000 ) ) ;
#175 = CARTESIAN_POINT ( 'NONE',  ( 0.000000000000000000, 1.100000000000000089, 0.000000000000000000 ) ) ;
#176 = DIRECTION ( 'NONE',  ( -4.378252409844693461E-16, -1.000000000000000000, 0.000000000000000000 ) ) ;
#177 = APPLICATION_CONTEXT ( 'automotive_design' ) ;
#178 = EDGE_CURVE ( 'NONE', #495, #508, #461, .T. ) ;
#179 = ORIENTED_EDGE ( 'NONE', *, *, #612, .T. ) ;
#180 = VERTEX_POINT ( 'NONE', #2087 ) ;
#181 = CARTESIAN_POINT ( 'NONE',  ( -3.031088913245534311, 25.74675071041428964, -5.750000000000001776 ) ) ;
#182 = DIRECTION ( 'NONE',  ( -4.378252409844693461E-16, 1.000000000000000000, 0.000000000000000000 ) ) ;
#183 = VECTOR ( 'NONE', #1128, 1000.000000000000000 ) ;
#184 = CARTESIAN_POINT ( 'NONE',  ( 0.2000000000000005662, 3.000000000000000000, 9.997999799959991662 ) ) ;
#185 = LINE ( 'NONE', #173, #326 ) ;
#186 = AXIS2_PLACEMENT_3D ( 'NONE', #2410, #362, #965 ) ;
#187 = CARTESIAN_POINT ( 'NONE',  ( 0.000000000000000000, 3.000000000000000000, 0.000000000000000000 ) ) ;
#188 = DIRECTION ( 'NONE',  ( 0.000000000000000000, -1.000000000000000000, 0.000000000000000000 ) ) ;
#189 = CARTESIAN_POINT ( 'NONE',  ( 6.469132681940031659, 25.84840979411955431, 0.6531854995006878273 ) ) ;
#190 = AXIS2_PLACEMENT_3D ( 'NONE', #2062, #2079, #823 ) ;
#191 = CIRCLE ( 'NONE', #2501, 6.500000000000000888 ) ;
#192 = CLOSED_SHELL ( 'NONE', ( #2489, #1385, #948, #850, #344, #230, #1688, #2483, #2360, #404, #1738, #2101, #2288, #1999, #901, #2262, #30 ) ) ;
#193 = LINE ( 'NONE', #1826, #1866 ) ;
#194 = CARTESIAN_POINT ( 'NONE',  ( 6.319744118019195334, 20.25376546385612642, -1.526358900109805239 ) ) ;
#195 = VECTOR ( 'NONE', #476, 1000.000000000000000 ) ;
#196 = EDGE_CURVE ( 'NONE', #1294, #1705, #376, .T. ) ;
#197 = CARTESIAN_POINT ( 'NONE',  ( 4.959372781785823747, 30.68509720463115542, 0.6567910564261113526 ) ) ;
#198 = EDGE_CURVE ( 'NONE', #2068, #2243, #1228, .T. ) ;
#199 = DIRECTION ( 'NONE',  ( -0.000000000000000000, -0.000000000000000000, 1.000000000000000000 ) ) ;
#200 = CARTESIAN_POINT ( 'NONE',  ( -4.840619449859524082, 20.43244926058490663, 1.260197503473185154 ) ) ;
#201 = DIRECTION ( 'NONE',  ( 0.000000000000000000, 0.000000000000000000, 1.000000000000000000 ) ) ;
#202 = CARTESIAN_POINT ( 'NONE',  ( 6.128820011709934512, 17.01033668438074287, -2.167182248526910548 ) ) ;
#203 = CARTESIAN_POINT ( 'NONE',  ( -6.052855793031932663, 19.07916202826750762, 2.370121633505915870 ) ) ;
#204 = EDGE_LOOP ( 'NONE', ( #1123, #2522, #1654, #2097, #2261, #1172 ) ) ;
#205 = CARTESIAN_POINT ( 'NONE',  ( -3.031088913245532090, 30.69942164390194250, -25.75000000000000000 ) ) ;
#206 = CARTESIAN_POINT ( 'NONE',  ( 6.287868174069430438, 20.15123663589478298, -1.651409046313623730 ) ) ;
#207 = VERTEX_POINT ( 'NONE', #2113 ) ;
#208 = DIRECTION ( 'NONE',  ( 0.000000000000000000, 0.000000000000000000, 1.000000000000000000 ) ) ;
#209 = CARTESIAN_POINT ( 'NONE',  ( 4.469332443797272347, 29.38361809244198142, 2.242786155103347223 ) ) ;
#210 = DIRECTION ( 'NONE',  ( 0.000000000000000000, 0.000000000000000000, 1.000000000000000000 ) ) ;
#211 = PLANE ( 'NONE',  #536 ) ;
#212 = DIRECTION ( 'NONE',  ( 0.000000000000000000, 1.000000000000000000, 0.000000000000000000 ) ) ;
#213 = ADVANCED_FACE ( 'NONE', ( #1737, #2353, #2322 ), #525, .F. ) ;
#214 = DIRECTION ( 'NONE',  ( -0.000000000000000000, -1.000000000000000000, -0.000000000000000000 ) ) ;
#215 = CARTESIAN_POINT ( 'NONE',  ( 0.000000000000000000, 5.000000000000000000, -10.00000000000000178 ) ) ;
#216 = ORIENTED_EDGE ( 'NONE', *, *, #612, .F. ) ;
#217 = CARTESIAN_POINT ( 'NONE',  ( -6.286930862373015572, 20.14805883886269910, -1.654888192023286297 ) ) ;
#218 = ORIENTED_EDGE ( 'NONE', *, *, #178, .T. ) ;
#219 = ORIENTED_EDGE ( 'NONE', *, *, #1179, .T. ) ;
#220 = DIRECTION ( 'NONE',  ( -0.000000000000000000, -0.000000000000000000, -1.000000000000000000 ) ) ;
#221 = CARTESIAN_POINT ( 'NONE',  ( 6.006975437511434812, 18.59767137835842377, 2.483433553213049816 ) ) ;
#222 = VERTEX_POINT ( 'NONE', #1326 ) ;
#223 = UNCERTAINTY_MEASURE_WITH_UNIT (LENGTH_MEASURE( 1.000000000000000082E-05 ), #2477, 'distance_accuracy_value', 'NONE');
#224 = DIRECTION ( 'NONE',  ( 0.000000000000000000, 1.000000000000000000, 0.000000000000000000 ) ) ;
#225 = CARTESIAN_POINT ( 'NONE',  ( 4.377283372729115385, 28.92787063642582268, 2.416778840058041666 ) ) ;
#226 = EDGE_CURVE ( 'NONE', #2565, #1233, #1695, .T. ) ;
#227 = CARTESIAN_POINT ( 'NONE',  ( 6.000000000000000888, 28.26720685167784097, -2.500000000000000000 ) ) ;
#228 = CARTESIAN_POINT ( 'NONE',  ( -4.469332443797272347, 27.15079561091369342, 2.242786155103347223 ) ) ;
#229 = DIRECTION ( 'NONE',  ( 0.000000000000000000, 1.000000000000000000, 0.000000000000000000 ) ) ;
#230 = ADVANCED_FACE ( 'NONE', ( #920 ), #325, .T. ) ;
#231 = DIRECTION ( 'NONE',  ( -0.000000000000000000, -1.000000000000000000, -0.000000000000000000 ) ) ;
#232 = CIRCLE ( 'NONE', #2021, 10.00000000000000178 ) ;
#233 = CARTESIAN_POINT ( 'NONE',  ( 6.222159400925069583, 16.61573110557704425, -1.883848981695759317 ) ) ;
#234 = CARTESIAN_POINT ( 'NONE',  ( -6.006867973541549333, 18.59689361844630184, -2.483702572146012422 ) ) ;
#235 = ORIENTED_EDGE ( 'NONE', *, *, #103, .T. ) ;
#236 = ORIENTED_EDGE ( 'NONE', *, *, #1939, .F. ) ;
#237 = VECTOR ( 'NONE', #2318, 1000.000000000000000 ) ;
#238 = DIRECTION ( 'NONE',  ( 0.000000000000000000, -1.000000000000000000, 0.000000000000000000 ) ) ;
#239 = AXIS2_PLACEMENT_3D ( 'NONE', #2276, #1069, #8 ) ;
#240 = AXIS2_PLACEMENT_3D ( 'NONE', #2050, #248, #2630 ) ;
#241 = DIRECTION ( 'NONE',  ( 0.000000000000000000, -1.000000000000000000, 0.000000000000000000 ) ) ;
#242 = ORIENTED_EDGE ( 'NONE', *, *, #2098, .T. ) ;
#243 = CARTESIAN_POINT ( 'NONE',  ( -4.339676481258738505, 28.59750916580737012, -2.483672801277728492 ) ) ;
#244 = ORIENTED_EDGE ( 'NONE', *, *, #1197, .F. ) ;
#245 = CIRCLE ( 'NONE', #2207, 5.000000000000000000 ) ;
#246 = DIRECTION ( 'NONE',  ( -0.000000000000000000, -1.000000000000000000, -0.000000000000000000 ) ) ;
#247 = CYLINDRICAL_SURFACE ( 'NONE', #664, 2.500000000000000000 ) ;
#248 = DIRECTION ( 'NONE',  ( 0.000000000000000000, 1.000000000000000000, 0.000000000000000000 ) ) ;
#249 = CARTESIAN_POINT ( 'NONE',  ( 0.000000000000000000, 1.000000000000000000, 10.49999999999999822 ) ) ;
#250 = VERTEX_POINT ( 'NONE', #1927 ) ;
#251 = VERTEX_POINT ( 'NONE', #1916 ) ;
#252 = ORIENTED_EDGE ( 'NONE', *, *, #1983, .F. ) ;
#253 = MANIFOLD_SOLID_BREP ( 'Corte-extrus\X2\00e3\X0\o5', #192 ) ;
#254 = EDGE_CURVE ( 'NONE', #59, #1406, #799, .T. ) ;
#255 = CARTESIAN_POINT ( 'NONE',  ( 6.469125306974250478, 20.68598302457937876, -0.6530815097053097595 ) ) ;
#256 = VERTEX_POINT ( 'NONE', #1881 ) ;
#257 = UNCERTAINTY_MEASURE_WITH_UNIT (LENGTH_MEASURE( 1.000000000000000082E-05 ), #1254, 'distance_accuracy_value', 'NONE');
#258 = CARTESIAN_POINT ( 'NONE',  ( -4.761777530796331703, 30.24993121998696921, -1.531360657389279512 ) ) ;
#259 = CARTESIAN_POINT ( 'NONE',  ( -6.000000000000000888, 18.26720685167784097, -2.500000000000000000 ) ) ;
#260 = CARTESIAN_POINT ( 'NONE',  ( -4.991694699755270470, 15.78369495403137890, 0.3312656108842267910 ) ) ;
#261 = DIRECTION ( 'NONE',  ( 0.000000000000000000, 0.000000000000000000, 1.000000000000000000 ) ) ;
#262 = DIRECTION ( 'NONE',  ( -1.000000000000000000, 0.000000000000000000, 0.000000000000000000 ) ) ;
#263 = CARTESIAN_POINT ( 'NONE',  ( 4.958877067835413044, 20.68408397678907562, -0.6606872107490914248 ) ) ;
#264 = ORIENTED_EDGE ( 'NONE', *, *, #122, .F. ) ;
#265 = EDGE_LOOP ( 'NONE', ( #1393, #1143, #473, #345 ) ) ;
#266 = EDGE_LOOP ( 'NONE', ( #2470, #1494, #1871, #1501 ) ) ;
#267 = DIRECTION ( 'NONE',  ( -0.000000000000000000, -0.000000000000000000, 1.000000000000000000 ) ) ;
#268 = ORIENTED_EDGE ( 'NONE', *, *, #389, .F. ) ;
#269 = PRODUCT_DEFINITION_SHAPE ( 'NONE', 'NONE',  #2175 ) ;
#270 = EDGE_CURVE ( 'NONE', #566, #1390, #1566, .T. ) ;
#271 = CYLINDRICAL_SURFACE ( 'NONE', #1022, 10.00000000000000178 ) ;
#272 = CARTESIAN_POINT ( 'NONE',  ( -4.590083163249331299, 16.73911689742423548, -1.985166955146167034 ) ) ;
#273 = CARTESIAN_POINT ( 'NONE',  ( -6.000000000000000888, 28.26720685167784097, -2.500000000000000000 ) ) ;
#274 = DIRECTION ( 'NONE',  ( -1.239018538615283790E-16, 1.000000000000000000, -1.641994667197328795E-16 ) ) ;
#275 = CARTESIAN_POINT ( 'NONE',  ( 6.406011642571860065, 30.51229964169066022, -1.111950708818440825 ) ) ;
#276 = DIRECTION ( 'NONE',  ( 0.000000000000000000, -1.000000000000000000, 0.000000000000000000 ) ) ;
#277 = ORIENTED_EDGE ( 'NONE', *, *, #389, .T. ) ;
#278 = ORIENTED_EDGE ( 'NONE', *, *, #288, .T. ) ;
#279 = ORIENTED_EDGE ( 'NONE', *, *, #1620, .F. ) ;
#280 = STYLED_ITEM ( 'NONE', ( #2473 ), #2020 ) ;
#281 = CIRCLE ( 'NONE', #2116, 1.000000000000000888 ) ;
#282 = ORIENTED_EDGE ( 'NONE', *, *, #2013, .T. ) ;
#283 = AXIS2_PLACEMENT_3D ( 'NONE', #1107, #1149, #1952 ) ;
#284 = FACE_OUTER_BOUND ( 'NONE', #321, .T. ) ;
#285 = VECTOR ( 'NONE', #52, 1000.000000000000000 ) ;
#286 = CARTESIAN_POINT ( 'NONE',  ( -6.493671190809580551, 25.78352411154443757, 0.3298771273723791198 ) ) ;
#287 = CARTESIAN_POINT ( 'NONE',  ( 5.738933065634832076, 4.913794306905527876, 1034.775296602546860 ) ) ;
#288 = EDGE_CURVE ( 'NONE', #1551, #1824, #1718, .T. ) ;
#289 = CARTESIAN_POINT ( 'NONE',  ( 0.000000000000000000, 1.100000000000000089, -6.000000000000000888 ) ) ;
#290 = FACE_OUTER_BOUND ( 'NONE', #293, .T. ) ;
#291 = ORIENTED_EDGE ( 'NONE', *, *, #2195, .F. ) ;
#292 = EDGE_LOOP ( 'NONE', ( #2424, #2607, #2130, #2571, #1553, #2581 ) ) ;
#293 = EDGE_LOOP ( 'NONE', ( #218, #86, #2126, #2267, #475, #1782 ) ) ;
#294 = DIRECTION ( 'NONE',  ( -1.000000000000000000, 0.000000000000000000, 0.000000000000000000 ) ) ;
#295 = APPLICATION_CONTEXT ( 'automotive_design' ) ;
#296 = CARTESIAN_POINT ( 'NONE',  ( -4.761777530796331703, 20.24993121998695855, -1.531360657389279512 ) ) ;
#297 = ORIENTED_EDGE ( 'NONE', *, *, #1034, .T. ) ;
#298 = LINE ( 'NONE', #1928, #709 ) ;
#299 = CARTESIAN_POINT ( 'NONE',  ( 4.590168519245517054, 16.72968944122916923, -1.997259725282876985 ) ) ;
#300 = CONTEXT_DEPENDENT_SHAPE_REPRESENTATION ( #2555, #342 ) ;
#301 = CARTESIAN_POINT ( 'NONE',  ( -3.031088913245534311, 25.74675071041428964, -25.75000000000000000 ) ) ;
#302 = EDGE_CURVE ( 'NONE', #460, #443, #98, .T. ) ;
#303 = CARTESIAN_POINT ( 'NONE',  ( 0.000000000000000000, 20.78766299294139586, -5.000000000000000000 ) ) ;
#304 = EDGE_CURVE ( 'NONE', #2059, #2380, #1816, .T. ) ;
#305 = DIRECTION ( 'NONE',  ( 0.000000000000000000, 0.000000000000000000, 1.000000000000000000 ) ) ;
#306 = ORIENTED_EDGE ( 'NONE', *, *, #2181, .T. ) ;
#307 = DIRECTION ( 'NONE',  ( 0.000000000000000000, 0.000000000000000000, 1.000000000000000000 ) ) ;
#308 = ORIENTED_EDGE ( 'NONE', *, *, #742, .T. ) ;
#309 = VERTEX_POINT ( 'NONE', #2297 ) ;
#310 = CARTESIAN_POINT ( 'NONE',  ( -4.376637027498675003, 28.92350258926420281, 2.417943090008122464 ) ) ;
#311 = EDGE_LOOP ( 'NONE', ( #711, #834 ) ) ;
#312 = APPLICATION_CONTEXT ( 'automotive_design' ) ;
#313 = CARTESIAN_POINT ( 'NONE',  ( -4.999945220643440713, 20.76709729294717022, 0.1682389254246871579 ) ) ;
#314 = CARTESIAN_POINT ( 'NONE',  ( -6.493581018080678113, 15.78376360174455328, -0.3309127638456068610 ) ) ;
#315 = DIRECTION ( 'NONE',  ( 0.000000000000000000, 1.000000000000000000, 0.000000000000000000 ) ) ;
#316 = DIRECTION ( 'NONE',  ( -0.000000000000000000, -0.000000000000000000, 1.000000000000000000 ) ) ;
#317 = DIRECTION ( 'NONE',  ( -0.000000000000000000, -1.000000000000000000, -0.000000000000000000 ) ) ;
#318 = CARTESIAN_POINT ( 'NONE',  ( 0.000000000000000000, 1.899999999999999911, 0.000000000000000000 ) ) ;
#319 = LINE ( 'NONE', #114, #19 ) ;
#320 = ORIENTED_EDGE ( 'NONE', *, *, #1588, .F. ) ;
#321 = EDGE_LOOP ( 'NONE', ( #2514, #1960, #2271, #1731 ) ) ;
#322 = EDGE_CURVE ( 'NONE', #878, #430, #1568, .T. ) ;
#323 = LINE ( 'NONE', #301, #1328 ) ;
#324 = CARTESIAN_POINT ( 'NONE',  ( 31.50000000000000000, 28.26720685167784097, 0.000000000000000000 ) ) ;
#325 = PLANE ( 'NONE',  #283 ) ;
#326 = VECTOR ( 'NONE', #1803, 1000.000000000000000 ) ;
#327 = ADVANCED_FACE ( 'NONE', ( #1307, #2108, #493 ), #1320, .T. ) ;
#328 = PRESENTATION_LAYER_ASSIGNMENT (  '', '', ( #496 ) ) ;
#329 = EDGE_LOOP ( 'NONE', ( #1753, #219, #291, #708, #1564, #1628 ) ) ;
#330 = VECTOR ( 'NONE', #481, 1000.000000000000000 ) ;
#331 = CARTESIAN_POINT ( 'NONE',  ( 4.469748568217468687, 29.38551475825418535, -2.241984081882585134 ) ) ;
#332 = CARTESIAN_POINT ( 'NONE',  ( 4.403728554650194305, 17.45225395301512350, -2.368997079358950320 ) ) ;
#333 = CIRCLE ( 'NONE', #1323, 6.500000000000000888 ) ;
#334 = CIRCLE ( 'NONE', #2328, 6.500000000000000888 ) ;
#335 = ORIENTED_EDGE ( 'NONE', *, *, #713, .T. ) ;
#336 = DIRECTION ( 'NONE',  ( 0.000000000000000000, 1.000000000000000000, 0.000000000000000000 ) ) ;
#337 = DIRECTION ( 'NONE',  ( 1.199662470992219437E-16, -0.000000000000000000, 1.000000000000000000 ) ) ;
#338 = ORIENTED_EDGE ( 'NONE', *, *, #2531, .F. ) ;
#339 = EDGE_LOOP ( 'NONE', ( #1306, #855, #2228, #137 ) ) ;
#340 = AXIS2_PLACEMENT_3D ( 'NONE', #1299, #1889, #2500 ) ;
#341 = CYLINDRICAL_SURFACE ( 'NONE', #2415, 2.500000000000000000 ) ;
#342 = PRODUCT_DEFINITION_SHAPE ( 'NONE', 'NONE',  #2643 ) ;
#343 = EDGE_CURVE ( 'NONE', #222, #2199, #899, .T. ) ;
#344 = ADVANCED_FACE ( 'NONE', ( #41 ), #676, .T. ) ;
#345 = ORIENTED_EDGE ( 'NONE', *, *, #742, .F. ) ;
#346 = CARTESIAN_POINT ( 'NONE',  ( 4.840105288336520317, 30.43129473739758595, -1.262122325482216700 ) ) ;
#347 = CARTESIAN_POINT ( 'NONE',  ( 0.000000000000000000, 1.100000000000000089, -6.000000000000000888 ) ) ;
#348 = CYLINDRICAL_SURFACE ( 'NONE', #1271, 6.000000000000000888 ) ;
#349 = ORIENTED_EDGE ( 'NONE', *, *, #865, .T. ) ;
#350 = LINE ( 'NONE', #2422, #712 ) ;
#351 = DIRECTION ( 'NONE',  ( 0.000000000000000000, 0.000000000000000000, 1.000000000000000000 ) ) ;
#352 = B_SPLINE_CURVE_WITH_KNOTS ( 'NONE', 3,
 ( #406, #1284, #2166, #310, #2339, #1527, #2073, #447, #535, #1146, #2487, #1950, #658, #646, #1264, #2351, #930, #2089, #1463, #725, #1345, #258, #118, #943, #38, #1360, #2152, #243, #1888, #1962 ),
 .UNSPECIFIED., .F., .F.,
 ( 4, 2, 2, 2, 2, 2, 2, 2, 2, 2, 2, 2, 2, 2, 4 ),
 ( 0.000000000000000000, 0.0004969682670922734042, 0.0009939365341845468084, 0.001987873068369102724, 0.002484841335461376779, 0.002981809602553651267, 0.003478777869645925322, 0.003975746136738200244, 0.004472714403830474299, 0.004969682670922748353, 0.005466650938015023276, 0.005963619205107297330, 0.006957555739291845440, 0.007454524006384116025, 0.007951492273476384876 ),
 .UNSPECIFIED. ) ;
#353 = DIRECTION ( 'NONE',  ( 0.000000000000000000, 0.000000000000000000, 1.000000000000000000 ) ) ;
#354 = EDGE_CURVE ( 'NONE', #1665, #2564, #245, .T. ) ;
#355 = EDGE_CURVE ( 'NONE', #2150, #544, #601, .T. ) ;
#356 = CARTESIAN_POINT ( 'NONE',  ( -6.052739674933956593, 17.45609901917944740, -2.370417720669137474 ) ) ;
#357 = FACE_OUTER_BOUND ( 'NONE', #2551, .T. ) ;
#358 = CARTESIAN_POINT ( 'NONE',  ( -4.876026387516445126, 26.02472668824638902, -1.117021147402235126 ) ) ;
#359 = CARTESIAN_POINT ( 'NONE',  ( 0.000000000000000000, 1.399999999999999911, 0.000000000000000000 ) ) ;
#360 = CARTESIAN_POINT ( 'NONE',  ( 0.000000000000000000, 1.000000000000000000, 0.000000000000000000 ) ) ;
#361 = EDGE_LOOP ( 'NONE', ( #1540, #1572 ) ) ;
#362 = DIRECTION ( 'NONE',  ( -0.000000000000000000, 1.000000000000000000, -0.000000000000000000 ) ) ;
#363 = DIRECTION ( 'NONE',  ( 0.000000000000000000, 0.000000000000000000, 1.000000000000000000 ) ) ;
#364 = ORIENTED_EDGE ( 'NONE', *, *, #787, .F. ) ;
#365 = CARTESIAN_POINT ( 'NONE',  ( -6.006867973541549333, 28.59689361844630540, -2.483702572146012422 ) ) ;
#366 = AXIS2_PLACEMENT_3D ( 'NONE', #1632, #1414, #592 ) ;
#367 = CARTESIAN_POINT ( 'NONE',  ( -6.000000000000000888, 18.10288500478882412, -2.499999999999999556 ) ) ;
#368 = CARTESIAN_POINT ( 'NONE',  ( 6.451166429396138824, 25.89632623553421809, -0.8100806735880320408 ) ) ;
#369 = VECTOR ( 'NONE', #557, 1000.000000000000000 ) ;
#370 =( REPRESENTATION_RELATIONSHIP ('NONE','NONE', #1489, #1754 ) REPRESENTATION_RELATIONSHIP_WITH_TRANSFORMATION ( #1126 )SHAPE_REPRESENTATION_RELATIONSHIP( ) );
#371 = DIRECTION ( 'NONE',  ( 0.000000000000000000, 1.000000000000000000, 0.000000000000000000 ) ) ;
#372 = CARTESIAN_POINT ( 'NONE',  ( -5.000000000000000000, 0.000000000000000000, 100.0000000000000000 ) ) ;
#373 = VECTOR ( 'NONE', #160, 1000.000000000000000 ) ;
#374 = EDGE_CURVE ( 'NONE', #495, #222, #193, .T. ) ;
#375 = VERTEX_POINT ( 'NONE', #1897 ) ;
#376 = CIRCLE ( 'NONE', #1439, 6.000000000000000888 ) ;
#377 = PLANE ( 'NONE',  #969 ) ;
#378 = CARTESIAN_POINT ( 'NONE',  ( 0.000000000000000000, 1.000000000000000000, -11.50000000000000000 ) ) ;
#379 = VECTOR ( 'NONE', #1436, 1000.000000000000000 ) ;
#380 = ORIENTED_EDGE ( 'NONE', *, *, #994, .T. ) ;
#381 = VERTEX_POINT ( 'NONE', #497 ) ;
#382 = CARTESIAN_POINT ( 'NONE',  ( 6.000000000000000888, 18.26720685167784097, -2.500000000000000000 ) ) ;
#383 = DIRECTION ( 'NONE',  ( -0.000000000000000000, -1.000000000000000000, -0.000000000000000000 ) ) ;
#384 = CARTESIAN_POINT ( 'NONE',  ( 4.999945220643440713, 25.76731641040850818, 0.1682389254246871579 ) ) ;
#385 = CARTESIAN_POINT ( 'NONE',  ( 6.222115960442097027, 29.91852400154324343, 1.883996984524802354 ) ) ;
#386 = CARTESIAN_POINT ( 'NONE',  ( 4.959372781785823747, 20.68509720463115187, 0.6567910564261113526 ) ) ;
#387 = CARTESIAN_POINT ( 'NONE',  ( 0.000000000000000000, 0.000000000000000000, 100.0000000000000000 ) ) ;
#388 = ORIENTED_EDGE ( 'NONE', *, *, #472, .T. ) ;
#389 = EDGE_CURVE ( 'NONE', #1593, #1925, #1528, .T. ) ;
#390 = DIRECTION ( 'NONE',  ( 0.000000000000000000, -0.000000000000000000, 1.000000000000000000 ) ) ;
#391 = CARTESIAN_POINT ( 'NONE',  ( -6.451166429396138824, 20.63808746782147452, -0.8100806735880320408 ) ) ;
#392 = ORIENTED_EDGE ( 'NONE', *, *, #1671, .F. ) ;
#393 = DIRECTION ( 'NONE',  ( 0.000000000000000000, -1.000000000000000000, 0.000000000000000000 ) ) ;
#394 = CARTESIAN_POINT ( 'NONE',  ( -6.100215293826999563, 29.37833930789620851, -2.245405809929038821 ) ) ;
#395 = CARTESIAN_POINT ( 'NONE',  ( 4.898587196589412829E-16, 1.899999999999999911, -4.000000000000000000 ) ) ;
#396 = EDGE_CURVE ( 'NONE', #915, #2350, #919, .T. ) ;
#397 = DIRECTION ( 'NONE',  ( -4.378252409844693461E-16, -1.000000000000000000, 0.000000000000000000 ) ) ;
#398 = SHAPE_REPRESENTATION_RELATIONSHIP ( 'NONE' , 'NONE' ,  #2215, #991 ) ;
#399 = DIRECTION ( 'NONE',  ( -1.000000000000000000, 0.000000000000000000, 0.000000000000000000 ) ) ;
#400 = CARTESIAN_POINT ( 'NONE',  ( 0.000000000000000000, 38.00000000000000000, -5.000000000000000000 ) ) ;
#401 = DIRECTION ( 'NONE',  ( -0.000000000000000000, -1.000000000000000000, -0.000000000000000000 ) ) ;
#402 = CARTESIAN_POINT ( 'NONE',  ( 6.123233995736766282E-16, 38.00000000000000000, 5.000000000000000000 ) ) ;
#403 = EDGE_CURVE ( 'NONE', #460, #1524, #548, .T. ) ;
#404 = ADVANCED_FACE ( 'NONE', ( #993 ), #1575, .F. ) ;
#405 = DIRECTION ( 'NONE',  ( 0.000000000000000000, 0.000000000000000000, 1.000000000000000000 ) ) ;
#406 = CARTESIAN_POINT ( 'NONE',  ( -4.330127018922193649, 28.26720685167784097, 2.500000000000000000 ) ) ;
#407 =( GEOMETRIC_REPRESENTATION_CONTEXT ( 3 ) GLOBAL_UNCERTAINTY_ASSIGNED_CONTEXT ( ( #2471 ) ) GLOBAL_UNIT_ASSIGNED_CONTEXT ( ( #524, #2273, #2364 ) ) REPRESENTATION_CONTEXT ( 'NONE', 'WORKASPACE' ) );
#408 = DIRECTION ( 'NONE',  ( 1.000000000000000000, 1.138345626559620260E-15, 0.000000000000000000 ) ) ;
#409 = FACE_BOUND ( 'NONE', #2095, .T. ) ;
#410 = CARTESIAN_POINT ( 'NONE',  ( -4.762313673585925500, 20.25122034875763433, 1.529726407072485639 ) ) ;
#411 = AXIS2_PLACEMENT_3D ( 'NONE', #800, #1210, #1611 ) ;
#412 = FACE_OUTER_BOUND ( 'NONE', #2309, .T. ) ;
#413 = CARTESIAN_POINT ( 'NONE',  ( 6.000000000000000888, 18.26720685167784097, 2.500000000000000000 ) ) ;
#414 = CARTESIAN_POINT ( 'NONE',  ( -6.100215293826999563, 19.37833930789620496, -2.245405809929038821 ) ) ;
#415 = ORIENTED_EDGE ( 'NONE', *, *, #288, .F. ) ;
#416 = STYLED_ITEM ( 'NONE', ( #2143 ), #253 ) ;
#417 = CARTESIAN_POINT ( 'NONE',  ( 6.468965451176140746, 20.68555927177644449, 0.6550346899235481857 ) ) ;
#418 = AXIS2_PLACEMENT_3D ( 'NONE', #737, #1905, #29 ) ;
#419 = ORIENTED_EDGE ( 'NONE', *, *, #2245, .F. ) ;
#420 = PRODUCT_DEFINITION_CONTEXT ( 'detailed design', #515, 'design' ) ;
#421 = CARTESIAN_POINT ( 'NONE',  ( -4.376650834816704361, 18.92400224343303705, -2.417922665408307470 ) ) ;
#422 = EDGE_CURVE ( 'NONE', #455, #2296, #1914, .T. ) ;
#423 = CARTESIAN_POINT ( 'NONE',  ( 4.633419741925094648, 29.91940784647988494, 1.883161293889717980 ) ) ;
#424 = CARTESIAN_POINT ( 'NONE',  ( 0.000000000000000000, 5.000000000000000000, 0.000000000000000000 ) ) ;
#425 = CARTESIAN_POINT ( 'NONE',  ( 7.960204194457796463E-16, 30.69942164390194250, 6.500000000000000888 ) ) ;
#426 = CARTESIAN_POINT ( 'NONE',  ( 0.000000000000000000, 38.00000000000000000, 0.000000000000000000 ) ) ;
#427 = LINE ( 'NONE', #843, #662 ) ;
#428 = CARTESIAN_POINT ( 'NONE',  ( 6.493571736313473508, 15.78378770444211554, -0.3310989435730334884 ) ) ;
#429 = CARTESIAN_POINT ( 'NONE',  ( -6.128820011709934512, 19.52407701897493197, -2.167182248526910548 ) ) ;
#430 = VERTEX_POINT ( 'NONE', #2585 ) ;
#431 = ORIENTED_EDGE ( 'NONE', *, *, #2570, .F. ) ;
#432 = CARTESIAN_POINT ( 'NONE',  ( 0.000000000000000000, 1.399999999999999911, 0.000000000000000000 ) ) ;
#433 = EDGE_LOOP ( 'NONE', ( #279, #873, #1613, #522 ) ) ;
#434 = CARTESIAN_POINT ( 'NONE',  ( 0.2000000000000000944, 3.000000000000000000, 5.996665740225981089 ) ) ;
#435 = ADVANCED_FACE ( 'NONE', ( #2606, #954, #2411 ), #2595, .T. ) ;
#436 = LINE ( 'NONE', #464, #1492 ) ;
#437 = ADVANCED_FACE ( 'NONE', ( #1373 ), #569, .F. ) ;
#438 = CARTESIAN_POINT ( 'NONE',  ( 6.123233995736766282E-16, 30.69942164390194250, 5.000000000000000000 ) ) ;
#439 = CARTESIAN_POINT ( 'NONE',  ( 4.762313673585925500, 16.28319335459804051, 1.529726407072485639 ) ) ;
#440 = CARTESIAN_POINT ( 'NONE',  ( 7.347880794884120722E-16, 0.000000000000000000, 6.000000000000000888 ) ) ;
#441 = CARTESIAN_POINT ( 'NONE',  ( 6.000000000000000888, 18.26720685167784097, -2.500000000000000000 ) ) ;
#442 = CARTESIAN_POINT ( 'NONE',  ( -6.319416078669120473, 20.25273251488157555, -1.527738534646996937 ) ) ;
#443 = VERTEX_POINT ( 'NONE', #1346 ) ;
#444 = CARTESIAN_POINT ( 'NONE',  ( 6.052739674933956593, 19.07831468417623455, -2.370417720669137474 ) ) ;
#445 = EDGE_CURVE ( 'NONE', #381, #1409, #1953, .T. ) ;
#446 = ORIENTED_EDGE ( 'NONE', *, *, #1062, .T. ) ;
#447 = CARTESIAN_POINT ( 'NONE',  ( -4.719648525152561724, 30.14765974244601665, 1.655170403702112658 ) ) ;
#448 = FACE_OUTER_BOUND ( 'NONE', #2285, .T. ) ;
#449 = CARTESIAN_POINT ( 'NONE',  ( 0.000000000000000000, 0.000000000000000000, 0.000000000000000000 ) ) ;
#450 = AXIS2_PLACEMENT_3D ( 'NONE', #607, #399, #618 ) ;
#451 = CARTESIAN_POINT ( 'NONE',  ( 5.000000000000000000, 6.123233995736766282E-16, 100.0000000000000000 ) ) ;
#452 = CIRCLE ( 'NONE', #616, 5.000000000000000000 ) ;
#453 = EDGE_CURVE ( 'NONE', #570, #682, #2035, .T. ) ;
#454 = VERTEX_POINT ( 'NONE', #736 ) ;
#455 = VERTEX_POINT ( 'NONE', #378 ) ;
#456 = ORIENTED_EDGE ( 'NONE', *, *, #1849, .T. ) ;
#457 = AXIS2_PLACEMENT_3D ( 'NONE', #2051, #1626, #2437 ) ;
#458 = AXIS2_PLACEMENT_3D ( 'NONE', #1842, #3, #832 ) ;
#459 = CARTESIAN_POINT ( 'NONE',  ( 6.378232005701658380, 20.43266841169816672, 1.259885177511070209 ) ) ;
#460 = VERTEX_POINT ( 'NONE', #1561 ) ;
#461 = CIRCLE ( 'NONE', #1324, 6.500000000000000888 ) ;
#462 = CARTESIAN_POINT ( 'NONE',  ( 0.000000000000000000, 5.000000000000000000, 0.000000000000000000 ) ) ;
#463 = AXIS2_PLACEMENT_3D ( 'NONE', #1392, #119, #2573 ) ;
#464 = CARTESIAN_POINT ( 'NONE',  ( 0.2000000000000000944, 1.899999999999999911, 5.996665740225981089 ) ) ;
#465 = DIRECTION ( 'NONE',  ( -4.378252409844693461E-16, 1.000000000000000000, 0.000000000000000000 ) ) ;
#466 = DIRECTION ( 'NONE',  ( 0.000000000000000000, 1.000000000000000000, 0.000000000000000000 ) ) ;
#467 = DIRECTION ( 'NONE',  ( 0.000000000000000000, 0.000000000000000000, 1.000000000000000000 ) ) ;
#468 = CARTESIAN_POINT ( 'NONE',  ( 0.000000000000000000, 0.000000000000000000, -10.00000000000000178 ) ) ;
#469 = CARTESIAN_POINT ( 'NONE',  ( 6.469105103403812507, 15.84848454328997569, -0.6532836797281154073 ) ) ;
#470 = VERTEX_POINT ( 'NONE', #2178 ) ;
#471 = CARTESIAN_POINT ( 'NONE',  ( 0.000000000000000000, 1.600000000000000089, 0.000000000000000000 ) ) ;
#472 = EDGE_CURVE ( 'NONE', #1741, #570, #2365, .T. ) ;
#473 = ORIENTED_EDGE ( 'NONE', *, *, #121, .T. ) ;
#474 = ADVANCED_FACE ( 'NONE', ( #2167 ), #341, .F. ) ;
#475 = ORIENTED_EDGE ( 'NONE', *, *, #1983, .T. ) ;
#476 = DIRECTION ( 'NONE',  ( -0.000000000000000000, -1.000000000000000000, -0.000000000000000000 ) ) ;
#477 = CARTESIAN_POINT ( 'NONE',  ( -4.762877636213731947, 16.27227280088831662, 1.540940127687487449 ) ) ;
#478 = PLANE ( 'NONE',  #631 ) ;
#479 = CARTESIAN_POINT ( 'NONE',  ( 5.738933065634839181, -0.08620569309447656536, 1034.775296602546860 ) ) ;
#480 = DIRECTION ( 'NONE',  ( -0.000000000000000000, -0.000000000000000000, 1.000000000000000000 ) ) ;
#481 = DIRECTION ( 'NONE',  ( -0.000000000000000000, -1.000000000000000000, -0.000000000000000000 ) ) ;
#482 = ORIENTED_EDGE ( 'NONE', *, *, #2374, .T. ) ;
#483 = DIRECTION ( 'NONE',  ( 0.000000000000000000, 0.000000000000000000, 1.000000000000000000 ) ) ;
#484 = ORIENTED_EDGE ( 'NONE', *, *, #1197, .T. ) ;
#485 = ORIENTED_EDGE ( 'NONE', *, *, #713, .F. ) ;
#486 = CARTESIAN_POINT ( 'NONE',  ( -4.959302298474799642, 20.68495171378755515, -0.6571129950766878558 ) ) ;
#487 = ADVANCED_FACE ( 'NONE', ( #1184 ), #1174, .T. ) ;
#488 = DIRECTION ( 'NONE',  ( 0.000000000000000000, 1.000000000000000000, 0.000000000000000000 ) ) ;
#489 = CARTESIAN_POINT ( 'NONE',  ( -6.319744118019195334, 26.28064823949955908, -1.526358900109805239 ) ) ;
#490 = CARTESIAN_POINT ( 'NONE',  ( -3.031088913245532090, 30.69942164390194250, -25.75000000000000000 ) ) ;
#491 = FACE_BOUND ( 'NONE', #120, .T. ) ;
#492 = VERTEX_POINT ( 'NONE', #966 ) ;
#493 = FACE_BOUND ( 'NONE', #361, .T. ) ;
#494 = ORIENTED_EDGE ( 'NONE', *, *, #706, .F. ) ;
#495 = VERTEX_POINT ( 'NONE', #1211 ) ;
#496 = STYLED_ITEM ( 'NONE', ( #614 ), #2012 ) ;
#497 = CARTESIAN_POINT ( 'NONE',  ( -5.000000000000000000, 0.000000000000000000, 0.000000000000000000 ) ) ;
#498 = CIRCLE ( 'NONE', #2369, 11.50000000000000000 ) ;
#499 = VECTOR ( 'NONE', #480, 1000.000000000000000 ) ;
#500 = EDGE_CURVE ( 'NONE', #2214, #696, #1786, .T. ) ;
#501 = FACE_OUTER_BOUND ( 'NONE', #863, .T. ) ;
#502 = CARTESIAN_POINT ( 'NONE',  ( -6.222115960442097027, 26.61588970181244207, 1.883996984524802354 ) ) ;
#503 = PRODUCT_CONTEXT ( 'NONE', #177, 'mechanical' ) ;
#504 = CARTESIAN_POINT ( 'NONE',  ( 6.000000000000000888, 28.26720685167784097, -2.500000000000000000 ) ) ;
#505 = DIRECTION ( 'NONE',  ( 0.000000000000000000, -0.000000000000000000, -1.000000000000000000 ) ) ;
#506 = DIRECTION ( 'NONE',  ( 0.000000000000000000, 1.000000000000000000, 0.000000000000000000 ) ) ;
#507 = VERTEX_POINT ( 'NONE', #402 ) ;
#508 = VERTEX_POINT ( 'NONE', #2024 ) ;
#509 = ORIENTED_EDGE ( 'NONE', *, *, #500, .T. ) ;
#510 = CARTESIAN_POINT ( 'NONE',  ( -0.1999999999999999556, 1.899999999999999911, 5.996665740225981089 ) ) ;
#511 = DIRECTION ( 'NONE',  ( 0.000000000000000000, -1.000000000000000000, 0.000000000000000000 ) ) ;
#512 = ORIENTED_EDGE ( 'NONE', *, *, #1148, .T. ) ;
#513 = EDGE_CURVE ( 'NONE', #256, #740, #895, .T. ) ;
#514 = CARTESIAN_POINT ( 'NONE',  ( -5.000054244072537735, 20.76731533984038336, -0.1649669718320518896 ) ) ;
#515 = APPLICATION_CONTEXT ( 'automotive_design' ) ;
#516 = CARTESIAN_POINT ( 'NONE',  ( -4.469748568217468687, 17.14889894510149659, -2.241984081882585134 ) ) ;
#517 = CARTESIAN_POINT ( 'NONE',  ( -6.100566046918083352, 27.15403820487252773, -2.244466896653220189 ) ) ;
#518 =( NAMED_UNIT ( * ) PLANE_ANGLE_UNIT ( ) SI_UNIT ( $, .RADIAN. ) );
#519 = EDGE_CURVE ( 'NONE', #2604, #544, #2619, .T. ) ;
#520 = CARTESIAN_POINT ( 'NONE',  ( 6.468965451176140746, 30.68555927177644449, 0.6550346899235481857 ) ) ;
#521 = CARTESIAN_POINT ( 'NONE',  ( 4.719932550351285450, 20.14837999254898548, -1.654377389002481769 ) ) ;
#522 = ORIENTED_EDGE ( 'NONE', *, *, #1503, .F. ) ;
#523 = ORIENTED_EDGE ( 'NONE', *, *, #302, .T. ) ;
#524 =( LENGTH_UNIT ( ) NAMED_UNIT ( * ) SI_UNIT ( .MILLI., .METRE. ) );
#525 = CYLINDRICAL_SURFACE ( 'NONE', #2582, 5.000000000000000000 ) ;
#526 = CARTESIAN_POINT ( 'NONE',  ( -4.590168519245517054, 19.80472426212651982, -1.997259725282876985 ) ) ;
#527 = EDGE_LOOP ( 'NONE', ( #244, #904, #861, #1723 ) ) ;
#528 = CARTESIAN_POINT ( 'NONE',  ( -6.006975437511434812, 17.93674232499726173, 2.483433553213049816 ) ) ;
#529 = CARTESIAN_POINT ( 'NONE',  ( -0.1999999999999994282, 3.000000000000000000, 9.997999799959991662 ) ) ;
#530 = CARTESIAN_POINT ( 'NONE',  ( 31.50000000000000000, 18.26720685167784097, 0.000000000000000000 ) ) ;
#531 = DIRECTION ( 'NONE',  ( 0.000000000000000000, -1.000000000000000000, 0.000000000000000000 ) ) ;
#532 = ORIENTED_EDGE ( 'NONE', *, *, #500, .F. ) ;
#533 = ORIENTED_EDGE ( 'NONE', *, *, #88, .F. ) ;
#534 = EDGE_CURVE ( 'NONE', #1514, #1524, #154, .T. ) ;
#535 = CARTESIAN_POINT ( 'NONE',  ( -4.762313673585925500, 30.25122034875763433, 1.529726407072485639 ) ) ;
#536 = AXIS2_PLACEMENT_3D ( 'NONE', #1845, #1425, #1215 ) ;
#537 = CIRCLE ( 'NONE', #1856, 6.500000000000000888 ) ;
#538 = AXIS2_PLACEMENT_3D ( 'NONE', #565, #1404, #759 ) ;
#539 = CARTESIAN_POINT ( 'NONE',  ( -6.378682028844541385, 16.10045032924947961, -1.257518502479509248 ) ) ;
#540 = VECTOR ( 'NONE', #56, 1000.000000000000000 ) ;
#541 = AXIS2_PLACEMENT_3D ( 'NONE', #1964, #1397, #1188 ) ;
#542 = DIRECTION ( 'NONE',  ( -1.000000000000000000, 0.000000000000000000, 0.000000000000000000 ) ) ;
#543 = DIRECTION ( 'NONE',  ( 0.000000000000000000, 0.000000000000000000, -1.000000000000000000 ) ) ;
#544 = VERTEX_POINT ( 'NONE', #1652 ) ;
#545 = AXIS2_PLACEMENT_3D ( 'NONE', #1848, #813, #9 ) ;
#546 = DIRECTION ( 'NONE',  ( -0.000000000000000000, -1.000000000000000000, -0.000000000000000000 ) ) ;
#547 = EDGE_CURVE ( 'NONE', #1263, #695, #1201, .T. ) ;
#548 = LINE ( 'NONE', #2388, #935 ) ;
#549 = EDGE_CURVE ( 'NONE', #2524, #21, #802, .T. ) ;
#550 = ORIENTED_EDGE ( 'NONE', *, *, #472, .F. ) ;
#551 = CARTESIAN_POINT ( 'NONE',  ( -6.052716518374280597, 29.07798792941826349, -2.370463378857187831 ) ) ;
#552 = CARTESIAN_POINT ( 'NONE',  ( 4.935159161809011152, 30.63551424389158484, -0.8170517872895560751 ) ) ;
#553 = CARTESIAN_POINT ( 'NONE',  ( 6.469105103403812507, 25.84848454328997747, -0.6532836797281154073 ) ) ;
#554 = CARTESIAN_POINT ( 'NONE',  ( 6.128459711209456096, 29.52227039519242879, 2.168176157414001715 ) ) ;
#555 = DIRECTION ( 'NONE',  ( 0.000000000000000000, 1.000000000000000000, 0.000000000000000000 ) ) ;
#556 = ORIENTED_EDGE ( 'NONE', *, *, #2567, .T. ) ;
#557 = DIRECTION ( 'NONE',  ( -0.000000000000000000, 1.000000000000000000, -0.000000000000000000 ) ) ;
#558 = CARTESIAN_POINT ( 'NONE',  ( 0.000000000000000000, 1.100000000000000089, 0.000000000000000000 ) ) ;
#559 = APPLICATION_CONTEXT ( 'automotive_design' ) ;
#560 = CARTESIAN_POINT ( 'NONE',  ( -6.033439356808227849, 28.92189837056713131, -2.418439754503177497 ) ) ;
#561 = EDGE_CURVE ( 'NONE', #805, #1087, #973, .T. ) ;
#562 = CARTESIAN_POINT ( 'NONE',  ( -6.033455228702869100, 17.61248270394791859, -2.418399233873708809 ) ) ;
#563 = CARTESIAN_POINT ( 'NONE',  ( 4.403930949479827106, 27.45100797702548334, 2.368638637499261179 ) ) ;
#564 = CARTESIAN_POINT ( 'NONE',  ( -4.340019812108418584, 27.93307776070203374, -2.483070994658638231 ) ) ;
#565 = CARTESIAN_POINT ( 'NONE',  ( 0.000000000000000000, 30.69942164390194250, 0.000000000000000000 ) ) ;
#566 = VERTEX_POINT ( 'NONE', #395 ) ;
#567 =( GEOMETRIC_REPRESENTATION_CONTEXT ( 3 ) GLOBAL_UNCERTAINTY_ASSIGNED_CONTEXT ( ( #908 ) ) GLOBAL_UNIT_ASSIGNED_CONTEXT ( ( #1944, #518, #1481 ) ) REPRESENTATION_CONTEXT ( 'NONE', 'WORKASPACE' ) );
#568 = CARTESIAN_POINT ( 'NONE',  ( 0.000000000000000000, 5.000000000000000888, -5.000000000000000000 ) ) ;
#569 = CYLINDRICAL_SURFACE ( 'NONE', #72, 2.500000000000000000 ) ;
#570 = VERTEX_POINT ( 'NONE', #1178 ) ;
#571 = CARTESIAN_POINT ( 'NONE',  ( -6.378507384367241073, 30.43345915377154043, -1.258430829708066412 ) ) ;
#572 = CIRCLE ( 'NONE', #1769, 5.000000000000000000 ) ;
#573 = FACE_OUTER_BOUND ( 'NONE', #527, .T. ) ;
#574 = CARTESIAN_POINT ( 'NONE',  ( 4.935357116109528874, 25.89846935576677822, -0.8162077602172094215 ) ) ;
#575 = EDGE_CURVE ( 'NONE', #1335, #1637, #2460, .T. ) ;
#576 = AXIS2_PLACEMENT_3D ( 'NONE', #1305, #1100, #2361 ) ;
#577 = EDGE_CURVE ( 'NONE', #1706, #1991, #2383, .T. ) ;
#578 = CARTESIAN_POINT ( 'NONE',  ( 0.000000000000000000, 20.78766299294139586, 0.000000000000000000 ) ) ;
#579 = AXIS2_PLACEMENT_3D ( 'NONE', #2385, #555, #2372 ) ;
#580 = CARTESIAN_POINT ( 'NONE',  ( 4.762877636213731947, 20.26214090246736887, 1.540940127687487449 ) ) ;
#581 = VECTOR ( 'NONE', #1370, 1000.000000000000000 ) ;
#582 = ORIENTED_EDGE ( 'NONE', *, *, #1027, .T. ) ;
#583 = LINE ( 'NONE', #2397, #1642 ) ;
#584 = CARTESIAN_POINT ( 'NONE',  ( -6.222791397412045455, 19.92102517691321140, 1.881737257087934712 ) ) ;
#585 = AXIS2_PLACEMENT_3D ( 'NONE', #1752, #2190, #363 ) ;
#586 = ORIENTED_EDGE ( 'NONE', *, *, #1547, .T. ) ;
#587 = CYLINDRICAL_SURFACE ( 'NONE', #2128, 2.500000000000000000 ) ;
#588 = CARTESIAN_POINT ( 'NONE',  ( -6.319553649002459750, 30.26337503881444846, 1.539322318116774557 ) ) ;
#589 = ADVANCED_FACE ( 'NONE', ( #357 ), #2210, .F. ) ;
#590 = CYLINDRICAL_SURFACE ( 'NONE', #2114, 4.000000000000000000 ) ;
#591 = CARTESIAN_POINT ( 'NONE',  ( 0.1999999999999995393, 3.000000000000000000, 1.481219931849748095 ) ) ;
#592 = DIRECTION ( 'NONE',  ( 0.000000000000000000, -0.000000000000000000, 1.000000000000000000 ) ) ;
#593 = EDGE_CURVE ( 'NONE', #1961, #256, #2589, .T. ) ;
#594 = CARTESIAN_POINT ( 'NONE',  ( 0.000000000000000000, 25.74675071041428964, 0.000000000000000000 ) ) ;
#595 = CARTESIAN_POINT ( 'NONE',  ( -4.330127018922193649, 18.26720685167784097, 2.500000000000000000 ) ) ;
#596 = CARTESIAN_POINT ( 'NONE',  ( 4.898587196589412829E-16, 1.600000000000000089, -4.000000000000000000 ) ) ;
#597 = EDGE_CURVE ( 'NONE', #2604, #1720, #1424, .T. ) ;
#598 = FACE_BOUND ( 'NONE', #94, .T. ) ;
#599 = CARTESIAN_POINT ( 'NONE',  ( 6.128784630652579501, 27.01048237335610125, 2.167291030472234148 ) ) ;
#600 = ORIENTED_EDGE ( 'NONE', *, *, #2194, .T. ) ;
#601 = LINE ( 'NONE', #804, #757 ) ;
#602 = CARTESIAN_POINT ( 'NONE',  ( 6.451243759198282746, 20.63828308655434896, -0.8092425489389597493 ) ) ;
#603 = DIRECTION ( 'NONE',  ( 0.000000000000000000, 0.000000000000000000, 1.000000000000000000 ) ) ;
#604 = CARTESIAN_POINT ( 'NONE',  ( 5.000054244072537735, 25.76709836351529859, -0.1649669718320518896 ) ) ;
#605 = CARTESIAN_POINT ( 'NONE',  ( -4.377283372729115385, 27.60654306692986637, 2.416778840058041666 ) ) ;
#606 = CARTESIAN_POINT ( 'NONE',  ( 31.50000000000000000, 15.83499205945373944, 0.000000000000000000 ) ) ;
#607 = CARTESIAN_POINT ( 'NONE',  ( 31.50000000000000000, 28.26720685167784097, 0.000000000000000000 ) ) ;
#608 = DIRECTION ( 'NONE',  ( 0.000000000000000000, 0.000000000000000000, 1.000000000000000000 ) ) ;
#609 = DIRECTION ( 'NONE',  ( -1.229654032767024818E-16, 0.000000000000000000, -1.000000000000000000 ) ) ;
#610 = PLANE ( 'NONE',  #668 ) ;
#611 = CARTESIAN_POINT ( 'NONE',  ( -6.000000000000000888, 18.26720685167784097, -2.500000000000000000 ) ) ;
#612 = EDGE_CURVE ( 'NONE', #207, #250, #1544, .T. ) ;
#613 = CARTESIAN_POINT ( 'NONE',  ( 6.378682028844541385, 20.43396337410619878, -1.257518502479509248 ) ) ;
#614 = PRESENTATION_STYLE_ASSIGNMENT (( #2443 ) ) ;
#615 = LINE ( 'NONE', #2474, #379 ) ;
#616 = AXIS2_PLACEMENT_3D ( 'NONE', #2416, #1617, #2260 ) ;
#617 = DIRECTION ( 'NONE',  ( 0.000000000000000000, -1.000000000000000000, 0.000000000000000000 ) ) ;
#618 = DIRECTION ( 'NONE',  ( 0.000000000000000000, 0.000000000000000000, 1.000000000000000000 ) ) ;
#619 = AXIS2_PLACEMENT_3D ( 'NONE', #1202, #2008, #2618 ) ;
#620 = CIRCLE ( 'NONE', #579, 5.000000000000000000 ) ;
#621 = DIRECTION ( 'NONE',  ( 0.000000000000000000, 1.000000000000000000, 0.000000000000000000 ) ) ;
#622 = DIRECTION ( 'NONE',  ( 0.000000000000000000, -0.000000000000000000, 1.000000000000000000 ) ) ;
#623 = CARTESIAN_POINT ( 'NONE',  ( 6.493666087877270066, 25.78354004432320679, 0.3295901886515054113 ) ) ;
#624 = ORIENTED_EDGE ( 'NONE', *, *, #1296, .T. ) ;
#625 = ORIENTED_EDGE ( 'NONE', *, *, #2531, .T. ) ;
#626 = PRESENTATION_LAYER_ASSIGNMENT (  '', '', ( #416 ) ) ;
#627 = PLANE ( 'NONE',  #1870 ) ;
#628 = VECTOR ( 'NONE', #767, 1000.000000000000000 ) ;
#629 = ADVANCED_FACE ( 'NONE', ( #2075, #2303 ), #1645, .F. ) ;
#630 = LINE ( 'NONE', #2258, #111 ) ;
#631 = AXIS2_PLACEMENT_3D ( 'NONE', #124, #315, #910 ) ;
#632 = ORIENTED_EDGE ( 'NONE', *, *, #2403, .F. ) ;
#633 = CARTESIAN_POINT ( 'NONE',  ( 4.403973454935982801, 29.08355466793411992, 2.368552308673254281 ) ) ;
#634 = CARTESIAN_POINT ( 'NONE',  ( 7.960204194457796463E-16, 38.00000000000000000, 6.500000000000000888 ) ) ;
#635 = CARTESIAN_POINT ( 'NONE',  ( 3.031088913245546301, 15.83499205945373944, 3.976493430146708530 ) ) ;
#636 = CARTESIAN_POINT ( 'NONE',  ( 4.719648525152561724, 16.38675396090965819, 1.655170403702112658 ) ) ;
#637 = CARTESIAN_POINT ( 'NONE',  ( 0.000000000000000000, 15.83499205945373944, 0.000000000000000000 ) ) ;
#638 = LINE ( 'NONE', #1454, #183 ) ;
#639 = DIRECTION ( 'NONE',  ( 0.000000000000000000, 0.000000000000000000, 1.000000000000000000 ) ) ;
#640 = CARTESIAN_POINT ( 'NONE',  ( -6.493571736313473508, 20.75062599891356641, -0.3310989435730334884 ) ) ;
#641 = ORIENTED_EDGE ( 'NONE', *, *, #2212, .F. ) ;
#642 = DIRECTION ( 'NONE',  ( -1.000000000000000000, 0.000000000000000000, 0.000000000000000000 ) ) ;
#643 = DIRECTION ( 'NONE',  ( 0.000000000000000000, 1.000000000000000000, 0.000000000000000000 ) ) ;
#644 = VERTEX_POINT ( 'NONE', #634 ) ;
#645 = LINE ( 'NONE', #2537, #931 ) ;
#646 = CARTESIAN_POINT ( 'NONE',  ( -4.991586976496187766, 30.75050167078692098, 0.3326145978218676413 ) ) ;
#647 = CARTESIAN_POINT ( 'NONE',  ( 0.000000000000000000, 1.100000000000000089, -4.000000000000000000 ) ) ;
#648 = LINE ( 'NONE', #1252, #2158 ) ;
#649 = CARTESIAN_POINT ( 'NONE',  ( 4.591125250978718597, 16.72690994397820674, 1.995057391377563771 ) ) ;
#650 = DIRECTION ( 'NONE',  ( 0.000000000000000000, 1.000000000000000000, 0.000000000000000000 ) ) ;
#651 = CARTESIAN_POINT ( 'NONE',  ( 0.000000000000000000, 30.69942164390194250, 0.000000000000000000 ) ) ;
#652 = CARTESIAN_POINT ( 'NONE',  ( 6.450808789952836797, 15.89732160222177804, 0.8124862791193718792 ) ) ;
#653 = ORIENTED_EDGE ( 'NONE', *, *, #2135, .F. ) ;
#654 = EDGE_LOOP ( 'NONE', ( #2107, #624, #1278, #653 ) ) ;
#655 = ORIENTED_EDGE ( 'NONE', *, *, #575, .F. ) ;
#656 = DIRECTION ( 'NONE',  ( 0.000000000000000000, 1.000000000000000000, 0.000000000000000000 ) ) ;
#657 = ORIENTED_EDGE ( 'NONE', *, *, #577, .F. ) ;
#658 = CARTESIAN_POINT ( 'NONE',  ( -4.959321840537674220, 30.68499214667853892, 0.6570387329348055250 ) ) ;
#659 = DIRECTION ( 'NONE',  ( 0.000000000000000000, 0.000000000000000000, 1.000000000000000000 ) ) ;
#660 = LINE ( 'NONE', #2325, #1222 ) ;
#661 = EDGE_CURVE ( 'NONE', #1513, #1991, #436, .T. ) ;
#662 = VECTOR ( 'NONE', #609, 1000.000000000000000 ) ;
#663 = CARTESIAN_POINT ( 'NONE',  ( 6.000000000000000888, 28.43152869856686138, -2.499999999999999556 ) ) ;
#664 = AXIS2_PLACEMENT_3D ( 'NONE', #896, #1699, #1902 ) ;
#665 = CARTESIAN_POINT ( 'NONE',  ( 6.493666087877270066, 15.78354004432319257, 0.3295901886515054113 ) ) ;
#666 = ORIENTED_EDGE ( 'NONE', *, *, #304, .T. ) ;
#667 = EDGE_LOOP ( 'NONE', ( #2110, #1343, #1765, #952, #77, #707 ) ) ;
#668 = AXIS2_PLACEMENT_3D ( 'NONE', #858, #2065, #622 ) ;
#669 = VECTOR ( 'NONE', #1418, 1000.000000000000000 ) ;
#670 = DIRECTION ( 'NONE',  ( -0.000000000000000000, -1.000000000000000000, -0.000000000000000000 ) ) ;
#671 = ORIENTED_EDGE ( 'NONE', *, *, #302, .F. ) ;
#672 = AXIS2_PLACEMENT_3D ( 'NONE', #694, #1677, #1511 ) ;
#673 = VECTOR ( 'NONE', #246, 1000.000000000000000 ) ;
#674 = CARTESIAN_POINT ( 'NONE',  ( -4.959372781785823747, 15.84931649872452297, 0.6567910564261113526 ) ) ;
#675 = CARTESIAN_POINT ( 'NONE',  ( 4.959302298474799642, 15.84946198956811791, -0.6571129950766878558 ) ) ;
#676 = CYLINDRICAL_SURFACE ( 'NONE', #1440, 10.00000000000000000 ) ;
#677 = EDGE_CURVE ( 'NONE', #740, #256, #974, .T. ) ;
#678 = CARTESIAN_POINT ( 'NONE',  ( 31.50000000000000000, 18.26720685167784097, 2.500000000000000000 ) ) ;
#679 = CARTESIAN_POINT ( 'NONE',  ( 3.031088913245540528, 20.78766299294139586, -25.75000000000000000 ) ) ;
#680 = ORIENTED_EDGE ( 'NONE', *, *, #1296, .F. ) ;
#681 = ORIENTED_EDGE ( 'NONE', *, *, #1975, .T. ) ;
#682 = VERTEX_POINT ( 'NONE', #1050 ) ;
#683 = EDGE_CURVE ( 'NONE', #2321, #508, #2046, .T. ) ;
#684 =( LENGTH_UNIT ( ) NAMED_UNIT ( * ) SI_UNIT ( .MILLI., .METRE. ) );
#685 = VERTEX_POINT ( 'NONE', #2444 ) ;
#686 = PRODUCT_DEFINITION_CONTEXT ( 'detailed design', #312, 'design' ) ;
#687 = CARTESIAN_POINT ( 'NONE',  ( -4.875837045203248898, 20.50927855142596101, 1.117881195337294686 ) ) ;
#688 = DIRECTION ( 'NONE',  ( 0.000000000000000000, 1.000000000000000000, 0.000000000000000000 ) ) ;
#689 = CARTESIAN_POINT ( 'NONE',  ( -6.378682028844541385, 26.10045032924948316, -1.257518502479509248 ) ) ;
#690 = DIRECTION ( 'NONE',  ( -0.2203384125478404509, -1.874643546007527360E-16, -0.9754234895448735676 ) ) ;
#691 = DIRECTION ( 'NONE',  ( 0.000000000000000000, 0.000000000000000000, 1.000000000000000000 ) ) ;
#692 = PLANE ( 'NONE',  #1809 ) ;
#693 = EDGE_LOOP ( 'NONE', ( #641, #2056, #2203, #2534, #1411, #1048 ) ) ;
#694 = CARTESIAN_POINT ( 'NONE',  ( 0.000000000000000000, 20.78766299294139586, 0.000000000000000000 ) ) ;
#695 = VERTEX_POINT ( 'NONE', #227 ) ;
#696 = VERTEX_POINT ( 'NONE', #259 ) ;
#697 = ADVANCED_FACE ( 'NONE', ( #2102 ), #867, .T. ) ;
#698 = EDGE_LOOP ( 'NONE', ( #1159, #1322, #1298, #749 ) ) ;
#699 = PRODUCT_DEFINITION_FORMATION_WITH_SPECIFIED_SOURCE ( 'ANY', '', #1938, .NOT_KNOWN. ) ;
#700 = DIRECTION ( 'NONE',  ( 0.000000000000000000, 0.000000000000000000, 1.000000000000000000 ) ) ;
#701 = CARTESIAN_POINT ( 'NONE',  ( -6.499964095798016928, 25.76730020261562260, 0.1661906060500811522 ) ) ;
#702 = ITEM_DEFINED_TRANSFORMATION ( 'NONE', 'NONE', #721,  #239 ) ;
#703 = CARTESIAN_POINT ( 'NONE',  ( 0.2000000000000000944, 1.899999999999999689, 5.996665740225981089 ) ) ;
#704 = CARTESIAN_POINT ( 'NONE',  ( 0.000000000000000000, 1.899999999999999911, 0.000000000000000000 ) ) ;
#705 = ORIENTED_EDGE ( 'NONE', *, *, #519, .F. ) ;
#706 = EDGE_CURVE ( 'NONE', #2467, #251, #849, .T. ) ;
#707 = ORIENTED_EDGE ( 'NONE', *, *, #226, .F. ) ;
#708 = ORIENTED_EDGE ( 'NONE', *, *, #354, .T. ) ;
#709 = VECTOR ( 'NONE', #2516, 1000.000000000000000 ) ;
#710 =( NAMED_UNIT ( * ) PLANE_ANGLE_UNIT ( ) SI_UNIT ( $, .RADIAN. ) );
#711 = ORIENTED_EDGE ( 'NONE', *, *, #1300, .T. ) ;
#712 = VECTOR ( 'NONE', #1419, 1000.000000000000000 ) ;
#713 = EDGE_CURVE ( 'NONE', #1926, #495, #615, .T. ) ;
#714 = AXIS2_PLACEMENT_3D ( 'NONE', #1368, #371, #1196 ) ;
#715 = AXIS2_PLACEMENT_3D ( 'NONE', #1212, #996, #353 ) ;
#716 = DIRECTION ( 'NONE',  ( 0.000000000000000000, 1.000000000000000000, 0.000000000000000000 ) ) ;
#717 = VECTOR ( 'NONE', #1682, 1000.000000000000000 ) ;
#718 = CARTESIAN_POINT ( 'NONE',  ( -6.287868174069430438, 26.38317706746090252, -1.651409046313623730 ) ) ;
#719 = CIRCLE ( 'NONE', #2586, 1.000000000000000888 ) ;
#720 = DIRECTION ( 'NONE',  ( -1.000000000000000000, 0.000000000000000000, 0.000000000000000000 ) ) ;
#721 = AXIS2_PLACEMENT_3D ( 'NONE', #911, #274, #1289 ) ;
#722 = CARTESIAN_POINT ( 'NONE',  ( 4.508121415278165678, 19.52790275380308316, -2.164853942061612635 ) ) ;
#723 = EDGE_LOOP ( 'NONE', ( #1308, #456 ) ) ;
#724 = EDGE_LOOP ( 'NONE', ( #179, #1676 ) ) ;
#725 = CARTESIAN_POINT ( 'NONE',  ( -4.875439819066918368, 30.50842993079007570, -1.119835497753354003 ) ) ;
#726 = ORIENTED_EDGE ( 'NONE', *, *, #2403, .T. ) ;
#727 = DIRECTION ( 'NONE',  ( -0.000000000000000000, -1.000000000000000000, -0.000000000000000000 ) ) ;
#728 = CARTESIAN_POINT ( 'NONE',  ( -6.286929367426643545, 16.38635540213087793, 1.654899027697837255 ) ) ;
#729 = CARTESIAN_POINT ( 'NONE',  ( -6.000000000000000888, 28.10288500478881701, -2.499999999999999556 ) ) ;
#730 = ADVANCED_FACE ( 'NONE', ( #1080 ), #271, .F. ) ;
#731 = CARTESIAN_POINT ( 'NONE',  ( 6.378232005701658380, 30.43266841169816672, 1.259885177511070209 ) ) ;
#732 = PLANE ( 'NONE',  #576 ) ;
#733 = B_SPLINE_CURVE_WITH_KNOTS ( 'NONE', 3,
 ( #1763, #2382, #972, #2156, #157, #331, #949, #2566, #738, #1176, #1554, #346, #2367, #552, #1377, #997, #807, #2459, #2058, #197, #789, #2045, #1049, #423, #2208, #1423, #209, #633, #225, #2003, #4, #2016 ),
 .UNSPECIFIED., .F., .F.,
 ( 4, 2, 2, 2, 2, 2, 2, 2, 2, 2, 2, 2, 2, 2, 2, 4 ),
 ( 0.007951492273476384876, 0.008447582061164958869, 0.008943671848853532863, 0.009439761636542105122, 0.009935851424230679116, 0.01043194121191925311, 0.01092803099960782710, 0.01142412078729640110, 0.01192021057498497509, 0.01241630036267354908, 0.01291239015036212481, 0.01390456972573927107, 0.01440065951342784506, 0.01489674930111641732, 0.01539283908880499131, 0.01588892887649356531 ),
 .UNSPECIFIED. ) ;
#734 = ORIENTED_EDGE ( 'NONE', *, *, #65, .F. ) ;
#735 = ORIENTED_EDGE ( 'NONE', *, *, #787, .T. ) ;
#736 = CARTESIAN_POINT ( 'NONE',  ( 0.000000000000000000, 1.399999999999999911, -4.000000000000000000 ) ) ;
#737 = CARTESIAN_POINT ( 'NONE',  ( 0.000000000000000000, 38.00000000000000000, 0.000000000000000000 ) ) ;
#738 = CARTESIAN_POINT ( 'NONE',  ( 4.634113021830999379, 29.92130860343711163, -1.881415511258645701 ) ) ;
#739 = PRODUCT_DEFINITION_SHAPE ( 'NONE', 'NONE',  #2642 ) ;
#740 = VERTEX_POINT ( 'NONE', #647 ) ;
#741 = CARTESIAN_POINT ( 'NONE',  ( 3.031088913245532090, 30.69942164390194250, 5.750000000000001776 ) ) ;
#742 = EDGE_CURVE ( 'NONE', #2557, #381, #1092, .T. ) ;
#743 = CARTESIAN_POINT ( 'NONE',  ( 4.403973454935982801, 19.08355466793410926, 2.368552308673254281 ) ) ;
#744 = ORIENTED_EDGE ( 'NONE', *, *, #1833, .T. ) ;
#745 = CARTESIAN_POINT ( 'NONE',  ( 0.000000000000000000, 6.500000000000000888, 0.000000000000000000 ) ) ;
#746 = DIRECTION ( 'NONE',  ( 0.000000000000000000, 0.000000000000000000, -1.000000000000000000 ) ) ;
#747 = CIRCLE ( 'NONE', #1683, 6.500000000000000888 ) ;
#748 = VECTOR ( 'NONE', #401, 1000.000000000000000 ) ;
#749 = ORIENTED_EDGE ( 'NONE', *, *, #2445, .F. ) ;
#750 = CARTESIAN_POINT ( 'NONE',  ( -6.469132681940031659, 30.68600390923611698, 0.6531854995006878273 ) ) ;
#751 =( GEOMETRIC_REPRESENTATION_CONTEXT ( 3 ) GLOBAL_UNCERTAINTY_ASSIGNED_CONTEXT ( ( #223 ) ) GLOBAL_UNIT_ASSIGNED_CONTEXT ( ( #2477, #2638, #869 ) ) REPRESENTATION_CONTEXT ( 'NONE', 'WORKASPACE' ) );
#752 = CARTESIAN_POINT ( 'NONE',  ( -6.405587247757828173, 16.02332714540274594, 1.114288552736753202 ) ) ;
#753 = PRODUCT_RELATED_PRODUCT_CATEGORY ( 'part', '', ( #876 ) ) ;
#754 = DIRECTION ( 'NONE',  ( 0.000000000000000000, 1.000000000000000000, 0.000000000000000000 ) ) ;
#755 = AXIS2_PLACEMENT_3D ( 'NONE', #1640, #1840, #2456 ) ;
#756 = ORIENTED_EDGE ( 'NONE', *, *, #1817, .T. ) ;
#757 = VECTOR ( 'NONE', #2028, 1000.000000000000000 ) ;
#758 = DIRECTION ( 'NONE',  ( 0.000000000000000000, -1.000000000000000000, 0.000000000000000000 ) ) ;
#759 = DIRECTION ( 'NONE',  ( 0.000000000000000000, 0.000000000000000000, 1.000000000000000000 ) ) ;
#760 = ORIENTED_EDGE ( 'NONE', *, *, #1221, .T. ) ;
#761 = VECTOR ( 'NONE', #1231, 1000.000000000000000 ) ;
#762 = AXIS2_PLACEMENT_3D ( 'NONE', #479, #898, #109 ) ;
#763 = DIRECTION ( 'NONE',  ( 0.000000000000000000, 1.000000000000000000, 0.000000000000000000 ) ) ;
#764 = EDGE_CURVE ( 'NONE', #1961, #454, #2335, .T. ) ;
#765 = CARTESIAN_POINT ( 'NONE',  ( -6.499968117370739762, 30.76712395683293622, 0.1662142349831699784 ) ) ;
#766 = CARTESIAN_POINT ( 'NONE',  ( -6.006932773420458282, 17.93656647717484987, -2.483544947604158448 ) ) ;
#767 = DIRECTION ( 'NONE',  ( 0.000000000000000000, 1.000000000000000000, 0.000000000000000000 ) ) ;
#768 = DIRECTION ( 'NONE',  ( 0.000000000000000000, 0.000000000000000000, -1.000000000000000000 ) ) ;
#769 = DIRECTION ( 'NONE',  ( 0.000000000000000000, 0.000000000000000000, -1.000000000000000000 ) ) ;
#770 = CARTESIAN_POINT ( 'NONE',  ( -6.000000000000000888, 28.26720685167784097, -2.500000000000000000 ) ) ;
#771 = ORIENTED_EDGE ( 'NONE', *, *, #2135, .T. ) ;
#772 = FACE_OUTER_BOUND ( 'NONE', #2138, .T. ) ;
#773 = DIRECTION ( 'NONE',  ( 0.000000000000000000, 0.000000000000000000, 1.000000000000000000 ) ) ;
#774 = EDGE_CURVE ( 'NONE', #1981, #251, #2274, .T. ) ;
#775 = CARTESIAN_POINT ( 'NONE',  ( 3.031088913245528538, 38.00000000000000000, -5.750000000000004441 ) ) ;
#776 = CARTESIAN_POINT ( 'NONE',  ( -3.031088913245549854, 15.83499205945373944, -25.75000000000000000 ) ) ;
#777 = CARTESIAN_POINT ( 'NONE',  ( 4.991533001829415284, 25.78402086610353550, -0.3332792636872788372 ) ) ;
#778 = CARTESIAN_POINT ( 'NONE',  ( -4.761959749322187463, 26.28404830302360651, -1.530787807796744504 ) ) ;
#779 = CARTESIAN_POINT ( 'NONE',  ( 4.991694699755270470, 20.75071874932429949, 0.3312656108842267910 ) ) ;
#780 = DIRECTION ( 'NONE',  ( 0.000000000000000000, 0.000000000000000000, 1.000000000000000000 ) ) ;
#781 = EDGE_LOOP ( 'NONE', ( #1936, #533 ) ) ;
#782 = LINE ( 'NONE', #992, #1728 ) ;
#783 = DIRECTION ( 'NONE',  ( -1.000000000000000000, 0.000000000000000000, 0.000000000000000000 ) ) ;
#784 = AXIS2_PLACEMENT_3D ( 'NONE', #1643, #2458, #918 ) ;
#785 = CARTESIAN_POINT ( 'NONE',  ( -6.128784630652579501, 29.52393132999958780, 2.167291030472234148 ) ) ;
#786 = EDGE_CURVE ( 'NONE', #1357, #2467, #2461, .T. ) ;
#787 = EDGE_CURVE ( 'NONE', #1717, #470, #64, .T. ) ;
#788 = CIRCLE ( 'NONE', #929, 5.000000000000000000 ) ;
#789 = CARTESIAN_POINT ( 'NONE',  ( 4.935748046262369293, 30.63675187772663477, 0.8137847001200598784 ) ) ;
#790 = CARTESIAN_POINT ( 'NONE',  ( 6.189821506153359465, 26.74038722921292788, -1.986258632763534981 ) ) ;
#791 = CARTESIAN_POINT ( 'NONE',  ( 4.330127018922194537, 28.10141837084917782, -2.500000000000000000 ) ) ;
#792 = AXIS2_PLACEMENT_3D ( 'NONE', #1735, #2553, #1543 ) ;
#793 = ADVANCED_FACE ( 'NONE', ( #1834 ), #1018, .F. ) ;
#794 = CARTESIAN_POINT ( 'NONE',  ( 0.000000000000000000, 0.000000000000000000, 0.000000000000000000 ) ) ;
#795 = CIRCLE ( 'NONE', #18, 10.00000000000000000 ) ;
#796 = DIRECTION ( 'NONE',  ( 0.000000000000000000, 0.000000000000000000, -1.000000000000000000 ) ) ;
#797 = VECTOR ( 'NONE', #214, 1000.000000000000000 ) ;
#798 = B_SPLINE_CURVE_WITH_KNOTS ( 'NONE', 3,
 ( #91, #1533, #868, #2343, #881, #516, #1067, #272, #2502, #1081, #909, #1505, #39, #1684, #1287, #2314, #1672, #2091, #260, #674, #1495, #2304, #477, #2103, #1094, #66, #1743, #1788, #2588, #2598, #1775, #2575 ),
 .UNSPECIFIED., .F., .F.,
 ( 4, 2, 2, 2, 2, 2, 2, 2, 2, 2, 2, 2, 2, 2, 2, 4 ),
 ( 0.007951492273476384876, 0.008447582061164958869, 0.008943671848853532863, 0.009439761636542105122, 0.009935851424230679116, 0.01043194121191925311, 0.01092803099960782710, 0.01142412078729640110, 0.01192021057498497509, 0.01241630036267354908, 0.01291239015036212481, 0.01390456972573927107, 0.01440065951342784506, 0.01489674930111641732, 0.01539283908880499131, 0.01588892887649356531 ),
 .UNSPECIFIED. ) ;
#799 = CIRCLE ( 'NONE', #2503, 10.00000000000000178 ) ;
#800 = CARTESIAN_POINT ( 'NONE',  ( 0.000000000000000000, 1.899999999999999911, 0.000000000000000000 ) ) ;
#801 = CARTESIAN_POINT ( 'NONE',  ( -3.031088913245549854, 15.83499205945373944, -25.75000000000000000 ) ) ;
#802 = CIRCLE ( 'NONE', #2506, 10.00000000000000000 ) ;
#803 = ORIENTED_EDGE ( 'NONE', *, *, #1272, .T. ) ;
#804 = CARTESIAN_POINT ( 'NONE',  ( -3.031088913245547634, 38.00000000000000000, 5.749999999999994671 ) ) ;
#805 = VERTEX_POINT ( 'NONE', #841 ) ;
#806 = DIRECTION ( 'NONE',  ( 0.000000000000000000, -0.000000000000000000, 1.000000000000000000 ) ) ;
#807 = CARTESIAN_POINT ( 'NONE',  ( 4.999928328550892864, 30.76706350873995532, -0.1676453611075006955 ) ) ;
#808 = CARTESIAN_POINT ( 'NONE',  ( 4.330127018922193649, 28.09888854108072209, 2.500000000000000000 ) ) ;
#809 = CARTESIAN_POINT ( 'NONE',  ( -4.999928328550892864, 25.76735019461573373, -0.1676453611075006955 ) ) ;
#810 = DIRECTION ( 'NONE',  ( 0.000000000000000000, 0.000000000000000000, 1.000000000000000000 ) ) ;
#811 = CARTESIAN_POINT ( 'NONE',  ( -4.403930949479827106, 19.08340572633020571, 2.368638637499261179 ) ) ;
#812 = EDGE_CURVE ( 'NONE', #831, #1451, #1232, .T. ) ;
#813 = DIRECTION ( 'NONE',  ( 1.000000000000000000, 1.138345626559620260E-15, 0.000000000000000000 ) ) ;
#814 = CARTESIAN_POINT ( 'NONE',  ( 6.123233995736766282E-16, 38.00000000000000000, 5.000000000000000000 ) ) ;
#815 = CARTESIAN_POINT ( 'NONE',  ( 6.319553649002459750, 16.27103866454124415, 1.539322318116774557 ) ) ;
#816 = CARTESIAN_POINT ( 'NONE',  ( 6.222791397412045455, 26.61338852644246700, 1.881737257087934712 ) ) ;
#817 = EDGE_LOOP ( 'NONE', ( #1998, #1913, #2334, #2452 ) ) ;
#818 = CYLINDRICAL_SURFACE ( 'NONE', #1444, 5.000000000000000000 ) ;
#819 = DIRECTION ( 'NONE',  ( 0.000000000000000000, 1.000000000000000000, 0.000000000000000000 ) ) ;
#820 = CARTESIAN_POINT ( 'NONE',  ( 0.000000000000000000, 38.00000000000000000, 0.000000000000000000 ) ) ;
#821 = SURFACE_STYLE_FILL_AREA ( #1025 ) ;
#822 = CARTESIAN_POINT ( 'NONE',  ( -3.031088913245540528, 20.78766299294139586, 3.976493430146738728 ) ) ;
#823 = DIRECTION ( 'NONE',  ( 0.000000000000000000, 0.000000000000000000, 1.000000000000000000 ) ) ;
#824 = ADVANCED_FACE ( 'NONE', ( #27 ), #1633, .T. ) ;
#825 = CARTESIAN_POINT ( 'NONE',  ( 0.000000000000000000, 30.69942164390194250, 0.000000000000000000 ) ) ;
#826 = CARTESIAN_POINT ( 'NONE',  ( 6.033439356808227849, 17.61251533278855064, -2.418439754503177497 ) ) ;
#827 = DIRECTION ( 'NONE',  ( 0.000000000000000000, 1.000000000000000000, 0.000000000000000000 ) ) ;
#828 = ORIENTED_EDGE ( 'NONE', *, *, #1975, .F. ) ;
#829 = ORIENTED_EDGE ( 'NONE', *, *, #1068, .T. ) ;
#830 = CARTESIAN_POINT ( 'NONE',  ( 6.128459711209456096, 19.52227039519242169, 2.168176157414001715 ) ) ;
#831 = VERTEX_POINT ( 'NONE', #2447 ) ;
#832 = DIRECTION ( 'NONE',  ( 0.000000000000000000, 0.000000000000000000, -1.000000000000000000 ) ) ;
#833 = CARTESIAN_POINT ( 'NONE',  ( 3.031088913245534311, 25.74675071041428964, 5.750000000000001776 ) ) ;
#834 = ORIENTED_EDGE ( 'NONE', *, *, #2508, .T. ) ;
#835 = DIRECTION ( 'NONE',  ( 0.000000000000000000, 1.000000000000000000, 0.000000000000000000 ) ) ;
#836 = AXIS2_PLACEMENT_3D ( 'NONE', #1239, #617, #1660 ) ;
#837 = PLANE ( 'NONE',  #2240 ) ;
#838 = CARTESIAN_POINT ( 'NONE',  ( 4.339954374681743943, 17.93407564776441632, 2.483182732436590712 ) ) ;
#839 = B_SPLINE_CURVE_WITH_KNOTS ( 'NONE', 3,
 ( #1253, #7, #838, #1891, #55, #1426, #649, #636, #439, #1270, #2544, #1330, #1095, #1351, #1943, #2560, #2504, #675, #2344, #1496, #2157, #1302, #897, #299, #1685, #332, #1956, #2145, #1155, #2305 ),
 .UNSPECIFIED., .F., .F.,
 ( 4, 2, 2, 2, 2, 2, 2, 2, 2, 2, 2, 2, 2, 2, 4 ),
 ( 0.000000000000000000, 0.0004969682670922734042, 0.0009939365341845468084, 0.001987873068369102724, 0.002484841335461376779, 0.002981809602553651267, 0.003478777869645925322, 0.003975746136738200244, 0.004472714403830474299, 0.004969682670922748353, 0.005466650938015023276, 0.005963619205107297330, 0.006957555739291845440, 0.007454524006384116025, 0.007951492273476384876 ),
 .UNSPECIFIED. ) ;
#840 = CIRCLE ( 'NONE', #2244, 1.000000000000000888 ) ;
#841 = CARTESIAN_POINT ( 'NONE',  ( -4.330127018922193649, 28.26720685167784097, -2.500000000000000000 ) ) ;
#842 = CIRCLE ( 'NONE', #2547, 5.000000000000000000 ) ;
#843 = CARTESIAN_POINT ( 'NONE',  ( -0.2000000000000005107, 1.899999999999999689, 1.481219931849748095 ) ) ;
#844 = CARTESIAN_POINT ( 'NONE',  ( 6.383324829542272205, 16.08534432537663506, 1.263105741301651541 ) ) ;
#845 = CARTESIAN_POINT ( 'NONE',  ( 6.000000000000000888, 28.10026736371251133, 2.500000000000000444 ) ) ;
#846 = ORIENTED_EDGE ( 'NONE', *, *, #994, .F. ) ;
#847 = AXIS2_PLACEMENT_3D ( 'NONE', #432, #1248, #405 ) ;
#848 = DIRECTION ( 'NONE',  ( 0.000000000000000000, 0.000000000000000000, 1.000000000000000000 ) ) ;
#849 = CIRCLE ( 'NONE', #1818, 5.000000000000000000 ) ;
#850 = ADVANCED_FACE ( 'NONE', ( #1846 ), #1453, .T. ) ;
#851 = CARTESIAN_POINT ( 'NONE',  ( 6.286929367426643545, 20.14805830122480046, 1.654899027697837255 ) ) ;
#852 = AXIS2_PLACEMENT_3D ( 'NONE', #205, #1431, #176 ) ;
#853 = ORIENTED_EDGE ( 'NONE', *, *, #103, .F. ) ;
#854 = DIRECTION ( 'NONE',  ( 0.000000000000000000, -1.000000000000000000, 0.000000000000000000 ) ) ;
#855 = ORIENTED_EDGE ( 'NONE', *, *, #2336, .T. ) ;
#856 = PLANE ( 'NONE',  #366 ) ;
#857 = DIRECTION ( 'NONE',  ( 0.000000000000000000, -1.000000000000000000, 0.000000000000000000 ) ) ;
#858 = CARTESIAN_POINT ( 'NONE',  ( 0.000000000000000000, 1.600000000000000089, 0.000000000000000000 ) ) ;
#859 = CARTESIAN_POINT ( 'NONE',  ( -6.006969933882614576, 18.59793671755794620, 2.483450209232993533 ) ) ;
#860 = VERTEX_POINT ( 'NONE', #2236 ) ;
#861 = ORIENTED_EDGE ( 'NONE', *, *, #2293, .T. ) ;
#862 = DIRECTION ( 'NONE',  ( 0.000000000000000000, 0.000000000000000000, 1.000000000000000000 ) ) ;
#863 = EDGE_LOOP ( 'NONE', ( #1711, #380, #48, #1462 ) ) ;
#864 = CARTESIAN_POINT ( 'NONE',  ( -4.330127018922194537, 18.43299533250650768, -2.500000000000000000 ) ) ;
#865 = EDGE_CURVE ( 'NONE', #375, #2563, #839, .T. ) ;
#866 = ORIENTED_EDGE ( 'NONE', *, *, #1433, .F. ) ;
#867 = CYLINDRICAL_SURFACE ( 'NONE', #1992, 11.50000000000000000 ) ;
#868 = CARTESIAN_POINT ( 'NONE',  ( -4.340019812108418584, 17.93307776070203019, -2.483070994658638231 ) ) ;
#869 =( NAMED_UNIT ( * ) SI_UNIT ( $, .STERADIAN. ) SOLID_ANGLE_UNIT ( ) );
#870 = CARTESIAN_POINT ( 'NONE',  ( 0.000000000000000000, 3.000000000000000000, 0.000000000000000000 ) ) ;
#871 = FACE_OUTER_BOUND ( 'NONE', #654, .T. ) ;
#872 = CARTESIAN_POINT ( 'NONE',  ( 6.006969933882614576, 17.93647698579773575, 2.483450209232993533 ) ) ;
#873 = ORIENTED_EDGE ( 'NONE', *, *, #561, .T. ) ;
#874 = ORIENTED_EDGE ( 'NONE', *, *, #1465, .T. ) ;
#875 = ORIENTED_EDGE ( 'NONE', *, *, #196, .T. ) ;
#876 = PRODUCT ( 'atomizer head', 'atomizer head', '', ( #1714 ) ) ;
#877 = CARTESIAN_POINT ( 'NONE',  ( 6.493581018080678113, 20.75065010161112866, -0.3309127638456068610 ) ) ;
#878 = VERTEX_POINT ( 'NONE', #2530 ) ;
#879 = CARTESIAN_POINT ( 'NONE',  ( 0.000000000000000000, 38.00000000000000000, -5.000000000000000000 ) ) ;
#880 = EDGE_CURVE ( 'NONE', #2243, #455, #719, .T. ) ;
#881 = CARTESIAN_POINT ( 'NONE',  ( -4.403597382036959829, 17.45257183284312674, -2.369277312476157249 ) ) ;
#882 = AXIS2_PLACEMENT_3D ( 'NONE', #1312, #80, #1480 ) ;
#883 = DIRECTION ( 'NONE',  ( 0.000000000000000000, -1.000000000000000000, 0.000000000000000000 ) ) ;
#884 = CIRCLE ( 'NONE', #619, 11.50000000000000000 ) ;
#885 = CARTESIAN_POINT ( 'NONE',  ( 4.999928328550892864, 20.76706350873995177, -0.1676453611075006955 ) ) ;
#886 = VERTEX_POINT ( 'NONE', #529 ) ;
#887 = ORIENTED_EDGE ( 'NONE', *, *, #403, .F. ) ;
#888 = ORIENTED_EDGE ( 'NONE', *, *, #1179, .F. ) ;
#889 = AXIS2_PLACEMENT_3D ( 'NONE', #360, #506, #1792 ) ;
#890 = DIRECTION ( 'NONE',  ( 0.000000000000000000, 0.000000000000000000, 1.000000000000000000 ) ) ;
#891 = VERTEX_POINT ( 'NONE', #2358 ) ;
#892 = AXIS2_PLACEMENT_3D ( 'NONE', #2055, #1461, #862 ) ;
#893 = CARTESIAN_POINT ( 'NONE',  ( -4.991586976496187766, 20.75050167078691388, 0.3326145978218676413 ) ) ;
#894 = ORIENTED_EDGE ( 'NONE', *, *, #1532, .F. ) ;
#895 = CIRCLE ( 'NONE', #1281, 4.000000000000000000 ) ;
#896 = CARTESIAN_POINT ( 'NONE',  ( 31.50000000000000000, 18.26720685167784097, 0.000000000000000000 ) ) ;
#897 = CARTESIAN_POINT ( 'NONE',  ( 4.718862827584281661, 16.38871155659542822, -1.657409718739058624 ) ) ;
#898 = DIRECTION ( 'NONE',  ( 0.000000000000000000, 0.000000000000000000, 1.000000000000000000 ) ) ;
#899 = LINE ( 'NONE', #1702, #117 ) ;
#900 = CARTESIAN_POINT ( 'NONE',  ( 0.000000000000000000, 1.399999999999999911, -4.000000000000000000 ) ) ;
#901 = ADVANCED_FACE ( 'NONE', ( #2315 ), #478, .F. ) ;
#902 = DIRECTION ( 'NONE',  ( 0.000000000000000000, 1.000000000000000000, 0.000000000000000000 ) ) ;
#903 = ORIENTED_EDGE ( 'NONE', *, *, #254, .F. ) ;
#904 = ORIENTED_EDGE ( 'NONE', *, *, #2181, .F. ) ;
#905 = ORIENTED_EDGE ( 'NONE', *, *, #1616, .T. ) ;
#906 = FILL_AREA_STYLE ('',( #78 ) ) ;
#907 = EDGE_LOOP ( 'NONE', ( #1089, #167 ) ) ;
#908 = UNCERTAINTY_MEASURE_WITH_UNIT (LENGTH_MEASURE( 1.000000000000000082E-05 ), #1944, 'distance_accuracy_value', 'NONE');
#909 = CARTESIAN_POINT ( 'NONE',  ( -4.761959749322187463, 16.28404830302360295, -1.530787807796744504 ) ) ;
#910 = DIRECTION ( 'NONE',  ( 0.000000000000000000, -0.000000000000000000, 1.000000000000000000 ) ) ;
#911 = CARTESIAN_POINT ( 'NONE',  ( 5.738933065634844510, -98.68620569309447887, 1034.775296602546860 ) ) ;
#912 = CARTESIAN_POINT ( 'NONE',  ( 6.493581018080678113, 30.75065010161112866, -0.3309127638456068610 ) ) ;
#913 = DIRECTION ( 'NONE',  ( 0.000000000000000000, -1.000000000000000000, 0.000000000000000000 ) ) ;
#914 = ORIENTED_EDGE ( 'NONE', *, *, #2151, .T. ) ;
#915 = VERTEX_POINT ( 'NONE', #108 ) ;
#916 = ORIENTED_EDGE ( 'NONE', *, *, #597, .T. ) ;
#917 = EDGE_CURVE ( 'NONE', #1087, #685, #2526, .T. ) ;
#918 = DIRECTION ( 'NONE',  ( 0.000000000000000000, 0.000000000000000000, 1.000000000000000000 ) ) ;
#919 = LINE ( 'NONE', #510, #1063 ) ;
#920 = FACE_OUTER_BOUND ( 'NONE', #1488, .T. ) ;
#921 = ORIENTED_EDGE ( 'NONE', *, *, #812, .F. ) ;
#922 = CARTESIAN_POINT ( 'NONE',  ( 0.000000000000000000, 1.899999999999999911, 0.000000000000000000 ) ) ;
#923 = CARTESIAN_POINT ( 'NONE',  ( -6.468965451176140746, 25.84885443157923746, 0.6550346899235481857 ) ) ;
#924 = ADVANCED_FACE ( 'NONE', ( #2027 ), #627, .F. ) ;
#925 = CARTESIAN_POINT ( 'NONE',  ( 6.052739674933956593, 29.07831468417623810, -2.370417720669137474 ) ) ;
#926 = FACE_OUTER_BOUND ( 'NONE', #667, .T. ) ;
#927 = VERTEX_POINT ( 'NONE', #2011 ) ;
#928 = ORIENTED_EDGE ( 'NONE', *, *, #1887, .F. ) ;
#929 = AXIS2_PLACEMENT_3D ( 'NONE', #1603, #168, #1830 ) ;
#930 = CARTESIAN_POINT ( 'NONE',  ( -4.991533001829415284, 30.75039283725215000, -0.3332792636872788372 ) ) ;
#931 = VECTOR ( 'NONE', #2272, 1000.000000000000000 ) ;
#932 = ADVANCED_FACE ( 'NONE', ( #2230 ), #818, .T. ) ;
#933 = VECTOR ( 'NONE', #1262, 1000.000000000000000 ) ;
#934 = CARTESIAN_POINT ( 'NONE',  ( 3.031088913245546301, 15.83499205945373944, -25.75000000000000000 ) ) ;
#935 = VECTOR ( 'NONE', #945, 1000.000000000000000 ) ;
#936 = CARTESIAN_POINT ( 'NONE',  ( -6.405587247757828173, 26.02332714540275305, 1.114288552736753202 ) ) ;
#937 = CONTEXT_DEPENDENT_SHAPE_REPRESENTATION ( #1756, #739 ) ;
#938 = CARTESIAN_POINT ( 'NONE',  ( 0.000000000000000000, 20.78766299294139586, 0.000000000000000000 ) ) ;
#939 = CARTESIAN_POINT ( 'NONE',  ( 4.876026387516445126, 20.50968701510928938, -1.117021147402235126 ) ) ;
#940 = EDGE_LOOP ( 'NONE', ( #1895, #148, #2001, #2342, #1457, #1260, #1348, #75, #115, #2280, #2439, #99, #1872, #165, #955, #2498, #964, #1236, #252, #2373 ) ) ;
#941 = ORIENTED_EDGE ( 'NONE', *, *, #1806, .F. ) ;
#942 =( GEOMETRIC_REPRESENTATION_CONTEXT ( 3 ) GLOBAL_UNCERTAINTY_ASSIGNED_CONTEXT ( ( #257 ) ) GLOBAL_UNIT_ASSIGNED_CONTEXT ( ( #1254, #2264, #1535 ) ) REPRESENTATION_CONTEXT ( 'NONE', 'WORKASPACE' ) );
#943 = CARTESIAN_POINT ( 'NONE',  ( -4.590168519245517054, 29.80472426212651982, -1.997259725282876985 ) ) ;
#944 = SHAPE_REPRESENTATION ( 'atomizer_tube', ( #239 ), #1915 ) ;
#945 = DIRECTION ( 'NONE',  ( -0.000000000000000000, -0.000000000000000000, 1.000000000000000000 ) ) ;
#946 = EDGE_LOOP ( 'NONE', ( #916, #681, #1853, #705 ) ) ;
#947 = VERTEX_POINT ( 'NONE', #1839 ) ;
#948 = ADVANCED_FACE ( 'NONE', ( #1446 ), #1825, .F. ) ;
#949 = CARTESIAN_POINT ( 'NONE',  ( 4.508121415278165678, 29.52790275380308671, -2.164853942061612635 ) ) ;
#950 = FACE_OUTER_BOUND ( 'NONE', #2528, .T. ) ;
#951 = CARTESIAN_POINT ( 'NONE',  ( 0.000000000000000000, 5.000000000000000000, 0.000000000000000000 ) ) ;
#952 = ORIENTED_EDGE ( 'NONE', *, *, #963, .T. ) ;
#953 = SURFACE_STYLE_USAGE ( .BOTH. , #1751 ) ;
#954 = FACE_BOUND ( 'NONE', #781, .T. ) ;
#955 = ORIENTED_EDGE ( 'NONE', *, *, #534, .F. ) ;
#956 = ADVANCED_FACE ( 'NONE', ( #2054 ), #1459, .F. ) ;
#957 = CARTESIAN_POINT ( 'NONE',  ( -6.222159400925069583, 29.91868259777863059, -1.883848981695759317 ) ) ;
#958 = CARTESIAN_POINT ( 'NONE',  ( -6.000000000000000888, 18.26720685167784097, 2.500000000000000000 ) ) ;
#959 = CARTESIAN_POINT ( 'NONE',  ( 6.378507384367241073, 26.10095454958414507, -1.258430829708066412 ) ) ;
#960 = ORIENTED_EDGE ( 'NONE', *, *, #304, .F. ) ;
#961 = CARTESIAN_POINT ( 'NONE',  ( -4.330127018922193649, 28.26720685167784097, 2.500000000000000000 ) ) ;
#962 = DIRECTION ( 'NONE',  ( -1.000000000000000000, 1.838866012134770978E-15, 0.000000000000000000 ) ) ;
#963 = EDGE_CURVE ( 'NONE', #2163, #1199, #1200, .T. ) ;
#964 = ORIENTED_EDGE ( 'NONE', *, *, #2151, .F. ) ;
#965 = DIRECTION ( 'NONE',  ( 0.000000000000000000, 0.000000000000000000, 1.000000000000000000 ) ) ;
#966 = CARTESIAN_POINT ( 'NONE',  ( -3.031088913245549854, 15.83499205945373944, -3.976493430146738728 ) ) ;
#967 = PRESENTATION_LAYER_ASSIGNMENT (  '', '', ( #280 ) ) ;
#968 = ORIENTED_EDGE ( 'NONE', *, *, #1954, .T. ) ;
#969 = AXIS2_PLACEMENT_3D ( 'NONE', #2177, #1986, #1003 ) ;
#970 = ORIENTED_EDGE ( 'NONE', *, *, #102, .F. ) ;
#971 = CARTESIAN_POINT ( 'NONE',  ( -6.000000000000000888, 28.43414633964317062, 2.500000000000000444 ) ) ;
#972 = CARTESIAN_POINT ( 'NONE',  ( 4.340019812108418584, 28.60133594265365176, -2.483070994658638231 ) ) ;
#973 = LINE ( 'NONE', #1604, #1649 ) ;
#974 = CIRCLE ( 'NONE', #340, 4.000000000000000000 ) ;
#975 = DIRECTION ( 'NONE',  ( 0.000000000000000000, 0.000000000000000000, 1.000000000000000000 ) ) ;
#976 = LINE ( 'NONE', #1369, #1226 ) ;
#977 = ORIENTED_EDGE ( 'NONE', *, *, #2558, .T. ) ;
#978 = AXIS2_PLACEMENT_3D ( 'NONE', #1421, #1708, #294 ) ;
#979 = ADVANCED_FACE ( 'NONE', ( #2440 ), #587, .F. ) ;
#980 = CARTESIAN_POINT ( 'NONE',  ( 0.000000000000000000, 15.83499205945373944, -5.000000000000000000 ) ) ;
#981 = DIRECTION ( 'NONE',  ( 0.000000000000000000, -0.000000000000000000, 1.000000000000000000 ) ) ;
#982 = B_SPLINE_CURVE_WITH_KNOTS ( 'NONE', 3,
 ( #2014, #971, #1578, #1774, #1366, #2426, #785, #983, #2191, #588, #2220, #2587, #750, #2390, #765, #1163, #1007, #2171, #2206, #130, #571, #1384, #1787, #957, #1565, #2381, #394, #551, #560, #365, #2597, #1586 ),
 .UNSPECIFIED., .F., .F.,
 ( 4, 2, 2, 2, 2, 2, 2, 2, 2, 2, 2, 2, 2, 2, 2, 4 ),
 ( 0.000000000000000000, 0.0004932894125162937474, 0.0009865788250325874947, 0.001479868237548881242, 0.001973157650065174989, 0.002959736475097762051, 0.003453025887614053629, 0.003946315300130345642, 0.004439604712646637655, 0.004932894125162929667, 0.005426183537679221680, 0.005919472950195513693, 0.006412762362711805705, 0.006906051775228097718, 0.007399341187744389731, 0.007892630600260680876 ),
 .UNSPECIFIED. ) ;
#983 = CARTESIAN_POINT ( 'NONE',  ( -6.189910255386325666, 29.79440832339877332, 1.985991563414073013 ) ) ;
#984 = CARTESIAN_POINT ( 'NONE',  ( -6.493671190809580551, 15.78352411154443757, 0.3298771273723791198 ) ) ;
#985 = CARTESIAN_POINT ( 'NONE',  ( 4.875837045203248898, 26.02513515192972093, 1.117881195337294686 ) ) ;
#986 = PRODUCT_DEFINITION ( 'UNKNOWN', '', #1002, #686 ) ;
#987 = CARTESIAN_POINT ( 'NONE',  ( -4.330127018922192761, 28.10171143134301985, -2.500000000000000000 ) ) ;
#988 = LINE ( 'NONE', #1791, #1733 ) ;
#989 = PLANE ( 'NONE',  #2375 ) ;
#990 = ORIENTED_EDGE ( 'NONE', *, *, #1797, .T. ) ;
#991 = ADVANCED_BREP_SHAPE_REPRESENTATION ( '', ( #253, #239 ), #751 ) ;
#992 = CARTESIAN_POINT ( 'NONE',  ( 0.000000000000000000, 38.00000000000000000, -6.500000000000000888 ) ) ;
#993 = FACE_OUTER_BOUND ( 'NONE', #1086, .T. ) ;
#994 = EDGE_CURVE ( 'NONE', #2025, #696, #2468, .T. ) ;
#995 = ORIENTED_EDGE ( 'NONE', *, *, #2115, .T. ) ;
#996 = DIRECTION ( 'NONE',  ( 0.000000000000000000, 1.000000000000000000, 0.000000000000000000 ) ) ;
#997 = CARTESIAN_POINT ( 'NONE',  ( 4.991542959319554384, 30.75041734994709586, -0.3338686113110059805 ) ) ;
#998 = CARTESIAN_POINT ( 'NONE',  ( 4.839989195218659113, 26.10337550942324469, -1.262574871428693069 ) ) ;
#999 = DIRECTION ( 'NONE',  ( 0.000000000000000000, 0.000000000000000000, 1.000000000000000000 ) ) ;
#1000 = CARTESIAN_POINT ( 'NONE',  ( 3.031088913245532090, 30.69942164390194250, -3.976493430146718744 ) ) ;
#1001 = CARTESIAN_POINT ( 'NONE',  ( 5.000000000000000000, 6.123233995736766282E-16, 100.0000000000000000 ) ) ;
#1002 = PRODUCT_DEFINITION_FORMATION_WITH_SPECIFIED_SOURCE ( 'ANY', '', #2300, .NOT_KNOWN. ) ;
#1003 = DIRECTION ( 'NONE',  ( 1.000000000000000000, 0.000000000000000000, -0.000000000000000000 ) ) ;
#1004 = CARTESIAN_POINT ( 'NONE',  ( -6.189910255386325666, 19.79440832339877332, 1.985991563414073013 ) ) ;
#1005 = EDGE_LOOP ( 'NONE', ( #2333, #306, #116, #2366 ) ) ;
#1006 = CIRCLE ( 'NONE', #2026, 6.500000000000000888 ) ;
#1007 = CARTESIAN_POINT ( 'NONE',  ( -6.493571736313473508, 30.75062599891356641, -0.3310989435730334884 ) ) ;
#1008 = AXIS2_PLACEMENT_3D ( 'NONE', #922, #688, #2291 ) ;
#1009 = ADVANCED_FACE ( 'NONE', ( #1614 ), #2425, .T. ) ;
#1010 = CARTESIAN_POINT ( 'NONE',  ( 0.000000000000000000, 38.00000000000000000, -5.000000000000000000 ) ) ;
#1011 = CARTESIAN_POINT ( 'NONE',  ( 6.222159400925069583, 26.61573110557704069, -1.883848981695759317 ) ) ;
#1012 = CIRCLE ( 'NONE', #1317, 4.000000000000000000 ) ;
#1013 = DIRECTION ( 'NONE',  ( 0.000000000000000000, 1.000000000000000000, 0.000000000000000000 ) ) ;
#1014 = DIRECTION ( 'NONE',  ( 0.000000000000000000, 1.000000000000000000, 0.000000000000000000 ) ) ;
#1016 = CIRCLE ( 'NONE', #889, 11.50000000000000000 ) ;
#1015 = CARTESIAN_POINT ( 'NONE',  ( -4.330127018922193649, 18.43552516227495985, 2.500000000000000000 ) ) ;
#1017 = AXIS2_PLACEMENT_3D ( 'NONE', #1828, #643, #1884 ) ;
#1018 = PLANE ( 'NONE',  #545 ) ;
#1019 = CARTESIAN_POINT ( 'NONE',  ( 3.031088913245546301, 15.83499205945373944, -5.749999999999998224 ) ) ;
#1020 = CARTESIAN_POINT ( 'NONE',  ( 6.286930862373015572, 16.38635486449297929, -1.654888192023286297 ) ) ;
#1021 = CARTESIAN_POINT ( 'NONE',  ( 6.319553649002459750, 26.27103866454124770, 1.539322318116774557 ) ) ;
#1022 = AXIS2_PLACEMENT_3D ( 'NONE', #424, #5, #1876 ) ;
#1023 = CARTESIAN_POINT ( 'NONE',  ( 0.000000000000000000, 0.000000000000000000, 100.0000000000000000 ) ) ;
#1024 = CARTESIAN_POINT ( 'NONE',  ( 6.033062107698961896, 18.91781525300817179, 2.419371349077484634 ) ) ;
#1025 = FILL_AREA_STYLE ('',( #1224 ) ) ;
#1026 = EDGE_CURVE ( 'NONE', #97, #1925, #2462, .T. ) ;
#1027 = EDGE_CURVE ( 'NONE', #76, #1717, #323, .T. ) ;
#1028 = CARTESIAN_POINT ( 'NONE',  ( -4.403973454935982801, 27.45085903542157268, 2.368552308673254281 ) ) ;
#1029 = SHAPE_REPRESENTATION_RELATIONSHIP ( 'NONE' , 'NONE' ,  #944, #1622 ) ;
#1030 = DIRECTION ( 'NONE',  ( 0.000000000000000000, 0.000000000000000000, 1.000000000000000000 ) ) ;
#1031 = CARTESIAN_POINT ( 'NONE',  ( 6.100215293826999563, 17.15607439545945923, -2.245405809929038821 ) ) ;
#1032 = CARTESIAN_POINT ( 'NONE',  ( -6.033439356808227849, 18.92189837056713131, -2.418439754503177497 ) ) ;
#1033 = CARTESIAN_POINT ( 'NONE',  ( 7.960204194457796463E-16, 25.74675071041428964, 6.500000000000000888 ) ) ;
#1034 = EDGE_CURVE ( 'NONE', #2163, #2125, #1957, .T. ) ;
#1035 = ORIENTED_EDGE ( 'NONE', *, *, #1311, .F. ) ;
#1036 = DIRECTION ( 'NONE',  ( 0.000000000000000000, 0.000000000000000000, 1.000000000000000000 ) ) ;
#1037 = DIRECTION ( 'NONE',  ( 0.000000000000000000, 1.000000000000000000, 0.000000000000000000 ) ) ;
#1038 = CARTESIAN_POINT ( 'NONE',  ( 0.000000000000000000, 5.000000000000000000, 0.000000000000000000 ) ) ;
#1039 = CARTESIAN_POINT ( 'NONE',  ( 0.000000000000000000, 0.000000000000000000, -6.000000000000000888 ) ) ;
#1040 = LINE ( 'NONE', #1865, #1190 ) ;
#1041 = DIRECTION ( 'NONE',  ( 0.000000000000000000, 0.000000000000000000, -1.000000000000000000 ) ) ;
#1042 = EDGE_CURVE ( 'NONE', #180, #886, #71, .T. ) ;
#1043 = FACE_OUTER_BOUND ( 'NONE', #2308, .T. ) ;
#1044 = CARTESIAN_POINT ( 'NONE',  ( -6.450808789952836797, 20.63709210113389858, 0.8124862791193718792 ) ) ;
#1045 = EDGE_LOOP ( 'NONE', ( #1448, #2281, #2074, #1321 ) ) ;
#1046 = DIRECTION ( 'NONE',  ( 0.000000000000000000, -1.000000000000000000, 0.000000000000000000 ) ) ;
#1047 = CARTESIAN_POINT ( 'NONE',  ( 0.000000000000000000, 0.000000000000000000, 0.000000000000000000 ) ) ;
#1048 = ORIENTED_EDGE ( 'NONE', *, *, #549, .T. ) ;
#1049 = CARTESIAN_POINT ( 'NONE',  ( 4.762877636213731947, 30.26214090246736887, 1.540940127687487449 ) ) ;
#1050 = CARTESIAN_POINT ( 'NONE',  ( 0.000000000000000000, 6.499999999999999112, -6.500000000000000888 ) ) ;
#1051 = AXIS2_PLACEMENT_3D ( 'NONE', #54, #1918, #465 ) ;
#1052 = CARTESIAN_POINT ( 'NONE',  ( -4.508345273325136127, 27.00572889537983201, 2.164384123464675014 ) ) ;
#1053 =( NAMED_UNIT ( * ) PLANE_ANGLE_UNIT ( ) SI_UNIT ( $, .RADIAN. ) );
#1054 = CIRCLE ( 'NONE', #143, 5.000000000000000000 ) ;
#1055 = CIRCLE ( 'NONE', #2120, 5.000000000000000000 ) ;
#1056 = TOROIDAL_SURFACE ( 'NONE', #2155, 10.49999999999999822, 1.000000000000000000 ) ;
#1057 = CARTESIAN_POINT ( 'NONE',  ( 3.031088913245546301, 15.83499205945373944, -3.976493430146708530 ) ) ;
#1058 = CARTESIAN_POINT ( 'NONE',  ( 6.189821506153359465, 16.74038722921292432, -1.986258632763534981 ) ) ;
#1059 = CARTESIAN_POINT ( 'NONE',  ( -6.100686589603602883, 19.38102228617305656, 2.244139689120030479 ) ) ;
#1060 = ORIENTED_EDGE ( 'NONE', *, *, #1266, .F. ) ;
#1061 = EDGE_LOOP ( 'NONE', ( #1109, #2495 ) ) ;
#1062 = EDGE_CURVE ( 'NONE', #695, #250, #319, .T. ) ;
#1063 = VECTOR ( 'NONE', #2142, 1000.000000000000000 ) ;
#1064 = CARTESIAN_POINT ( 'NONE',  ( 6.500035598228263822, 20.76729940708390387, -0.1633700889635338604 ) ) ;
#1065 = EDGE_LOOP ( 'NONE', ( #2593, #1185 ) ) ;
#1066 = EDGE_LOOP ( 'NONE', ( #282, #1144 ) ) ;
#1067 = CARTESIAN_POINT ( 'NONE',  ( -4.508121415278165678, 17.00651094955259168, -2.164853942061612635 ) ) ;
#1068 = EDGE_CURVE ( 'NONE', #1926, #927, #2290, .T. ) ;
#1069 = DIRECTION ( 'NONE',  ( 0.000000000000000000, 0.000000000000000000, 1.000000000000000000 ) ) ;
#1070 = CARTESIAN_POINT ( 'NONE',  ( 1.408343819019456176E-15, 5.500000000000000888, 11.50000000000000000 ) ) ;
#1071 = CARTESIAN_POINT ( 'NONE',  ( 6.469132681940031659, 15.84840979411955608, 0.6531854995006878273 ) ) ;
#1072 = DIRECTION ( 'NONE',  ( 0.000000000000000000, 0.000000000000000000, 1.000000000000000000 ) ) ;
#1073 = ORIENTED_EDGE ( 'NONE', *, *, #374, .T. ) ;
#1074 = ORIENTED_EDGE ( 'NONE', *, *, #1417, .F. ) ;
#1075 = EDGE_CURVE ( 'NONE', #2296, #455, #1016, .T. ) ;
#1076 = CARTESIAN_POINT ( 'NONE',  ( 6.499964095798016928, 20.76711350074005225, 0.1661906060500811522 ) ) ;
#1077 = EDGE_LOOP ( 'NONE', ( #680, #1060, #771, #726 ) ) ;
#1078 =( NAMED_UNIT ( * ) SI_UNIT ( $, .STERADIAN. ) SOLID_ANGLE_UNIT ( ) );
#1079 = ADVANCED_FACE ( 'NONE', ( #1781 ), #2592, .F. ) ;
#1080 = FACE_OUTER_BOUND ( 'NONE', #339, .T. ) ;
#1081 = CARTESIAN_POINT ( 'NONE',  ( -4.719932550351285450, 16.38603371080669646, -1.654377389002481769 ) ) ;
#1082 = DIRECTION ( 'NONE',  ( -0.000000000000000000, -1.000000000000000000, -0.000000000000000000 ) ) ;
#1083 = SHAPE_DEFINITION_REPRESENTATION ( #2340, #1489 ) ;
#1084 = FACE_OUTER_BOUND ( 'NONE', #946, .T. ) ;
#1085 = CARTESIAN_POINT ( 'NONE',  ( 4.376869350123271829, 18.92512446657444869, -2.417525227574701674 ) ) ;
#1086 = EDGE_LOOP ( 'NONE', ( #1697, #2162, #905, #1541 ) ) ;
#1087 = VERTEX_POINT ( 'NONE', #770 ) ;
#1088 = SURFACE_SIDE_STYLE ('',( #1709 ) ) ;
#1089 = ORIENTED_EDGE ( 'NONE', *, *, #677, .T. ) ;
#1090 = PRODUCT_DEFINITION_CONTEXT ( 'detailed design', #559, 'design' ) ;
#1091 = ORIENTED_EDGE ( 'NONE', *, *, #145, .F. ) ;
#1092 = LINE ( 'NONE', #1464, #285 ) ;
#1093 = ADVANCED_FACE ( 'NONE', ( #1427 ), #989, .T. ) ;
#1094 = CARTESIAN_POINT ( 'NONE',  ( -4.590225795846572865, 16.73870353549956036, 1.984833212278490411 ) ) ;
#1095 = CARTESIAN_POINT ( 'NONE',  ( 4.959321840537674220, 15.84942155667714836, 0.6570387329348055250 ) ) ;
#1096 = PRODUCT_CONTEXT ( 'NONE', #2539, 'mechanical' ) ;
#1097 = AXIS2_PLACEMENT_3D ( 'NONE', #1890, #2118, #1518 ) ;
#1098 = CARTESIAN_POINT ( 'NONE',  ( 6.493671190809580551, 30.75088959181124437, 0.3298771273723791198 ) ) ;
#1099 =( GEOMETRIC_REPRESENTATION_CONTEXT ( 3 ) GLOBAL_UNCERTAINTY_ASSIGNED_CONTEXT ( ( #2341 ) ) GLOBAL_UNIT_ASSIGNED_CONTEXT ( ( #2287, #710, #1078 ) ) REPRESENTATION_CONTEXT ( 'NONE', 'WORKASPACE' ) );
#1100 = DIRECTION ( 'NONE',  ( 0.000000000000000000, -1.000000000000000000, 0.000000000000000000 ) ) ;
#1101 = ORIENTED_EDGE ( 'NONE', *, *, #2626, .T. ) ;
#1102 = DIRECTION ( 'NONE',  ( 0.000000000000000000, 1.000000000000000000, 0.000000000000000000 ) ) ;
#1103 = ORIENTED_EDGE ( 'NONE', *, *, #343, .T. ) ;
#1104 = EDGE_LOOP ( 'NONE', ( #2427, #1336, #308, #1597 ) ) ;
#1105 = CARTESIAN_POINT ( 'NONE',  ( 3.031088913245528538, 38.00000000000000000, 5.750000000000004441 ) ) ;
#1106 = AXIS2_PLACEMENT_3D ( 'NONE', #287, #2316, #690 ) ;
#1107 = CARTESIAN_POINT ( 'NONE',  ( 0.000000000000000000, 3.000000000000000000, 0.000000000000000000 ) ) ;
#1108 = AXIS2_PLACEMENT_3D ( 'NONE', #12, #2266, #1430 ) ;
#1109 = ORIENTED_EDGE ( 'NONE', *, *, #1638, .F. ) ;
#1110 = AXIS2_PLACEMENT_3D ( 'NONE', #2092, #1082, #2476 ) ;
#1111 = EDGE_CURVE ( 'NONE', #1309, #1409, #1209, .T. ) ;
#1112 = LINE ( 'NONE', #2132, #1186 ) ;
#1113 = CARTESIAN_POINT ( 'NONE',  ( -6.378232005701658380, 26.10174529165751522, 1.259885177511070209 ) ) ;
#1114 = DIRECTION ( 'NONE',  ( 1.000000000000000000, 0.000000000000000000, 0.000000000000000000 ) ) ;
#1115 = EDGE_CURVE ( 'NONE', #644, #1719, #185, .T. ) ;
#1116 = CARTESIAN_POINT ( 'NONE',  ( 6.222537486364204007, 29.92016021537237691, -1.882675023341505050 ) ) ;
#1117 = DIRECTION ( 'NONE',  ( -1.000000000000000000, 0.000000000000000000, 0.000000000000000000 ) ) ;
#1118 = ORIENTED_EDGE ( 'NONE', *, *, #1255, .F. ) ;
#1119 =( NAMED_UNIT ( * ) PLANE_ANGLE_UNIT ( ) SI_UNIT ( $, .RADIAN. ) );
#1120 = ORIENTED_EDGE ( 'NONE', *, *, #396, .F. ) ;
#1121 = ORIENTED_EDGE ( 'NONE', *, *, #2346, .T. ) ;
#1122 = DIRECTION ( 'NONE',  ( -0.000000000000000000, -1.000000000000000000, -0.000000000000000000 ) ) ;
#1123 = ORIENTED_EDGE ( 'NONE', *, *, #1817, .F. ) ;
#1124 = DIRECTION ( 'NONE',  ( 0.000000000000000000, 1.000000000000000000, 0.000000000000000000 ) ) ;
#1125 = CARTESIAN_POINT ( 'NONE',  ( -6.100374386137766614, 27.15497621074140255, 2.244994743588352382 ) ) ;
#1126 = ITEM_DEFINED_TRANSFORMATION ( 'NONE', 'NONE', #1106,  #239 ) ;
#1127 = CARTESIAN_POINT ( 'NONE',  ( 0.000000000000000000, 38.00000000000000000, -5.000000000000000000 ) ) ;
#1128 = DIRECTION ( 'NONE',  ( 0.000000000000000000, 1.000000000000000000, 0.000000000000000000 ) ) ;
#1129 = CARTESIAN_POINT ( 'NONE',  ( 31.50000000000000000, 18.26720685167784097, -2.500000000000000000 ) ) ;
#1130 = ORIENTED_EDGE ( 'NONE', *, *, #2420, .T. ) ;
#1131 = CARTESIAN_POINT ( 'NONE',  ( 3.031088913245528982, 38.00000000000000000, 3.976493430146721408 ) ) ;
#1132 = ORIENTED_EDGE ( 'NONE', *, *, #1757, .F. ) ;
#1133 = VERTEX_POINT ( 'NONE', #1610 ) ;
#1134 = ORIENTED_EDGE ( 'NONE', *, *, #1740, .T. ) ;
#1135 = EDGE_CURVE ( 'NONE', #947, #2025, #151, .T. ) ;
#1136 = CARTESIAN_POINT ( 'NONE',  ( -4.330127018922193649, 18.26720685167784097, -2.500000000000000000 ) ) ;
#1137 = LINE ( 'NONE', #934, #1479 ) ;
#1138 = CARTESIAN_POINT ( 'NONE',  ( -6.052367887943209013, 27.45872283909730882, 2.371373441442512942 ) ) ;
#1139 = DIRECTION ( 'NONE',  ( 1.000000000000000000, 0.000000000000000000, 0.000000000000000000 ) ) ;
#1140 = LINE ( 'NONE', #490, #1477 ) ;
#1141 = CARTESIAN_POINT ( 'NONE',  ( -3.031088913245532090, 30.69942164390194250, 3.976493430146718744 ) ) ;
#1142 = AXIS2_PLACEMENT_3D ( 'NONE', #938, #336, #1156 ) ;
#1143 = ORIENTED_EDGE ( 'NONE', *, *, #1111, .T. ) ;
#1144 = ORIENTED_EDGE ( 'NONE', *, *, #1620, .T. ) ;
#1145 = COLOUR_RGB ( '',0.7921568627450980005, 0.8196078431372548767, 0.9333333333333333481 ) ;
#1146 = CARTESIAN_POINT ( 'NONE',  ( -4.840619449859524082, 30.43244926058489952, 1.260197503473185154 ) ) ;
#1147 = CIRCLE ( 'NONE', #2286, 6.500000000000000888 ) ;
#1148 = EDGE_CURVE ( 'NONE', #1133, #2259, #1484, .T. ) ;
#1149 = DIRECTION ( 'NONE',  ( 0.000000000000000000, 1.000000000000000000, 0.000000000000000000 ) ) ;
#1150 = CIRCLE ( 'NONE', #784, 6.500000000000000888 ) ;
#1151 = EDGE_LOOP ( 'NONE', ( #2043, #1120, #13, #14 ) ) ;
#1152 = VECTOR ( 'NONE', #1934, 1000.000000000000000 ) ;
#1153 = CARTESIAN_POINT ( 'NONE',  ( -6.129221314225017814, 17.00843096939126298, -2.166038004746743795 ) ) ;
#1154 = AXIS2_PLACEMENT_3D ( 'NONE', #1193, #2222, #182 ) ;
#1155 = CARTESIAN_POINT ( 'NONE',  ( 4.330127018922194537, 18.10141837084917782, -2.500000000000000000 ) ) ;
#1156 = DIRECTION ( 'NONE',  ( 0.000000000000000000, 0.000000000000000000, 1.000000000000000000 ) ) ;
#1157 = DIRECTION ( 'NONE',  ( 0.000000000000000000, -1.000000000000000000, 0.000000000000000000 ) ) ;
#1158 = PRODUCT_RELATED_PRODUCT_CATEGORY ( 'part', '', ( #2300 ) ) ;
#1159 = ORIENTED_EDGE ( 'NONE', *, *, #2346, .F. ) ;
#1160 = VERTEX_POINT ( 'NONE', #23 ) ;
#1161 = CARTESIAN_POINT ( 'NONE',  ( 31.50000000000000000, 28.26720685167784097, 0.000000000000000000 ) ) ;
#1162 = EDGE_CURVE ( 'NONE', #1981, #507, #1365, .T. ) ;
#1163 = CARTESIAN_POINT ( 'NONE',  ( -6.500031641660145354, 30.76728912000302074, -0.1637111974302150330 ) ) ;
#1164 = EDGE_CURVE ( 'NONE', #309, #1678, #1804, .T. ) ;
#1165 = CARTESIAN_POINT ( 'NONE',  ( -6.222537486364204007, 16.61425348798330148, -1.882675023341505050 ) ) ;
#1166 = CARTESIAN_POINT ( 'NONE',  ( 4.330127018922193649, 28.26720685167784097, 2.500000000000000000 ) ) ;
#1167 = ORIENTED_EDGE ( 'NONE', *, *, #2508, .F. ) ;
#1168 = CARTESIAN_POINT ( 'NONE',  ( -4.376869350123271829, 27.60928923678122970, -2.417525227574701674 ) ) ;
#1169 = DIRECTION ( 'NONE',  ( 0.000000000000000000, -1.000000000000000000, 0.000000000000000000 ) ) ;
#1170 = DIRECTION ( 'NONE',  ( 0.000000000000000000, -1.000000000000000000, 0.000000000000000000 ) ) ;
#1171 = ORIENTED_EDGE ( 'NONE', *, *, #1577, .T. ) ;
#1172 = ORIENTED_EDGE ( 'NONE', *, *, #1433, .T. ) ;
#1173 = LINE ( 'NONE', #1761, #1687 ) ;
#1174 = PLANE ( 'NONE',  #2080 ) ;
#1175 = DIRECTION ( 'NONE',  ( -0.000000000000000000, -1.000000000000000000, -0.000000000000000000 ) ) ;
#1176 = CARTESIAN_POINT ( 'NONE',  ( 4.719932550351285450, 30.14837999254899259, -1.654377389002481769 ) ) ;
#1177 = PRODUCT_DEFINITION_FORMATION_WITH_SPECIFIED_SOURCE ( 'ANY', '', #876, .NOT_KNOWN. ) ;
#1178 = CARTESIAN_POINT ( 'NONE',  ( 7.960204194457796463E-16, 6.499999999999999112, 6.500000000000000888 ) ) ;
#1179 = EDGE_CURVE ( 'NONE', #1741, #1641, #1150, .T. ) ;
#1180 = FACE_OUTER_BOUND ( 'NONE', #1490, .T. ) ;
#1181 = CARTESIAN_POINT ( 'NONE',  ( 4.340232315778733252, 18.60407992308127945, 2.482702787687851576 ) ) ;
#1182 = ORIENTED_EDGE ( 'NONE', *, *, #1374, .T. ) ;
#1183 = CARTESIAN_POINT ( 'NONE',  ( 0.000000000000000000, 0.000000000000000000, 0.000000000000000000 ) ) ;
#1184 = FACE_OUTER_BOUND ( 'NONE', #2527, .T. ) ;
#1185 = ORIENTED_EDGE ( 'NONE', *, *, #158, .F. ) ;
#1186 = VECTOR ( 'NONE', #488, 1000.000000000000000 ) ;
#1187 = AXIS2_PLACEMENT_3D ( 'NONE', #32, #1549, #2509 ) ;
#1188 = DIRECTION ( 'NONE',  ( -1.199662470992219437E-16, 0.000000000000000000, -1.000000000000000000 ) ) ;
#1189 = EDGE_CURVE ( 'NONE', #2259, #1406, #645, .T. ) ;
#1190 = VECTOR ( 'NONE', #1847, 1000.000000000000000 ) ;
#1191 = VECTOR ( 'NONE', #1715, 1000.000000000000000 ) ;
#1192 = CARTESIAN_POINT ( 'NONE',  ( -6.451243759198282746, 15.89613061680134010, -0.8092425489389597493 ) ) ;
#1193 = CARTESIAN_POINT ( 'NONE',  ( 3.031088913245534311, 25.74675071041428964, -25.75000000000000000 ) ) ;
#1194 = CIRCLE ( 'NONE', #892, 10.49999999999999822 ) ;
#1195 = VECTOR ( 'NONE', #2488, 1000.000000000000000 ) ;
#1196 = DIRECTION ( 'NONE',  ( 0.000000000000000000, -0.000000000000000000, 1.000000000000000000 ) ) ;
#1197 = EDGE_CURVE ( 'NONE', #1160, #1637, #2496, .T. ) ;
#1198 = CARTESIAN_POINT ( 'NONE',  ( 4.330127018922193649, 18.26720685167784097, -2.500000000000000000 ) ) ;
#1199 = VERTEX_POINT ( 'NONE', #1057 ) ;
#1200 = CIRCLE ( 'NONE', #2209, 5.000000000000000000 ) ;
#1201 = B_SPLINE_CURVE_WITH_KNOTS ( 'NONE', 3,
 ( #1612, #845, #2039, #2242, #2466, #1258, #599, #2423, #816, #1021, #1420, #2227, #189, #623, #1823, #2632, #1259, #553, #368, #1378, #959, #1214, #2183, #1011, #790, #142, #2392, #1995, #2193, #1413, #1967, #1764 ),
 .UNSPECIFIED., .F., .F.,
 ( 4, 2, 2, 2, 2, 2, 2, 2, 2, 2, 2, 2, 2, 2, 2, 4 ),
 ( 0.000000000000000000, 0.0004932894125162937474, 0.0009865788250325874947, 0.001479868237548881242, 0.001973157650065174989, 0.002959736475097762051, 0.003453025887614053629, 0.003946315300130345642, 0.004439604712646637655, 0.004932894125162929667, 0.005426183537679221680, 0.005919472950195513693, 0.006412762362711805705, 0.006906051775228097718, 0.007399341187744389731, 0.007892630600260680876 ),
 .UNSPECIFIED. ) ;
#1202 = CARTESIAN_POINT ( 'NONE',  ( 0.000000000000000000, 5.500000000000000888, 0.000000000000000000 ) ) ;
#1203 = ORIENTED_EDGE ( 'NONE', *, *, #1873, .T. ) ;
#1204 = CARTESIAN_POINT ( 'NONE',  ( 6.000000000000000888, 18.43152869856686493, -2.499999999999999556 ) ) ;
#1205 = CARTESIAN_POINT ( 'NONE',  ( 4.898587196589412829E-16, 1.399999999999999911, 4.000000000000000000 ) ) ;
#1206 = CARTESIAN_POINT ( 'NONE',  ( 4.762313673585925500, 26.28319335459804051, 1.529726407072485639 ) ) ;
#1207 = CARTESIAN_POINT ( 'NONE',  ( 6.000000000000000888, 28.26720685167784097, 2.500000000000000000 ) ) ;
#1208 = CARTESIAN_POINT ( 'NONE',  ( 1.224646799147353256E-15, 1.899999999999999911, 10.00000000000000000 ) ) ;
#1209 = LINE ( 'NONE', #1001, #1602 ) ;
#1210 = DIRECTION ( 'NONE',  ( 0.000000000000000000, 1.000000000000000000, 0.000000000000000000 ) ) ;
#1211 = CARTESIAN_POINT ( 'NONE',  ( -3.031088913245532090, 30.69942164390194250, -5.750000000000001776 ) ) ;
#1212 = CARTESIAN_POINT ( 'NONE',  ( 0.000000000000000000, 1.100000000000000089, 0.000000000000000000 ) ) ;
#1213 = CARTESIAN_POINT ( 'NONE',  ( 31.50000000000000000, 28.26720685167784097, 2.500000000000000000 ) ) ;
#1214 = CARTESIAN_POINT ( 'NONE',  ( 6.319416078669120473, 26.28168118847410994, -1.527738534646996937 ) ) ;
#1215 = DIRECTION ( 'NONE',  ( 0.000000000000000000, -0.000000000000000000, 1.000000000000000000 ) ) ;
#1216 = CARTESIAN_POINT ( 'NONE',  ( 6.000000000000000888, 18.26720685167784097, -2.500000000000000000 ) ) ;
#1217 = CARTESIAN_POINT ( 'NONE',  ( 0.000000000000000000, 5.500000000000000888, 0.000000000000000000 ) ) ;
#1218 = ORIENTED_EDGE ( 'NONE', *, *, #133, .F. ) ;
#1219 = CARTESIAN_POINT ( 'NONE',  ( -6.189821506153359465, 19.79402647414275762, -1.986258632763534981 ) ) ;
#1220 = ORIENTED_EDGE ( 'NONE', *, *, #1833, .F. ) ;
#1221 = EDGE_CURVE ( 'NONE', #309, #1514, #1868, .T. ) ;
#1222 = VECTOR ( 'NONE', #1124, 1000.000000000000000 ) ;
#1223 = CARTESIAN_POINT ( 'NONE',  ( 0.000000000000000000, 0.000000000000000000, 0.000000000000000000 ) ) ;
#1224 = FILL_AREA_STYLE_COLOUR ( '', #1145 ) ;
#1225 = CARTESIAN_POINT ( 'NONE',  ( 7.960204194457796463E-16, 15.83499205945373944, 6.500000000000000888 ) ) ;
#1226 = VECTOR ( 'NONE', #337, 1000.000000000000000 ) ;
#1227 = DIRECTION ( 'NONE',  ( 0.000000000000000000, -1.000000000000000000, 0.000000000000000000 ) ) ;
#1228 = CIRCLE ( 'NONE', #2248, 10.49999999999999822 ) ;
#1229 = CARTESIAN_POINT ( 'NONE',  ( 0.000000000000000000, 1.000000000000000000, 0.000000000000000000 ) ) ;
#1230 = CARTESIAN_POINT ( 'NONE',  ( 6.000000000000000888, 18.10026736371251488, 2.500000000000000444 ) ) ;
#1231 = DIRECTION ( 'NONE',  ( -0.000000000000000000, -0.000000000000000000, 1.000000000000000000 ) ) ;
#1232 = CIRCLE ( 'NONE', #2338, 6.000000000000000888 ) ;
#1233 = VERTEX_POINT ( 'NONE', #1019 ) ;
#1234 = CARTESIAN_POINT ( 'NONE',  ( 31.50000000000000000, 28.26720685167784097, 0.000000000000000000 ) ) ;
#1235 = CARTESIAN_POINT ( 'NONE',  ( 6.000000000000000888, 18.26720685167784097, 2.500000000000000000 ) ) ;
#1236 = ORIENTED_EDGE ( 'NONE', *, *, #343, .F. ) ;
#1237 = CARTESIAN_POINT ( 'NONE',  ( 0.000000000000000000, 3.000000000000000000, -10.00000000000000000 ) ) ;
#1238 = ADVANCED_FACE ( 'NONE', ( #2037, #1661 ), #1835, .T. ) ;
#1239 = CARTESIAN_POINT ( 'NONE',  ( 0.000000000000000000, 15.83499205945373944, 0.000000000000000000 ) ) ;
#1240 = PLANE ( 'NONE',  #2164 ) ;
#1241 = DIRECTION ( 'NONE',  ( 0.000000000000000000, 0.000000000000000000, -1.000000000000000000 ) ) ;
#1242 = CARTESIAN_POINT ( 'NONE',  ( 6.378507384367241073, 16.10095454958414152, -1.258430829708066412 ) ) ;
#1243 = CARTESIAN_POINT ( 'NONE',  ( -6.500031641660145354, 20.76728912000302074, -0.1637111974302150330 ) ) ;
#1244 = ORIENTED_EDGE ( 'NONE', *, *, #1115, .F. ) ;
#1245 = ORIENTED_EDGE ( 'NONE', *, *, #198, .T. ) ;
#1246 = B_SPLINE_CURVE_WITH_KNOTS ( 'NONE', 3,
 ( #413, #1230, #872, #11, #1442, #1257, #2480, #2295, #1662, #815, #844, #652, #1071, #665, #2038, #44, #428, #469, #1292, #1651, #1242, #2094, #1020, #233, #1058, #202, #1031, #2465, #826, #1635, #2265, #441 ),
 .UNSPECIFIED., .F., .F.,
 ( 4, 2, 2, 2, 2, 2, 2, 2, 2, 2, 2, 2, 2, 2, 2, 4 ),
 ( 0.000000000000000000, 0.0004932894125162937474, 0.0009865788250325874947, 0.001479868237548881242, 0.001973157650065174989, 0.002959736475097762051, 0.003453025887614053629, 0.003946315300130345642, 0.004439604712646637655, 0.004932894125162929667, 0.005426183537679221680, 0.005919472950195513693, 0.006412762362711805705, 0.006906051775228097718, 0.007399341187744389731, 0.007892630600260680876 ),
 .UNSPECIFIED. ) ;
#1247 = DIRECTION ( 'NONE',  ( 0.000000000000000000, -0.000000000000000000, -1.000000000000000000 ) ) ;
#1248 = DIRECTION ( 'NONE',  ( 0.000000000000000000, 1.000000000000000000, 0.000000000000000000 ) ) ;
#1249 = ORIENTED_EDGE ( 'NONE', *, *, #1026, .T. ) ;
#1250 = CARTESIAN_POINT ( 'NONE',  ( 0.000000000000000000, 1.399999999999999911, 0.000000000000000000 ) ) ;
#1251 = DIRECTION ( 'NONE',  ( 0.000000000000000000, 1.000000000000000000, 0.000000000000000000 ) ) ;
#1252 = CARTESIAN_POINT ( 'NONE',  ( 3.031088913245534311, 25.74675071041428964, -25.75000000000000000 ) ) ;
#1253 = CARTESIAN_POINT ( 'NONE',  ( 4.330127018922193649, 18.26720685167784097, 2.500000000000000000 ) ) ;
#1254 =( LENGTH_UNIT ( ) NAMED_UNIT ( * ) SI_UNIT ( .MILLI., .METRE. ) );
#1255 = EDGE_CURVE ( 'NONE', #508, #1357, #334, .T. ) ;
#1256 = LINE ( 'NONE', #43, #797 ) ;
#1257 = CARTESIAN_POINT ( 'NONE',  ( 6.100686589603602883, 17.15339141718262894, 2.244139689120030479 ) ) ;
#1258 = CARTESIAN_POINT ( 'NONE',  ( 6.100686589603602883, 27.15339141718263249, 2.244139689120030479 ) ) ;
#1259 = CARTESIAN_POINT ( 'NONE',  ( 6.493571736313473508, 25.78378770444211554, -0.3310989435730334884 ) ) ;
#1260 = ORIENTED_EDGE ( 'NONE', *, *, #1311, .T. ) ;
#1261 = EDGE_LOOP ( 'NONE', ( #2, #2536, #744, #1896 ) ) ;
#1262 = DIRECTION ( 'NONE',  ( -1.000000000000000000, 0.000000000000000000, 0.000000000000000000 ) ) ;
#1263 = VERTEX_POINT ( 'NONE', #2639 ) ;
#1264 = CARTESIAN_POINT ( 'NONE',  ( -4.999945220643440713, 30.76709729294717732, 0.1682389254246871579 ) ) ;
#1265 = CIRCLE ( 'NONE', #1862, 6.500000000000000888 ) ;
#1266 = EDGE_CURVE ( 'NONE', #430, #878, #1681, .T. ) ;
#1267 = ORIENTED_EDGE ( 'NONE', *, *, #880, .T. ) ;
#1268 = VECTOR ( 'NONE', #1450, 1000.000000000000000 ) ;
#1269 = PLANE ( 'NONE',  #106 ) ;
#1270 = CARTESIAN_POINT ( 'NONE',  ( 4.840619449859524082, 16.10196444277077887, 1.260197503473185154 ) ) ;
#1271 = AXIS2_PLACEMENT_3D ( 'NONE', #1556, #1959, #127 ) ;
#1272 = EDGE_CURVE ( 'NONE', #1668, #886, #2613, .T. ) ;
#1273 = VECTOR ( 'NONE', #317, 1000.000000000000000 ) ;
#1274 = CARTESIAN_POINT ( 'NONE',  ( 3.031088913245547634, 38.00000000000000000, -5.749999999999994671 ) ) ;
#1275 = PLANE ( 'NONE',  #1901 ) ;
#1276 = EDGE_LOOP ( 'NONE', ( #349, #1988 ) ) ;
#1277 = CARTESIAN_POINT ( 'NONE',  ( 0.000000000000000000, 0.000000000000000000, 0.000000000000000000 ) ) ;
#1278 = ORIENTED_EDGE ( 'NONE', *, *, #270, .T. ) ;
#1279 = CLOSED_SHELL ( 'NONE', ( #1606, #1785, #1079, #979, #2277, #2032, #730, #2525, #1742, #435, #327, #213, #2064, #697, #2472, #629, #1238, #2596, #1350, #2010, #437, #474, #1587, #1416, #2433, #2398, #16, #487, #2435, #924, #824, #1559, #956, #1812, #2491, #793, #589, #1655, #1721, #1472 ) ) ;
#1280 = EDGE_CURVE ( 'NONE', #443, #2565, #191, .T. ) ;
#1281 = AXIS2_PLACEMENT_3D ( 'NONE', #175, #827, #2451 ) ;
#1282 = CARTESIAN_POINT ( 'NONE',  ( 6.189145709360963643, 19.79124447524332098, 1.988336407601797529 ) ) ;
#1283 = PRODUCT ( 'atomizer module', 'atomizer module', '', ( #1096 ) ) ;
#1284 = CARTESIAN_POINT ( 'NONE',  ( -4.330127018922193649, 28.43552516227495630, 2.500000000000000000 ) ) ;
#1285 = VERTEX_POINT ( 'NONE', #1070 ) ;
#1286 = CARTESIAN_POINT ( 'NONE',  ( 0.000000000000000000, 5.000000000000000000, 0.000000000000000000 ) ) ;
#1287 = CARTESIAN_POINT ( 'NONE',  ( -4.958877067835413044, 15.85032972656660810, -0.6606872107490914248 ) ) ;
#1288 = DIRECTION ( 'NONE',  ( 0.000000000000000000, -0.000000000000000000, 1.000000000000000000 ) ) ;
#1289 = DIRECTION ( 'NONE',  ( 1.000000000000000000, 1.239018538615284036E-16, 1.239018538615283790E-16 ) ) ;
#1290 = CARTESIAN_POINT ( 'NONE',  ( 0.000000000000000000, 15.83499205945373944, 0.000000000000000000 ) ) ;
#1291 = CARTESIAN_POINT ( 'NONE',  ( 6.129221314225017814, 29.52598273396441897, -2.166038004746743795 ) ) ;
#1292 = CARTESIAN_POINT ( 'NONE',  ( 6.451166429396138824, 15.89632623553421276, -0.8100806735880320408 ) ) ;
#1293 = VERTEX_POINT ( 'NONE', #1216 ) ;
#1294 = VERTEX_POINT ( 'NONE', #440 ) ;
#1295 = ORIENTED_EDGE ( 'NONE', *, *, #1486, .T. ) ;
#1296 = EDGE_CURVE ( 'NONE', #878, #566, #1468, .T. ) ;
#1297 = DIRECTION ( 'NONE',  ( 0.000000000000000000, 0.000000000000000000, 1.000000000000000000 ) ) ;
#1298 = ORIENTED_EDGE ( 'NONE', *, *, #166, .T. ) ;
#1299 = CARTESIAN_POINT ( 'NONE',  ( 0.000000000000000000, 1.100000000000000089, 0.000000000000000000 ) ) ;
#1300 = EDGE_CURVE ( 'NONE', #2125, #104, #1646, .T. ) ;
#1301 = PLANE ( 'NONE',  #1051 ) ;
#1302 = CARTESIAN_POINT ( 'NONE',  ( 4.761777530796331703, 16.28448248336871984, -1.531360657389279512 ) ) ;
#1303 = APPLICATION_PROTOCOL_DEFINITION ( 'draft international standard', 'automotive_design', 1998, #559 ) ;
#1304 = CARTESIAN_POINT ( 'NONE',  ( 6.499964095798016928, 30.76711350074005580, 0.1661906060500811522 ) ) ;
#1305 = CARTESIAN_POINT ( 'NONE',  ( 31.50000000000000000, 15.83499205945373944, 0.000000000000000000 ) ) ;
#1306 = ORIENTED_EDGE ( 'NONE', *, *, #1638, .T. ) ;
#1307 = FACE_OUTER_BOUND ( 'NONE', #2412, .T. ) ;
#1308 = ORIENTED_EDGE ( 'NONE', *, *, #1135, .T. ) ;
#1309 = VERTEX_POINT ( 'NONE', #451 ) ;
#1310 = PRODUCT_DEFINITION_SHAPE ( 'NONE', 'NONE',  #2644 ) ;
#1311 = EDGE_CURVE ( 'NONE', #1933, #2059, #2239, .T. ) ;
#1312 = CARTESIAN_POINT ( 'NONE',  ( 0.000000000000000000, 15.83499205945373944, 0.000000000000000000 ) ) ;
#1313 = CARTESIAN_POINT ( 'NONE',  ( -6.190063900466525659, 26.73944577908339326, -1.985493254810670072 ) ) ;
#1314 = SHAPE_DEFINITION_REPRESENTATION ( #2513, #944 ) ;
#1315 = AXIS2_PLACEMENT_3D ( 'NONE', #2018, #2252, #999 ) ;
#1316 = CARTESIAN_POINT ( 'NONE',  ( 31.50000000000000000, 28.26720685167784097, 2.500000000000000000 ) ) ;
#1317 = AXIS2_PLACEMENT_3D ( 'NONE', #318, #902, #305 ) ;
#1318 = DIRECTION ( 'NONE',  ( 0.000000000000000000, -0.000000000000000000, 1.000000000000000000 ) ) ;
#1319 = EDGE_LOOP ( 'NONE', ( #532, #928 ) ) ;
#1320 = CYLINDRICAL_SURFACE ( 'NONE', #418, 6.500000000000000888 ) ;
#1321 = ORIENTED_EDGE ( 'NONE', *, *, #2216, .F. ) ;
#1322 = ORIENTED_EDGE ( 'NONE', *, *, #88, .T. ) ;
#1323 = AXIS2_PLACEMENT_3D ( 'NONE', #2237, #650, #28 ) ;
#1324 = AXIS2_PLACEMENT_3D ( 'NONE', #2070, #241, #2284 ) ;
#1325 = EDGE_LOOP ( 'NONE', ( #1576, #484, #655, #2088 ) ) ;
#1326 = CARTESIAN_POINT ( 'NONE',  ( -3.031088913245532090, 30.69942164390194250, -3.976493430146718744 ) ) ;
#1327 = AXIS2_PLACEMENT_3D ( 'NONE', #1670, #835, #210 ) ;
#1328 = VECTOR ( 'NONE', #316, 1000.000000000000000 ) ;
#1329 = CYLINDRICAL_SURFACE ( 'NONE', #1097, 5.000000000000000000 ) ;
#1330 = CARTESIAN_POINT ( 'NONE',  ( 4.935103535999340707, 15.89901228060301719, 0.8174340017590926433 ) ) ;
#1331 = APPLICATION_PROTOCOL_DEFINITION ( 'draft international standard', 'automotive_design', 1998, #295 ) ;
#1332 = CARTESIAN_POINT ( 'NONE',  ( 6.033455228702869100, 28.92193099940776335, -2.418399233873708809 ) ) ;
#1333 = PLANE ( 'NONE',  #2454 ) ;
#1334 = EDGE_LOOP ( 'NONE', ( #2362, #128, #1182, #277, #1666, #129, #1101, #1220, #888, #388, #1132, #264, #1937, #2140, #84, #1530, #482, #1770, #1118, #1502 ) ) ;
#1335 = VERTEX_POINT ( 'NONE', #2225 ) ;
#1336 = ORIENTED_EDGE ( 'NONE', *, *, #1922, .F. ) ;
#1337 = CARTESIAN_POINT ( 'NONE',  ( -4.991533001829415284, 20.75039283725215356, -0.3332792636872788372 ) ) ;
#1338 = CARTESIAN_POINT ( 'NONE',  ( -6.378232005701658380, 16.10174529165751522, 1.259885177511070209 ) ) ;
#1339 = CARTESIAN_POINT ( 'NONE',  ( -6.006975437511434812, 27.93674232499726173, 2.483433553213049816 ) ) ;
#1340 = CARTESIAN_POINT ( 'NONE',  ( 7.960204194457796463E-16, 20.78766299294139586, 6.500000000000000888 ) ) ;
#1341 = EDGE_CURVE ( 'NONE', #1233, #2124, #2019, .T. ) ;
#1342 = CARTESIAN_POINT ( 'NONE',  ( 4.761959749322187463, 20.25036540033208254, -1.530787807796744504 ) ) ;
#1343 = ORIENTED_EDGE ( 'NONE', *, *, #1863, .T. ) ;
#1344 = ORIENTED_EDGE ( 'NONE', *, *, #1776, .F. ) ;
#1345 = CARTESIAN_POINT ( 'NONE',  ( -4.839989195218659113, 30.43103819393244791, -1.262574871428693069 ) ) ;
#1346 = CARTESIAN_POINT ( 'NONE',  ( -3.031088913245538752, 15.83499205945373944, -5.749999999999999112 ) ) ;
#1347 = CARTESIAN_POINT ( 'NONE',  ( 0.000000000000000000, 38.00000000000000000, 0.000000000000000000 ) ) ;
#1348 = ORIENTED_EDGE ( 'NONE', *, *, #1574, .F. ) ;
#1349 = DIRECTION ( 'NONE',  ( 0.000000000000000000, 0.000000000000000000, 1.000000000000000000 ) ) ;
#1350 = ADVANCED_FACE ( 'NONE', ( #412 ), #1056, .T. ) ;
#1351 = CARTESIAN_POINT ( 'NONE',  ( 4.991586976496187766, 15.78391203256876807, 0.3326145978218676413 ) ) ;
#1352 = ORIENTED_EDGE ( 'NONE', *, *, #1935, .F. ) ;
#1353 = CARTESIAN_POINT ( 'NONE',  ( 6.033062107698961896, 28.91781525300817179, 2.419371349077484634 ) ) ;
#1354 = CARTESIAN_POINT ( 'NONE',  ( 31.50000000000000000, 20.78766299294139586, 0.000000000000000000 ) ) ;
#1355 = VECTOR ( 'NONE', #1878, 1000.000000000000000 ) ;
#1356 = ORIENTED_EDGE ( 'NONE', *, *, #102, .T. ) ;
#1357 = VERTEX_POINT ( 'NONE', #2253 ) ;
#1358 = EDGE_CURVE ( 'NONE', #507, #1663, #1256, .T. ) ;
#1359 = MECHANICAL_DESIGN_GEOMETRIC_PRESENTATION_REPRESENTATION (  '', ( #496 ), #407 ) ;
#1360 = CARTESIAN_POINT ( 'NONE',  ( -4.403728554650194305, 29.08215975034055845, -2.368997079358950320 ) ) ;
#1361 = DIRECTION ( 'NONE',  ( -0.000000000000000000, -1.000000000000000000, -0.000000000000000000 ) ) ;
#1362 = CIRCLE ( 'NONE', #61, 6.000000000000000888 ) ;
#1363 = EDGE_CURVE ( 'NONE', #180, #2350, #427, .T. ) ;
#1364 = APPLICATION_CONTEXT ( 'automotive_design' ) ;
#1365 = CIRCLE ( 'NONE', #1398, 5.000000000000000000 ) ;
#1366 = CARTESIAN_POINT ( 'NONE',  ( -6.052855793031932663, 29.07916202826750762, 2.370121633505915870 ) ) ;
#1367 = DIRECTION ( 'NONE',  ( 1.000000000000000000, 0.000000000000000000, 0.000000000000000000 ) ) ;
#1368 = CARTESIAN_POINT ( 'NONE',  ( 31.50000000000000000, 20.78766299294139586, 0.000000000000000000 ) ) ;
#1369 = CARTESIAN_POINT ( 'NONE',  ( 0.1999999999999995393, 1.899999999999999689, 1.481219931849748095 ) ) ;
#1370 = DIRECTION ( 'NONE',  ( 0.000000000000000000, 1.000000000000000000, 0.000000000000000000 ) ) ;
#1371 = ORIENTED_EDGE ( 'NONE', *, *, #1395, .F. ) ;
#1372 = LINE ( 'NONE', #1407, #369 ) ;
#1373 = FACE_OUTER_BOUND ( 'NONE', #266, .T. ) ;
#1374 = EDGE_CURVE ( 'NONE', #1719, #1593, #1265, .T. ) ;
#1375 = EDGE_LOOP ( 'NONE', ( #2053, #45, #970, #1793 ) ) ;
#1376 = CARTESIAN_POINT ( 'NONE',  ( 1.224646799147353454E-15, 0.000000000000000000, 10.00000000000000178 ) ) ;
#1377 = CARTESIAN_POINT ( 'NONE',  ( 4.958877067835413044, 30.68408397678908628, -0.6606872107490914248 ) ) ;
#1378 = CARTESIAN_POINT ( 'NONE',  ( 6.405494179157143364, 26.02357535888453910, -1.115088928414457836 ) ) ;
#1379 = CARTESIAN_POINT ( 'NONE',  ( -4.719932550351285450, 26.38603371080669291, -1.654377389002481769 ) ) ;
#1380 = FACE_OUTER_BOUND ( 'NONE', #1045, .T. ) ;
#1381 = ORIENTED_EDGE ( 'NONE', *, *, #547, .T. ) ;
#1382 = FACE_OUTER_BOUND ( 'NONE', #1077, .T. ) ;
#1383 = CARTESIAN_POINT ( 'NONE',  ( 0.000000000000000000, 38.00000000000000000, 0.000000000000000000 ) ) ;
#1384 = CARTESIAN_POINT ( 'NONE',  ( -6.319416078669120473, 30.25273251488157200, -1.527738534646996937 ) ) ;
#1385 = ADVANCED_FACE ( 'NONE', ( #871 ), #1850, .F. ) ;
#1386 = CARTESIAN_POINT ( 'NONE',  ( -6.500035598228263822, 15.76711429627177985, -0.1633700889635338604 ) ) ;
#1387 = CARTESIAN_POINT ( 'NONE',  ( 4.719648525152561724, 26.38675396090966530, 1.655170403702112658 ) ) ;
#1388 = LINE ( 'NONE', #126, #373 ) ;
#1389 = CYLINDRICAL_SURFACE ( 'NONE', #1558, 10.00000000000000178 ) ;
#1390 = VERTEX_POINT ( 'NONE', #2464 ) ;
#1391 = CARTESIAN_POINT ( 'NONE',  ( -3.031088913245534311, 25.74675071041428964, -25.75000000000000000 ) ) ;
#1392 = CARTESIAN_POINT ( 'NONE',  ( 0.000000000000000000, 0.000000000000000000, 0.000000000000000000 ) ) ;
#1393 = ORIENTED_EDGE ( 'NONE', *, *, #1906, .F. ) ;
#1394 = VECTOR ( 'NONE', #758, 1000.000000000000000 ) ;
#1395 = EDGE_CURVE ( 'NONE', #1199, #2040, #638, .T. ) ;
#1396 = CIRCLE ( 'NONE', #1187, 6.500000000000000888 ) ;
#1397 = DIRECTION ( 'NONE',  ( 1.000000000000000000, 0.000000000000000000, -1.199662470992219437E-16 ) ) ;
#1398 = AXIS2_PLACEMENT_3D ( 'NONE', #820, #2044, #208 ) ;
#1399 = CARTESIAN_POINT ( 'NONE',  ( 6.123233995736766282E-16, 38.00000000000000000, 5.000000000000000000 ) ) ;
#1400 = CARTESIAN_POINT ( 'NONE',  ( 4.991586976496187766, 25.78391203256876452, 0.3326145978218676413 ) ) ;
#1401 =( GEOMETRIC_REPRESENTATION_CONTEXT ( 3 ) GLOBAL_UNCERTAINTY_ASSIGNED_CONTEXT ( ( #2154 ) ) GLOBAL_UNIT_ASSIGNED_CONTEXT ( ( #684, #1119, #2139 ) ) REPRESENTATION_CONTEXT ( 'NONE', 'WORKASPACE' ) );
#1402 = AXIS2_PLACEMENT_3D ( 'NONE', #471, #2096, #483 ) ;
#1403 = CARTESIAN_POINT ( 'NONE',  ( 6.100374386137766614, 29.37943749261428295, 2.244994743588352382 ) ) ;
#1404 = DIRECTION ( 'NONE',  ( 0.000000000000000000, 1.000000000000000000, 0.000000000000000000 ) ) ;
#1405 = EDGE_CURVE ( 'NONE', #454, #740, #2093, .T. ) ;
#1406 = VERTEX_POINT ( 'NONE', #468 ) ;
#1407 = CARTESIAN_POINT ( 'NONE',  ( 0.000000000000000000, 1.600000000000000089, 4.000000000000000000 ) ) ;
#1408 = CARTESIAN_POINT ( 'NONE',  ( -6.383324829542272205, 20.44906937797904689, 1.263105741301651541 ) ) ;
#1409 = VERTEX_POINT ( 'NONE', #2330 ) ;
#1410 = CARTESIAN_POINT ( 'NONE',  ( -4.403728554650194305, 19.08215975034055134, -2.368997079358950320 ) ) ;
#1411 = ORIENTED_EDGE ( 'NONE', *, *, #1965, .T. ) ;
#1412 = DIRECTION ( 'NONE',  ( 0.000000000000000000, 0.000000000000000000, -1.000000000000000000 ) ) ;
#1413 = CARTESIAN_POINT ( 'NONE',  ( 6.006867973541549333, 27.93752008490939076, -2.483702572146012422 ) ) ;
#1414 = DIRECTION ( 'NONE',  ( 0.000000000000000000, 1.000000000000000000, 0.000000000000000000 ) ) ;
#1415 =( LENGTH_UNIT ( ) NAMED_UNIT ( * ) SI_UNIT ( .MILLI., .METRE. ) );
#1416 = ADVANCED_FACE ( 'NONE', ( #2105 ), #1921, .F. ) ;
#1417 = EDGE_CURVE ( 'NONE', #2067, #1678, #1521, .T. ) ;
#1418 = DIRECTION ( 'NONE',  ( -0.000000000000000000, 1.000000000000000000, -0.000000000000000000 ) ) ;
#1419 = DIRECTION ( 'NONE',  ( -0.000000000000000000, -0.000000000000000000, 1.000000000000000000 ) ) ;
#1420 = CARTESIAN_POINT ( 'NONE',  ( 6.383324829542272205, 26.08534432537663861, 1.263105741301651541 ) ) ;
#1421 = CARTESIAN_POINT ( 'NONE',  ( 0.000000000000000000, 0.000000000000000000, 100.0000000000000000 ) ) ;
#1422 = CARTESIAN_POINT ( 'NONE',  ( 6.493671190809580551, 20.75088959181124437, 0.3298771273723791198 ) ) ;
#1423 = CARTESIAN_POINT ( 'NONE',  ( 4.508345273325136127, 29.52868480797583928, 2.164384123464675014 ) ) ;
#1424 = LINE ( 'NONE', #2405, #628 ) ;
#1425 = DIRECTION ( 'NONE',  ( 0.000000000000000000, 1.000000000000000000, 0.000000000000000000 ) ) ;
#1426 = CARTESIAN_POINT ( 'NONE',  ( 4.502300717033388189, 16.99953065982544587, 2.179338308928450818 ) ) ;
#1427 = FACE_OUTER_BOUND ( 'NONE', #36, .T. ) ;
#1428 = DIRECTION ( 'NONE',  ( 0.000000000000000000, 1.000000000000000000, 0.000000000000000000 ) ) ;
#1429 = CARTESIAN_POINT ( 'NONE',  ( 0.000000000000000000, 25.74675071041428964, 0.000000000000000000 ) ) ;
#1430 = DIRECTION ( 'NONE',  ( 0.000000000000000000, 0.000000000000000000, 1.000000000000000000 ) ) ;
#1431 = DIRECTION ( 'NONE',  ( -1.000000000000000000, 4.378252409844693461E-16, 0.000000000000000000 ) ) ;
#1432 = COLOUR_RGB ( '',0.7921568627450980005, 0.8196078431372548767, 0.9333333333333333481 ) ;
#1433 = EDGE_CURVE ( 'NONE', #1706, #891, #2520, .T. ) ;
#1434 = CARTESIAN_POINT ( 'NONE',  ( 6.052367887943209013, 19.07569086425836957, 2.371373441442512942 ) ) ;
#1435 = CIRCLE ( 'NONE', #2324, 5.000000000000000000 ) ;
#1436 = DIRECTION ( 'NONE',  ( 0.000000000000000000, 1.000000000000000000, 0.000000000000000000 ) ) ;
#1437 = AXIS2_PLACEMENT_3D ( 'NONE', #40, #1014, #1832 ) ;
#1438 = CARTESIAN_POINT ( 'NONE',  ( -4.330127018922193649, 28.26720685167784097, 2.500000000000000000 ) ) ;
#1439 = AXIS2_PLACEMENT_3D ( 'NONE', #1223, #819, #1297 ) ;
#1440 = AXIS2_PLACEMENT_3D ( 'NONE', #870, #1673, #1497 ) ;
#1441 = DIRECTION ( 'NONE',  ( 0.000000000000000000, 1.000000000000000000, 0.000000000000000000 ) ) ;
#1442 = CARTESIAN_POINT ( 'NONE',  ( 6.052855793031932663, 17.45525167508817077, 2.370121633505915870 ) ) ;
#1443 = CARTESIAN_POINT ( 'NONE',  ( -6.000000000000000888, 18.26720685167784097, 2.500000000000000000 ) ) ;
#1444 = AXIS2_PLACEMENT_3D ( 'NONE', #1023, #220, #783 ) ;
#1445 = ORIENTED_EDGE ( 'NONE', *, *, #2312, .T. ) ;
#1446 = FACE_OUTER_BOUND ( 'NONE', #2187, .T. ) ;
#1447 = CARTESIAN_POINT ( 'NONE',  ( 6.000000000000001776, 18.43411253468306654, 2.500000000000000000 ) ) ;
#1448 = ORIENTED_EDGE ( 'NONE', *, *, #2168, .T. ) ;
#1449 = EDGE_CURVE ( 'NONE', #915, #886, #1703, .T. ) ;
#1450 = DIRECTION ( 'NONE',  ( -1.000000000000000000, 0.000000000000000000, 0.000000000000000000 ) ) ;
#1451 = VERTEX_POINT ( 'NONE', #289 ) ;
#1452 = CARTESIAN_POINT ( 'NONE',  ( 0.000000000000000000, 3.000000000000000000, -10.00000000000000000 ) ) ;
#1453 = CYLINDRICAL_SURFACE ( 'NONE', #1110, 10.00000000000000000 ) ;
#1454 = CARTESIAN_POINT ( 'NONE',  ( 3.031088913245521432, 38.00000000000000000, -3.976493430146727626 ) ) ;
#1455 = DIRECTION ( 'NONE',  ( -1.000000000000000000, 0.000000000000000000, 0.000000000000000000 ) ) ;
#1456 = CARTESIAN_POINT ( 'NONE',  ( -6.493666087877270066, 20.75087365903249648, 0.3295901886515054113 ) ) ;
#1457 = ORIENTED_EDGE ( 'NONE', *, *, #2558, .F. ) ;
#1458 = EDGE_LOOP ( 'NONE', ( #2298, #2268, #2399, #2363 ) ) ;
#1459 = PLANE ( 'NONE',  #852 ) ;
#1460 = EDGE_CURVE ( 'NONE', #2380, #1471, #2347, .T. ) ;
#1461 = DIRECTION ( 'NONE',  ( -0.000000000000000000, -1.000000000000000000, -0.000000000000000000 ) ) ;
#1462 = ORIENTED_EDGE ( 'NONE', *, *, #1465, .F. ) ;
#1463 = CARTESIAN_POINT ( 'NONE',  ( -4.935357116109528874, 30.63594434758890728, -0.8162077602172094215 ) ) ;
#1464 = CARTESIAN_POINT ( 'NONE',  ( -5.000000000000000000, 0.000000000000000000, 100.0000000000000000 ) ) ;
#1465 = EDGE_CURVE ( 'NONE', #947, #2214, #1945, .T. ) ;
#1466 = CARTESIAN_POINT ( 'NONE',  ( -4.991694699755270470, 25.78369495403138600, 0.3312656108842267910 ) ) ;
#1467 = CARTESIAN_POINT ( 'NONE',  ( -3.031088913245508998, 15.83499205945373944, 3.976493430146736952 ) ) ;
#1468 = LINE ( 'NONE', #596, #669 ) ;
#1469 = CARTESIAN_POINT ( 'NONE',  ( 1.347111479062088405E-15, 0.000000000000000000, -10.49999999999999822 ) ) ;
#1470 = EDGE_LOOP ( 'NONE', ( #1091, #1267, #2332, #419 ) ) ;
#1471 = VERTEX_POINT ( 'NONE', #1537 ) ;
#1472 = ADVANCED_FACE ( 'NONE', ( #1084 ), #1931, .F. ) ;
#1473 = DIRECTION ( 'NONE',  ( 0.000000000000000000, 0.000000000000000000, 1.000000000000000000 ) ) ;
#1474 = EDGE_LOOP ( 'NONE', ( #2441, #1295, #364, #2352 ) ) ;
#1475 = CARTESIAN_POINT ( 'NONE',  ( -4.330127018922193649, 18.26720685167784097, -2.500000000000000000 ) ) ;
#1476 = SURFACE_STYLE_FILL_AREA ( #51 ) ;
#1477 = VECTOR ( 'NONE', #1498, 1000.000000000000000 ) ;
#1478 = CARTESIAN_POINT ( 'NONE',  ( -3.031088913245528538, 38.00000000000000000, 5.750000000000004441 ) ) ;
#1479 = VECTOR ( 'NONE', #2182, 1000.000000000000000 ) ;
#1480 = DIRECTION ( 'NONE',  ( 0.000000000000000000, 0.000000000000000000, -1.000000000000000000 ) ) ;
#1481 =( NAMED_UNIT ( * ) SI_UNIT ( $, .STERADIAN. ) SOLID_ANGLE_UNIT ( ) );
#1482 = CIRCLE ( 'NONE', #1522, 6.500000000000000888 ) ;
#1483 = AXIS2_PLACEMENT_3D ( 'NONE', #359, #1169, #796 ) ;
#1484 = CIRCLE ( 'NONE', #1734, 10.00000000000000178 ) ;
#1485 = DIRECTION ( 'NONE',  ( 1.229654032767024818E-16, 0.000000000000000000, 1.000000000000000000 ) ) ;
#1486 = EDGE_CURVE ( 'NONE', #2354, #470, #1140, .T. ) ;
#1487 = DIRECTION ( 'NONE',  ( 0.000000000000000000, -1.000000000000000000, 0.000000000000000000 ) ) ;
#1488 = EDGE_LOOP ( 'NONE', ( #1838, #431, #657, #2023, #803 ) ) ;
#1489 = SHAPE_REPRESENTATION ( 'atomizer module', ( #2269, #762, #721, #1106 ), #567 ) ;
#1490 = EDGE_LOOP ( 'NONE', ( #2131, #828, #2635, #666, #1984, #2622 ) ) ;
#1491 = ORIENTED_EDGE ( 'NONE', *, *, #2610, .F. ) ;
#1492 = VECTOR ( 'NONE', #2090, 1000.000000000000000 ) ;
#1493 = DIRECTION ( 'NONE',  ( 0.000000000000000000, 0.000000000000000000, -1.000000000000000000 ) ) ;
#1494 = ORIENTED_EDGE ( 'NONE', *, *, #2013, .F. ) ;
#1495 = CARTESIAN_POINT ( 'NONE',  ( -4.935748046262369293, 15.89766182562905783, 0.8137847001200598784 ) ) ;
#1496 = CARTESIAN_POINT ( 'NONE',  ( 4.875439819066918368, 16.02598377256561690, -1.119835497753354003 ) ) ;
#1497 = DIRECTION ( 'NONE',  ( 0.000000000000000000, 0.000000000000000000, -1.000000000000000000 ) ) ;
#1498 = DIRECTION ( 'NONE',  ( -0.000000000000000000, -0.000000000000000000, 1.000000000000000000 ) ) ;
#1499 = DIRECTION ( 'NONE',  ( -0.000000000000000000, -0.000000000000000000, 1.000000000000000000 ) ) ;
#1500 = ORIENTED_EDGE ( 'NONE', *, *, #1757, .T. ) ;
#1501 = ORIENTED_EDGE ( 'NONE', *, *, #70, .T. ) ;
#1502 = ORIENTED_EDGE ( 'NONE', *, *, #683, .F. ) ;
#1503 = EDGE_CURVE ( 'NONE', #1526, #685, #1727, .T. ) ;
#1504 = EDGE_LOOP ( 'NONE', ( #1445, #1121, #1680, #1693 ) ) ;
#1505 = CARTESIAN_POINT ( 'NONE',  ( -4.840105288336520317, 16.10311896595809955, -1.262122325482216700 ) ) ;
#1506 = CARTESIAN_POINT ( 'NONE',  ( -6.406011642571860065, 26.02211406166502528, -1.111950708818440825 ) ) ;
#1507 = CARTESIAN_POINT ( 'NONE',  ( 0.000000000000000000, 0.000000000000000000, 0.000000000000000000 ) ) ;
#1508 = CARTESIAN_POINT ( 'NONE',  ( 3.031088913245540528, 20.78766299294139586, -25.75000000000000000 ) ) ;
#1509 = CARTESIAN_POINT ( 'NONE',  ( 0.000000000000000000, 25.74675071041428964, 0.000000000000000000 ) ) ;
#1510 = ORIENTED_EDGE ( 'NONE', *, *, #1920, .F. ) ;
#1511 = DIRECTION ( 'NONE',  ( 0.000000000000000000, 0.000000000000000000, 1.000000000000000000 ) ) ;
#1512 = VERTEX_POINT ( 'NONE', #1340 ) ;
#1513 = VERTEX_POINT ( 'NONE', #703 ) ;
#1514 = VERTEX_POINT ( 'NONE', #303 ) ;
#1515 = CARTESIAN_POINT ( 'NONE',  ( 0.000000000000000000, 15.83499205945373944, 0.000000000000000000 ) ) ;
#1516 = EDGE_CURVE ( 'NONE', #695, #1263, #1623, .T. ) ;
#1517 = ORIENTED_EDGE ( 'NONE', *, *, #534, .T. ) ;
#1518 = DIRECTION ( 'NONE',  ( 0.000000000000000000, 0.000000000000000000, -1.000000000000000000 ) ) ;
#1519 = CARTESIAN_POINT ( 'NONE',  ( -6.450739551775359182, 25.89750456817587576, 0.8131089733602320235 ) ) ;
#1520 = CIRCLE ( 'NONE', #836, 5.000000000000000000 ) ;
#1521 = LINE ( 'NONE', #2492, #499 ) ;
#1522 = AXIS2_PLACEMENT_3D ( 'NONE', #1509, #276, #1523 ) ;
#1523 = DIRECTION ( 'NONE',  ( 0.000000000000000000, 0.000000000000000000, -1.000000000000000000 ) ) ;
#1524 = VERTEX_POINT ( 'NONE', #1555 ) ;
#1525 = ORIENTED_EDGE ( 'NONE', *, *, #1954, .F. ) ;
#1526 = VERTEX_POINT ( 'NONE', #961 ) ;
#1527 = CARTESIAN_POINT ( 'NONE',  ( -4.502300717033388189, 29.53488304353023608, 2.179338308928450818 ) ) ;
#1528 = LINE ( 'NONE', #1105, #2169 ) ;
#1529 = VECTOR ( 'NONE', #46, 1000.000000000000000 ) ;
#1530 = ORIENTED_EDGE ( 'NONE', *, *, #2115, .F. ) ;
#1531 = VECTOR ( 'NONE', #1978, 1000.000000000000000 ) ;
#1532 = EDGE_CURVE ( 'NONE', #1551, #1593, #1388, .T. ) ;
#1533 = CARTESIAN_POINT ( 'NONE',  ( -4.330127018922192761, 18.10171143134301630, -2.500000000000000000 ) ) ;
#1534 = CARTESIAN_POINT ( 'NONE',  ( -6.033062107698961896, 27.61659845034751370, 2.419371349077484634 ) ) ;
#1535 =( NAMED_UNIT ( * ) SI_UNIT ( $, .STERADIAN. ) SOLID_ANGLE_UNIT ( ) );
#1536 = PRODUCT_DEFINITION_SHAPE ( 'NONE', 'NONE',  #2368 ) ;
#1537 = CARTESIAN_POINT ( 'NONE',  ( 3.031088913245540528, 20.78766299294139586, 5.749999999999998224 ) ) ;
#1538 = CARTESIAN_POINT ( 'NONE',  ( 4.330127018922192761, 18.43270227201266565, -2.500000000000000000 ) ) ;
#1539 = ORIENTED_EDGE ( 'NONE', *, *, #963, .F. ) ;
#1540 = ORIENTED_EDGE ( 'NONE', *, *, #70, .F. ) ;
#1541 = ORIENTED_EDGE ( 'NONE', *, *, #196, .F. ) ;
#1542 = DIRECTION ( 'NONE',  ( 1.000000000000000000, -0.000000000000000000, 1.224646799147353207E-16 ) ) ;
#1543 = DIRECTION ( 'NONE',  ( 0.000000000000000000, 0.000000000000000000, 1.000000000000000000 ) ) ;
#1544 = B_SPLINE_CURVE_WITH_KNOTS ( 'NONE', 3,
 ( #1166, #808, #159, #1581, #563, #1800, #2429, #1387, #1206, #169, #985, #1789, #2599, #1400, #384, #604, #777, #1590, #574, #2004, #998, #2612, #2234, #132, #2519, #42, #2223, #2393, #791, #2289 ),
 .UNSPECIFIED., .F., .F.,
 ( 4, 2, 2, 2, 2, 2, 2, 2, 2, 2, 2, 2, 2, 2, 4 ),
 ( 0.000000000000000000, 0.0004969682670922734042, 0.0009939365341845468084, 0.001987873068369102724, 0.002484841335461376779, 0.002981809602553651267, 0.003478777869645925322, 0.003975746136738200244, 0.004472714403830474299, 0.004969682670922748353, 0.005466650938015023276, 0.005963619205107297330, 0.006957555739291845440, 0.007454524006384116025, 0.007951492273476384876 ),
 .UNSPECIFIED. ) ;
#1545 = CARTESIAN_POINT ( 'NONE',  ( -6.189145709360963643, 16.74316922811236097, 1.988336407601797529 ) ) ;
#1546 = CARTESIAN_POINT ( 'NONE',  ( -6.493581018080678113, 25.78376360174455328, -0.3309127638456068610 ) ) ;
#1547 = EDGE_CURVE ( 'NONE', #2150, #1512, #2031, .T. ) ;
#1548 = DIRECTION ( 'NONE',  ( 0.000000000000000000, -1.000000000000000000, 0.000000000000000000 ) ) ;
#1549 = DIRECTION ( 'NONE',  ( 0.000000000000000000, 1.000000000000000000, 0.000000000000000000 ) ) ;
#1550 = ORIENTED_EDGE ( 'NONE', *, *, #1135, .F. ) ;
#1551 = VERTEX_POINT ( 'NONE', #1958 ) ;
#1552 = ORIENTED_EDGE ( 'NONE', *, *, #2086, .F. ) ;
#1553 = ORIENTED_EDGE ( 'NONE', *, *, #1532, .T. ) ;
#1554 = CARTESIAN_POINT ( 'NONE',  ( 4.761959749322187463, 30.25036540033209320, -1.530787807796744504 ) ) ;
#1555 = CARTESIAN_POINT ( 'NONE',  ( -3.031088913245508998, 20.78766299294139586, -3.976493430146736952 ) ) ;
#1556 = CARTESIAN_POINT ( 'NONE',  ( 0.000000000000000000, 1.899999999999999911, 0.000000000000000000 ) ) ;
#1557 = ORIENTED_EDGE ( 'NONE', *, *, #764, .F. ) ;
#1558 = AXIS2_PLACEMENT_3D ( 'NONE', #951, #2213, #1609 ) ;
#1559 = ADVANCED_FACE ( 'NONE', ( #1180 ), #1746, .F. ) ;
#1560 = DIRECTION ( 'NONE',  ( 0.000000000000000000, 0.000000000000000000, 1.000000000000000000 ) ) ;
#1561 = CARTESIAN_POINT ( 'NONE',  ( -3.031088913245540528, 20.78766299294139586, -5.749999999999998224 ) ) ;
#1562 = AXIS2_PLACEMENT_3D ( 'NONE', #637, #229, #810 ) ;
#1563 = CIRCLE ( 'NONE', #149, 5.000000000000000000 ) ;
#1564 = ORIENTED_EDGE ( 'NONE', *, *, #1767, .T. ) ;
#1565 = CARTESIAN_POINT ( 'NONE',  ( -6.189821506153359465, 29.79402647414275762, -1.986258632763534981 ) ) ;
#1566 = CIRCLE ( 'NONE', #2329, 4.000000000000000000 ) ;
#1567 = CARTESIAN_POINT ( 'NONE',  ( -6.052367887943209013, 17.45872283909730527, 2.371373441442512942 ) ) ;
#1568 = CIRCLE ( 'NONE', #1402, 4.000000000000000000 ) ;
#1569 = DIRECTION ( 'NONE',  ( -1.000000000000000000, 0.000000000000000000, 0.000000000000000000 ) ) ;
#1570 = CARTESIAN_POINT ( 'NONE',  ( -4.403597382036959829, 27.45257183284313030, -2.369277312476157249 ) ) ;
#1571 = CARTESIAN_POINT ( 'NONE',  ( 4.633419741925094648, 19.91940784647988139, 1.883161293889717980 ) ) ;
#1572 = ORIENTED_EDGE ( 'NONE', *, *, #917, .F. ) ;
#1573 = CARTESIAN_POINT ( 'NONE',  ( 0.000000000000000000, 0.000000000000000000, 10.49999999999999822 ) ) ;
#1574 = EDGE_CURVE ( 'NONE', #1720, #2059, #842, .T. ) ;
#1575 = CYLINDRICAL_SURFACE ( 'NONE', #1739, 6.000000000000000888 ) ;
#1576 = ORIENTED_EDGE ( 'NONE', *, *, #2168, .F. ) ;
#1577 = EDGE_CURVE ( 'NONE', #1963, #2124, #1006, .T. ) ;
#1578 = CARTESIAN_POINT ( 'NONE',  ( -6.006969933882614576, 28.59793671755795685, 2.483450209232993533 ) ) ;
#1579 = CARTESIAN_POINT ( 'NONE',  ( -6.406011642571860065, 16.02211406166502883, -1.111950708818440825 ) ) ;
#1580 = B_SPLINE_CURVE_WITH_KNOTS ( 'NONE', 3,
 ( #382, #1204, #1630, #2030, #444, #1656, #2042, #1, #2442, #206, #194, #613, #1857, #602, #255, #877, #1064, #1076, #1422, #417, #20, #1667, #459, #2232, #851, #2469, #1282, #830, #2247, #1434, #1024, #221, #1447, #1235 ),
 .UNSPECIFIED., .F., .F.,
 ( 4, 2, 2, 2, 2, 2, 2, 2, 2, 2, 2, 2, 2, 2, 2, 2, 4 ),
 ( 0.007892630600260680876, 0.008385820122516641356, 0.008879009644772600102, 0.009372199167028560582, 0.009865388689284519327, 0.01035857821154047981, 0.01085176773379643855, 0.01134495725605239903, 0.01183814677830835951, 0.01233133630056431826, 0.01282452582282027700, 0.01331771534507623748, 0.01381090486733219797, 0.01430409438958815671, 0.01479728391184411719, 0.01529047343410007767, 0.01578366295635603642 ),
 .UNSPECIFIED. ) ;
#1581 = CARTESIAN_POINT ( 'NONE',  ( 4.376637027498675003, 27.61091111409147558, 2.417943090008122464 ) ) ;
#1582 = DIRECTION ( 'NONE',  ( -1.000000000000000000, 0.000000000000000000, 0.000000000000000000 ) ) ;
#1583 = PLANE ( 'NONE',  #2546 ) ;
#1584 = ORIENTED_EDGE ( 'NONE', *, *, #403, .T. ) ;
#1585 = LINE ( 'NONE', #1391, #2577 ) ;
#1586 = CARTESIAN_POINT ( 'NONE',  ( -6.000000000000000888, 28.26720685167784097, -2.500000000000000000 ) ) ;
#1587 = ADVANCED_FACE ( 'NONE', ( #950 ), #1758, .F. ) ;
#1588 = EDGE_CURVE ( 'NONE', #460, #1963, #747, .T. ) ;
#1589 = CARTESIAN_POINT ( 'NONE',  ( -6.287868174069430438, 16.38317706746089897, -1.651409046313623730 ) ) ;
#1590 = CARTESIAN_POINT ( 'NONE',  ( 4.959302298474799642, 25.84946198956811614, -0.6571129950766878558 ) ) ;
#1591 = DIRECTION ( 'NONE',  ( 0.000000000000000000, 0.000000000000000000, 1.000000000000000000 ) ) ;
#1592 = FACE_OUTER_BOUND ( 'NONE', #1657, .T. ) ;
#1593 = VERTEX_POINT ( 'NONE', #741 ) ;
#1594 = AXIS2_PLACEMENT_3D ( 'NONE', #2063, #2421, #1650 ) ;
#1595 = CARTESIAN_POINT ( 'NONE',  ( -3.031088913245540528, 20.78766299294139586, 5.750000000000001776 ) ) ;
#1596 = DIRECTION ( 'NONE',  ( 0.000000000000000000, 1.000000000000000000, 0.000000000000000000 ) ) ;
#1597 = ORIENTED_EDGE ( 'NONE', *, *, #445, .T. ) ;
#1598 = VECTOR ( 'NONE', #2611, 1000.000000000000000 ) ;
#1599 = CARTESIAN_POINT ( 'NONE',  ( 31.50000000000000000, 25.74675071041428964, 0.000000000000000000 ) ) ;
#1600 = FACE_OUTER_BOUND ( 'NONE', #89, .T. ) ;
#1601 = CIRCLE ( 'NONE', #1562, 6.500000000000000888 ) ;
#1602 = VECTOR ( 'NONE', #2007, 1000.000000000000000 ) ;
#1603 = CARTESIAN_POINT ( 'NONE',  ( 0.000000000000000000, 0.000000000000000000, 100.0000000000000000 ) ) ;
#1604 = CARTESIAN_POINT ( 'NONE',  ( 31.50000000000000000, 28.26720685167784097, -2.500000000000000000 ) ) ;
#1605 = AXIS2_PLACEMENT_3D ( 'NONE', #1679, #656, #1473 ) ;
#1606 = ADVANCED_FACE ( 'NONE', ( #2370 ), #1996, .F. ) ;
#1607 = AXIS2_PLACEMENT_3D ( 'NONE', #1383, #2202, #2153 ) ;
#1608 = CARTESIAN_POINT ( 'NONE',  ( -4.762877636213731947, 26.27227280088832373, 1.540940127687487449 ) ) ;
#1609 = DIRECTION ( 'NONE',  ( 0.000000000000000000, 0.000000000000000000, -1.000000000000000000 ) ) ;
#1610 = CARTESIAN_POINT ( 'NONE',  ( 1.224646799147353454E-15, 5.000000000000000000, 10.00000000000000178 ) ) ;
#1611 = DIRECTION ( 'NONE',  ( 0.000000000000000000, 0.000000000000000000, 1.000000000000000000 ) ) ;
#1612 = CARTESIAN_POINT ( 'NONE',  ( 6.000000000000000888, 28.26720685167784097, 2.500000000000000000 ) ) ;
#1613 = ORIENTED_EDGE ( 'NONE', *, *, #917, .T. ) ;
#1614 = FACE_OUTER_BOUND ( 'NONE', #265, .T. ) ;
#1615 = LINE ( 'NONE', #775, #2378 ) ;
#1616 = EDGE_CURVE ( 'NONE', #1451, #1705, #2384, .T. ) ;
#1617 = DIRECTION ( 'NONE',  ( 0.000000000000000000, 1.000000000000000000, 0.000000000000000000 ) ) ;
#1618 = CARTESIAN_POINT ( 'NONE',  ( 4.898587196589412829E-16, 1.399999999999999911, 4.000000000000000000 ) ) ;
#1619 = CARTESIAN_POINT ( 'NONE',  ( -4.991542959319554384, 25.78399635340859675, -0.3338686113110059805 ) ) ;
#1620 = EDGE_CURVE ( 'NONE', #805, #1526, #2603, .T. ) ;
#1621 = CARTESIAN_POINT ( 'NONE',  ( -4.502300717033388189, 19.53488304353023608, 2.179338308928450818 ) ) ;
#1622 = ADVANCED_BREP_SHAPE_REPRESENTATION ( '', ( #2020, #239 ), #1915 ) ;
#1623 = B_SPLINE_CURVE_WITH_KNOTS ( 'NONE', 3,
 ( #504, #663, #2122, #1332, #925, #2147, #1291, #1690, #1116, #2294, #2136, #82, #275, #2306, #95, #912, #2507, #1304, #1098, #520, #1908, #73, #731, #1779, #134, #385, #2005, #554, #1403, #2159, #1353, #2211, #2196, #1207 ),
 .UNSPECIFIED., .F., .F.,
 ( 4, 2, 2, 2, 2, 2, 2, 2, 2, 2, 2, 2, 2, 2, 2, 2, 4 ),
 ( 0.007892630600260680876, 0.008385820122516641356, 0.008879009644772600102, 0.009372199167028560582, 0.009865388689284519327, 0.01035857821154047981, 0.01085176773379643855, 0.01134495725605239903, 0.01183814677830835951, 0.01233133630056431826, 0.01282452582282027700, 0.01331771534507623748, 0.01381090486733219797, 0.01430409438958815671, 0.01479728391184411719, 0.01529047343410007767, 0.01578366295635603642 ),
 .UNSPECIFIED. ) ;
#1624 = DIRECTION ( 'NONE',  ( 0.000000000000000000, 0.000000000000000000, 1.000000000000000000 ) ) ;
#1625 = EDGE_CURVE ( 'NONE', #492, #2163, #1520, .T. ) ;
#1626 = DIRECTION ( 'NONE',  ( 0.000000000000000000, 1.000000000000000000, 0.000000000000000000 ) ) ;
#1627 = CARTESIAN_POINT ( 'NONE',  ( -6.000000000000002665, 18.43156198019860881, -2.500000000000000888 ) ) ;
#1628 = ORIENTED_EDGE ( 'NONE', *, *, #519, .T. ) ;
#1629 = DIRECTION ( 'NONE',  ( 0.000000000000000000, 0.000000000000000000, -1.000000000000000000 ) ) ;
#1630 = CARTESIAN_POINT ( 'NONE',  ( 6.006932773420458282, 18.59784722618083563, -2.483544947604158448 ) ) ;
#1631 = SURFACE_SIDE_STYLE ('',( #821 ) ) ;
#1632 = CARTESIAN_POINT ( 'NONE',  ( 0.000000000000000000, 1.100000000000000089, 0.000000000000000000 ) ) ;
#1633 = PLANE ( 'NONE',  #1994 ) ;
#1634 = DIRECTION ( 'NONE',  ( 0.000000000000000000, 1.000000000000000000, 0.000000000000000000 ) ) ;
#1635 = CARTESIAN_POINT ( 'NONE',  ( 6.006867973541549333, 17.93752008490939076, -2.483702572146012422 ) ) ;
#1636 = CARTESIAN_POINT ( 'NONE',  ( -6.052716518374280597, 19.07798792941825639, -2.370463378857187831 ) ) ;
#1637 = VERTEX_POINT ( 'NONE', #2061 ) ;
#1638 = EDGE_CURVE ( 'NONE', #2259, #1133, #140, .T. ) ;
#1639 = CIRCLE ( 'NONE', #2408, 5.000000000000000000 ) ;
#1640 = CARTESIAN_POINT ( 'NONE',  ( 0.000000000000000000, 38.00000000000000000, 0.000000000000000000 ) ) ;
#1641 = VERTEX_POINT ( 'NONE', #1831 ) ;
#1642 = VECTOR ( 'NONE', #1772, 1000.000000000000000 ) ;
#1643 = CARTESIAN_POINT ( 'NONE',  ( 0.000000000000000000, 15.83499205945373944, 0.000000000000000000 ) ) ;
#1644 = LINE ( 'NONE', #1399, #2540 ) ;
#1645 = PLANE ( 'NONE',  #2623 ) ;
#1646 = CIRCLE ( 'NONE', #110, 5.000000000000000000 ) ;
#1647 = CARTESIAN_POINT ( 'NONE',  ( -4.330127018922194537, 28.09918607349659680, 2.499999999999999556 ) ) ;
#1648 = CIRCLE ( 'NONE', #847, 4.000000000000000000 ) ;
#1649 = VECTOR ( 'NONE', #1569, 1000.000000000000000 ) ;
#1650 = DIRECTION ( 'NONE',  ( 0.000000000000000000, 0.000000000000000000, 1.000000000000000000 ) ) ;
#1651 = CARTESIAN_POINT ( 'NONE',  ( 6.405494179157143364, 16.02357535888453555, -1.115088928414457836 ) ) ;
#1652 = CARTESIAN_POINT ( 'NONE',  ( -3.031088913245549854, 15.83499205945373944, 5.750000000000001776 ) ) ;
#1653 = VECTOR ( 'NONE', #642, 1000.000000000000000 ) ;
#1654 = ORIENTED_EDGE ( 'NONE', *, *, #158, .T. ) ;
#1655 = ADVANCED_FACE ( 'NONE', ( #2627 ), #837, .F. ) ;
#1656 = CARTESIAN_POINT ( 'NONE',  ( 6.100566046918083352, 19.38037549848315777, -2.244466896653220189 ) ) ;
#1657 = EDGE_LOOP ( 'NONE', ( #162, #512, #2523, #903 ) ) ;
#1658 = CARTESIAN_POINT ( 'NONE',  ( -3.031088913245540528, 20.78766299294139586, -25.75000000000000000 ) ) ;
#1659 = DIRECTION ( 'NONE',  ( 0.000000000000000000, 0.000000000000000000, -1.000000000000000000 ) ) ;
#1660 = DIRECTION ( 'NONE',  ( 0.000000000000000000, 0.000000000000000000, -1.000000000000000000 ) ) ;
#1661 = FACE_BOUND ( 'NONE', #2486, .T. ) ;
#1662 = CARTESIAN_POINT ( 'NONE',  ( 6.222791397412045455, 16.61338852644247055, 1.881737257087934712 ) ) ;
#1663 = VERTEX_POINT ( 'NONE', #438 ) ;
#1664 = CARTESIAN_POINT ( 'NONE',  ( -6.033234886509706740, 18.91960063875218268, 2.418943887838508999 ) ) ;
#1665 = VERTEX_POINT ( 'NONE', #635 ) ;
#1666 = ORIENTED_EDGE ( 'NONE', *, *, #1026, .F. ) ;
#1667 = CARTESIAN_POINT ( 'NONE',  ( 6.405587247757828173, 20.51108655795293600, 1.114288552736753202 ) ) ;
#1668 = VERTEX_POINT ( 'NONE', #1452 ) ;
#1669 = FILL_AREA_STYLE_COLOUR ( '', #1432 ) ;
#1670 = CARTESIAN_POINT ( 'NONE',  ( 0.000000000000000000, 1.399999999999999911, 0.000000000000000000 ) ) ;
#1671 = EDGE_CURVE ( 'NONE', #1824, #1925, #648, .T. ) ;
#1672 = CARTESIAN_POINT ( 'NONE',  ( -4.999928328550892864, 15.76735019461573195, -0.1676453611075006955 ) ) ;
#1673 = DIRECTION ( 'NONE',  ( -0.000000000000000000, -1.000000000000000000, -0.000000000000000000 ) ) ;
#1674 = DIRECTION ( 'NONE',  ( -1.000000000000000000, 1.838866012134770978E-15, 0.000000000000000000 ) ) ;
#1675 = FACE_OUTER_BOUND ( 'NONE', #1151, .T. ) ;
#1676 = ORIENTED_EDGE ( 'NONE', *, *, #1920, .T. ) ;
#1677 = DIRECTION ( 'NONE',  ( 0.000000000000000000, 1.000000000000000000, 0.000000000000000000 ) ) ;
#1678 = VERTEX_POINT ( 'NONE', #2614 ) ;
#1679 = CARTESIAN_POINT ( 'NONE',  ( 0.000000000000000000, 0.000000000000000000, 0.000000000000000000 ) ) ;
#1680 = ORIENTED_EDGE ( 'NONE', *, *, #865, .F. ) ;
#1681 = CIRCLE ( 'NONE', #240, 4.000000000000000000 ) ;
#1682 = DIRECTION ( 'NONE',  ( 0.000000000000000000, 1.000000000000000000, 0.000000000000000000 ) ) ;
#1683 = AXIS2_PLACEMENT_3D ( 'NONE', #2359, #2568, #2590 ) ;
#1684 = CARTESIAN_POINT ( 'NONE',  ( -4.935159161809011152, 15.89889945946409000, -0.8170517872895560751 ) ) ;
#1685 = CARTESIAN_POINT ( 'NONE',  ( 4.501311217236635187, 17.00344467056567055, -2.181303900374862881 ) ) ;
#1686 = SHAPE_DEFINITION_REPRESENTATION ( #1536, #1754 ) ;
#1687 = VECTOR ( 'NONE', #2572, 1000.000000000000000 ) ;
#1688 = ADVANCED_FACE ( 'NONE', ( #2446, #2418 ), #211, .F. ) ;
#1689 = AXIS2_PLACEMENT_3D ( 'NONE', #2549, #262, #691 ) ;
#1690 = CARTESIAN_POINT ( 'NONE',  ( 6.190063900466525659, 29.79496792427229224, -1.985493254810670072 ) ) ;
#1691 = CARTESIAN_POINT ( 'NONE',  ( 4.403597382036959829, 19.08184187051254810, -2.369277312476157249 ) ) ;
#1692 = EDGE_LOOP ( 'NONE', ( #2535, #1171, #1898, #1750, #1517, #887 ) ) ;
#1693 = ORIENTED_EDGE ( 'NONE', *, *, #166, .F. ) ;
#1694 = ORIENTED_EDGE ( 'NONE', *, *, #65, .T. ) ;
#1695 = CIRCLE ( 'NONE', #67, 6.500000000000000888 ) ;
#1696 = VECTOR ( 'NONE', #2625, 1000.000000000000000 ) ;
#1697 = ORIENTED_EDGE ( 'NONE', *, *, #2567, .F. ) ;
#1698 = PRODUCT_RELATED_PRODUCT_CATEGORY ( 'part', '', ( #1938 ) ) ;
#1699 = DIRECTION ( 'NONE',  ( -1.000000000000000000, 0.000000000000000000, 0.000000000000000000 ) ) ;
#1700 = CARTESIAN_POINT ( 'NONE',  ( -6.052739674933956593, 27.45609901917945095, -2.370417720669137474 ) ) ;
#1701 = APPLICATION_PROTOCOL_DEFINITION ( 'draft international standard', 'automotive_design', 1998, #2400 ) ;
#1702 = CARTESIAN_POINT ( 'NONE',  ( -3.031088913245528982, 38.00000000000000000, -3.976493430146721408 ) ) ;
#1703 = LINE ( 'NONE', #112, #147 ) ;
#1704 = DIRECTION ( 'NONE',  ( 0.000000000000000000, -0.000000000000000000, -1.000000000000000000 ) ) ;
#1705 = VERTEX_POINT ( 'NONE', #1039 ) ;
#1706 = VERTEX_POINT ( 'NONE', #184 ) ;
#1707 = EDGE_LOOP ( 'NONE', ( #235, #242 ) ) ;
#1708 = DIRECTION ( 'NONE',  ( -0.000000000000000000, -0.000000000000000000, -1.000000000000000000 ) ) ;
#1709 = SURFACE_STYLE_FILL_AREA ( #906 ) ;
#1710 = CARTESIAN_POINT ( 'NONE',  ( -4.959321840537674220, 20.68499214667853181, 0.6570387329348055250 ) ) ;
#1711 = ORIENTED_EDGE ( 'NONE', *, *, #1849, .F. ) ;
#1712 = FACE_OUTER_BOUND ( 'NONE', #940, .T. ) ;
#1713 = CARTESIAN_POINT ( 'NONE',  ( -6.006932773420458282, 27.93656647717484987, -2.483544947604158448 ) ) ;
#1714 = PRODUCT_CONTEXT ( 'NONE', #2400, 'mechanical' ) ;
#1715 = DIRECTION ( 'NONE',  ( -0.000000000000000000, -0.000000000000000000, 1.000000000000000000 ) ) ;
#1716 = CARTESIAN_POINT ( 'NONE',  ( 4.330127018922193649, 18.26720685167784097, -2.500000000000000000 ) ) ;
#1717 = VERTEX_POINT ( 'NONE', #2275 ) ;
#1718 = LINE ( 'NONE', #1131, #1152 ) ;
#1719 = VERTEX_POINT ( 'NONE', #425 ) ;
#1720 = VERTEX_POINT ( 'NONE', #822 ) ;
#1721 = ADVANCED_FACE ( 'NONE', ( #1864 ), #1269, .F. ) ;
#1722 = DIRECTION ( 'NONE',  ( 1.224646799147351482E-16, 0.000000000000000000, -1.000000000000000000 ) ) ;
#1723 = ORIENTED_EDGE ( 'NONE', *, *, #2229, .F. ) ;
#1724 = CARTESIAN_POINT ( 'NONE',  ( 3.031088913245534311, 25.74675071041428964, 3.976493430146716967 ) ) ;
#1725 = CARTESIAN_POINT ( 'NONE',  ( -6.222537486364204007, 26.61425348798330504, -1.882675023341505050 ) ) ;
#1726 = CIRCLE ( 'NONE', #882, 5.000000000000000000 ) ;
#1727 = LINE ( 'NONE', #1316, #540 ) ;
#1728 = VECTOR ( 'NONE', #546, 1000.000000000000000 ) ;
#1729 = CARTESIAN_POINT ( 'NONE',  ( 4.469748568217468687, 19.38551475825418535, -2.241984081882585134 ) ) ;
#1730 = PRODUCT_DEFINITION ( 'UNKNOWN', '', #2401, #1090 ) ;
#1731 = ORIENTED_EDGE ( 'NONE', *, *, #1417, .T. ) ;
#1732 = ORIENTED_EDGE ( 'NONE', *, *, #354, .F. ) ;
#1733 = VECTOR ( 'NONE', #1227, 1000.000000000000000 ) ;
#1734 = AXIS2_PLACEMENT_3D ( 'NONE', #462, #224, #1036 ) ;
#1735 = CARTESIAN_POINT ( 'NONE',  ( 0.000000000000000000, 1.000000000000000000, 0.000000000000000000 ) ) ;
#1736 = CIRCLE ( 'NONE', #1017, 6.000000000000000888 ) ;
#1737 = FACE_OUTER_BOUND ( 'NONE', #1858, .T. ) ;
#1738 = ADVANCED_FACE ( 'NONE', ( #26, #448 ), #856, .F. ) ;
#1739 = AXIS2_PLACEMENT_3D ( 'NONE', #558, #164, #746 ) ;
#1740 = EDGE_CURVE ( 'NONE', #1406, #59, #232, .T. ) ;
#1741 = VERTEX_POINT ( 'NONE', #1225 ) ;
#1742 = ADVANCED_FACE ( 'NONE', ( #2048, #1877, #1712 ), #1329, .F. ) ;
#1743 = CARTESIAN_POINT ( 'NONE',  ( -4.469332443797272347, 17.15079561091369342, 2.242786155103347223 ) ) ;
#1744 = DIRECTION ( 'NONE',  ( 1.000000000000000000, -0.000000000000000000, 1.224646799147353207E-16 ) ) ;
#1745 = CONTEXT_DEPENDENT_SHAPE_REPRESENTATION ( #370, #1310 ) ;
#1746 = PLANE ( 'NONE',  #714 ) ;
#1747 = DIRECTION ( 'NONE',  ( 0.000000000000000000, 1.000000000000000000, 0.000000000000000000 ) ) ;
#1748 = ORIENTED_EDGE ( 'NONE', *, *, #2583, .F. ) ;
#1749 = EDGE_LOOP ( 'NONE', ( #1381, #446, #216, #1525 ) ) ;
#1750 = ORIENTED_EDGE ( 'NONE', *, *, #1806, .T. ) ;
#1751 = SURFACE_SIDE_STYLE ('',( #1476 ) ) ;
#1752 = CARTESIAN_POINT ( 'NONE',  ( 0.000000000000000000, 6.499999999999999112, 0.000000000000000000 ) ) ;
#1753 = ORIENTED_EDGE ( 'NONE', *, *, #2634, .T. ) ;
#1754 = SHAPE_REPRESENTATION ( 'atomizer_mount', ( #239 ), #942 ) ;
#1755 = CARTESIAN_POINT ( 'NONE',  ( -6.450739551775359182, 15.89750456817587398, 0.8131089733602320235 ) ) ;
#1756 =( REPRESENTATION_RELATIONSHIP ('NONE','NONE', #1489, #2215 ) REPRESENTATION_RELATIONSHIP_WITH_TRANSFORMATION ( #2505 )SHAPE_REPRESENTATION_RELATIONSHIP( ) );
#1757 = EDGE_CURVE ( 'NONE', #682, #570, #537, .T. ) ;
#1758 = CYLINDRICAL_SURFACE ( 'NONE', #2198, 2.500000000000000000 ) ;
#1759 = DIRECTION ( 'NONE',  ( -1.838866012134770978E-15, -1.000000000000000000, 0.000000000000000000 ) ) ;
#1760 = ORIENTED_EDGE ( 'NONE', *, *, #322, .T. ) ;
#1761 = CARTESIAN_POINT ( 'NONE',  ( 0.000000000000000000, 5.000000000000000000, -11.50000000000000000 ) ) ;
#1762 = DIRECTION ( 'NONE',  ( 0.000000000000000000, 1.000000000000000000, 0.000000000000000000 ) ) ;
#1763 = CARTESIAN_POINT ( 'NONE',  ( 4.330127018922193649, 28.26720685167784097, -2.500000000000000000 ) ) ;
#1764 = CARTESIAN_POINT ( 'NONE',  ( 6.000000000000000888, 28.26720685167784097, -2.500000000000000000 ) ) ;
#1765 = ORIENTED_EDGE ( 'NONE', *, *, #1625, .T. ) ;
#1766 = CARTESIAN_POINT ( 'NONE',  ( 31.50000000000000000, 18.26720685167784097, 0.000000000000000000 ) ) ;
#1767 = EDGE_CURVE ( 'NONE', #2564, #2604, #1726, .T. ) ;
#1768 = CARTESIAN_POINT ( 'NONE',  ( 4.330127018922194537, 18.43522762985908869, 2.499999999999999556 ) ) ;
#1769 = AXIS2_PLACEMENT_3D ( 'NONE', #141, #1349, #1367 ) ;
#1770 = ORIENTED_EDGE ( 'NONE', *, *, #34, .F. ) ;
#1771 = VECTOR ( 'NONE', #1836, 1000.000000000000000 ) ;
#1772 = DIRECTION ( 'NONE',  ( 0.000000000000000000, 1.000000000000000000, 0.000000000000000000 ) ) ;
#1773 = CIRCLE ( 'NONE', #1605, 10.00000000000000000 ) ;
#1774 = CARTESIAN_POINT ( 'NONE',  ( -6.033234886509706740, 28.91960063875217557, 2.418943887838508999 ) ) ;
#1775 = CARTESIAN_POINT ( 'NONE',  ( -4.330127018922194537, 18.09918607349660391, 2.499999999999999556 ) ) ;
#1776 = EDGE_CURVE ( 'NONE', #1678, #2467, #1112, .T. ) ;
#1777 = AXIS2_PLACEMENT_3D ( 'NONE', #2413, #2257, #1629 ) ;
#1778 = DIRECTION ( 'NONE',  ( 0.000000000000000000, 0.000000000000000000, 1.000000000000000000 ) ) ;
#1779 = CARTESIAN_POINT ( 'NONE',  ( 6.318824560344179275, 30.25087115638704560, 1.530232124437433727 ) ) ;
#1780 = CYLINDRICAL_SURFACE ( 'NONE', #1483, 4.000000000000000000 ) ;
#1781 = FACE_OUTER_BOUND ( 'NONE', #1749, .T. ) ;
#1782 = ORIENTED_EDGE ( 'NONE', *, *, #374, .F. ) ;
#1783 = PLANE ( 'NONE',  #2200 ) ;
#1784 = DIRECTION ( 'NONE',  ( 0.000000000000000000, 0.000000000000000000, 1.000000000000000000 ) ) ;
#1785 = ADVANCED_FACE ( 'NONE', ( #501 ), #247, .F. ) ;
#1786 = B_SPLINE_CURVE_WITH_KNOTS ( 'NONE', 3,
 ( #1443, #2438, #859, #1664, #203, #1059, #1807, #1004, #584, #1852, #1408, #1044, #1837, #1456, #2218, #1243, #640, #2066, #391, #2052, #2255, #442, #217, #2009, #1219, #429, #414, #1636, #1032, #234, #1627, #611 ),
 .UNSPECIFIED., .F., .F.,
 ( 4, 2, 2, 2, 2, 2, 2, 2, 2, 2, 2, 2, 2, 2, 2, 4 ),
 ( 0.000000000000000000, 0.0004932894125162937474, 0.0009865788250325874947, 0.001479868237548881242, 0.001973157650065174989, 0.002959736475097762051, 0.003453025887614053629, 0.003946315300130345642, 0.004439604712646637655, 0.004932894125162929667, 0.005426183537679221680, 0.005919472950195513693, 0.006412762362711805705, 0.006906051775228097718, 0.007399341187744389731, 0.007892630600260680876 ),
 .UNSPECIFIED. ) ;
#1787 = CARTESIAN_POINT ( 'NONE',  ( -6.286930862373015572, 30.14805883886269555, -1.654888192023286297 ) ) ;
#1788 = CARTESIAN_POINT ( 'NONE',  ( -4.403973454935982801, 17.45085903542156913, 2.368552308673254281 ) ) ;
#1789 = CARTESIAN_POINT ( 'NONE',  ( 4.935103535999340707, 25.89901228060302074, 0.8174340017590926433 ) ) ;
#1790 = CARTESIAN_POINT ( 'NONE',  ( -4.469748568217468687, 27.14889894510150015, -2.241984081882585134 ) ) ;
#1791 = CARTESIAN_POINT ( 'NONE',  ( 7.347880794884120722E-16, 1.100000000000000089, 6.000000000000000888 ) ) ;
#1792 = DIRECTION ( 'NONE',  ( 0.000000000000000000, 0.000000000000000000, 1.000000000000000000 ) ) ;
#1793 = ORIENTED_EDGE ( 'NONE', *, *, #661, .T. ) ;
#1794 = CARTESIAN_POINT ( 'NONE',  ( 3.031088913245534311, 25.74675071041428964, -5.750000000000001776 ) ) ;
#1795 = CARTESIAN_POINT ( 'NONE',  ( 0.000000000000000000, 1.000000000000000000, 0.000000000000000000 ) ) ;
#1796 = ORIENTED_EDGE ( 'NONE', *, *, #2634, .F. ) ;
#1797 = EDGE_CURVE ( 'NONE', #1524, #492, #298, .T. ) ;
#1798 = ORIENTED_EDGE ( 'NONE', *, *, #445, .F. ) ;
#1799 = CARTESIAN_POINT ( 'NONE',  ( 0.000000000000000000, 20.78766299294139586, -6.500000000000000888 ) ) ;
#1800 = CARTESIAN_POINT ( 'NONE',  ( 4.502300717033388189, 26.99953065982544587, 2.179338308928450818 ) ) ;
#1801 = DIRECTION ( 'NONE',  ( -1.138345626559620260E-15, 1.000000000000000000, 0.000000000000000000 ) ) ;
#1802 = CARTESIAN_POINT ( 'NONE',  ( 0.000000000000000000, 0.000000000000000000, -10.00000000000000000 ) ) ;
#1803 = DIRECTION ( 'NONE',  ( -0.000000000000000000, -1.000000000000000000, -0.000000000000000000 ) ) ;
#1804 = CIRCLE ( 'NONE', #458, 5.000000000000000000 ) ;
#1805 = CARTESIAN_POINT ( 'NONE',  ( 6.123233995736766282E-16, 20.78766299294139586, 5.000000000000000000 ) ) ;
#1806 = EDGE_CURVE ( 'NONE', #2040, #1514, #1899, .T. ) ;
#1807 = CARTESIAN_POINT ( 'NONE',  ( -6.128784630652579501, 19.52393132999958780, 2.167291030472234148 ) ) ;
#1808 = CARTESIAN_POINT ( 'NONE',  ( -6.000000000000000888, 28.26720685167784097, 2.500000000000000000 ) ) ;
#1809 = AXIS2_PLACEMENT_3D ( 'NONE', #83, #913, #505 ) ;
#1810 = PLANE ( 'NONE',  #2205 ) ;
#1811 = ORIENTED_EDGE ( 'NONE', *, *, #1164, .T. ) ;
#1812 = ADVANCED_FACE ( 'NONE', ( #284 ), #1301, .F. ) ;
#1813 = AXIS2_PLACEMENT_3D ( 'NONE', #187, #1441, #1624 ) ;
#1814 = CARTESIAN_POINT ( 'NONE',  ( 0.000000000000000000, 5.500000000000000888, 0.000000000000000000 ) ) ;
#1815 = CARTESIAN_POINT ( 'NONE',  ( 0.000000000000000000, 6.500000000000000888, 0.000000000000000000 ) ) ;
#1816 = CIRCLE ( 'NONE', #672, 5.000000000000000000 ) ;
#1817 = EDGE_CURVE ( 'NONE', #2482, #891, #2616, .T. ) ;
#1818 = AXIS2_PLACEMENT_3D ( 'NONE', #2250, #1251, #659 ) ;
#1819 = CARTESIAN_POINT ( 'NONE',  ( -4.340232315778733252, 27.93033378027440605, 2.482702787687851576 ) ) ;
#1820 = CARTESIAN_POINT ( 'NONE',  ( -4.339954374681743943, 18.60033805559126918, 2.483182732436590712 ) ) ;
#1821 = CARTESIAN_POINT ( 'NONE',  ( 0.000000000000000000, 6.500000000000000888, 0.000000000000000000 ) ) ;
#1822 = DIRECTION ( 'NONE',  ( -1.000000000000000000, 0.000000000000000000, 1.229654032767024818E-16 ) ) ;
#1823 = CARTESIAN_POINT ( 'NONE',  ( 6.499968117370739762, 25.76728974652276705, 0.1662142349831699784 ) ) ;
#1824 = VERTEX_POINT ( 'NONE', #1724 ) ;
#1825 = CYLINDRICAL_SURFACE ( 'NONE', #1777, 6.000000000000000888 ) ;
#1826 = CARTESIAN_POINT ( 'NONE',  ( -3.031088913245532090, 30.69942164390194250, -25.75000000000000000 ) ) ;
#1827 = ORIENTED_EDGE ( 'NONE', *, *, #661, .F. ) ;
#1828 = CARTESIAN_POINT ( 'NONE',  ( 0.000000000000000000, 1.899999999999999911, 0.000000000000000000 ) ) ;
#1829 = PRODUCT_DEFINITION_CONTEXT ( 'detailed design', #1364, 'design' ) ;
#1830 = DIRECTION ( 'NONE',  ( 1.000000000000000000, 0.000000000000000000, 0.000000000000000000 ) ) ;
#1831 = CARTESIAN_POINT ( 'NONE',  ( 3.031088913245546301, 15.83499205945373944, 5.750000000000001776 ) ) ;
#1832 = DIRECTION ( 'NONE',  ( 0.000000000000000000, 0.000000000000000000, 1.000000000000000000 ) ) ;
#1833 = EDGE_CURVE ( 'NONE', #1641, #1471, #660, .T. ) ;
#1834 = FACE_OUTER_BOUND ( 'NONE', #1971, .T. ) ;
#1835 = PLANE ( 'NONE',  #2077 ) ;
#1836 = DIRECTION ( 'NONE',  ( -0.000000000000000000, -1.000000000000000000, -0.000000000000000000 ) ) ;
#1837 = CARTESIAN_POINT ( 'NONE',  ( -6.469132681940031659, 20.68600390923611698, 0.6531854995006878273 ) ) ;
#1838 = ORIENTED_EDGE ( 'NONE', *, *, #1449, .F. ) ;
#1839 = CARTESIAN_POINT ( 'NONE',  ( -4.330127018922193649, 18.26720685167784097, 2.500000000000000000 ) ) ;
#1840 = DIRECTION ( 'NONE',  ( 0.000000000000000000, 1.000000000000000000, 0.000000000000000000 ) ) ;
#1841 = ORIENTED_EDGE ( 'NONE', *, *, #2323, .T. ) ;
#1842 = CARTESIAN_POINT ( 'NONE',  ( 0.000000000000000000, 25.74675071041428964, 0.000000000000000000 ) ) ;
#1843 = LINE ( 'NONE', #1658, #1598 ) ;
#1844 = DIRECTION ( 'NONE',  ( -0.000000000000000000, -1.000000000000000000, -0.000000000000000000 ) ) ;
#1845 = CARTESIAN_POINT ( 'NONE',  ( 0.000000000000000000, 0.000000000000000000, 0.000000000000000000 ) ) ;
#1846 = FACE_OUTER_BOUND ( 'NONE', #204, .T. ) ;
#1847 = DIRECTION ( 'NONE',  ( -0.000000000000000000, -1.000000000000000000, -0.000000000000000000 ) ) ;
#1848 = CARTESIAN_POINT ( 'NONE',  ( 3.031088913245546301, 15.83499205945373944, -25.75000000000000000 ) ) ;
#1849 = EDGE_CURVE ( 'NONE', #2025, #947, #798, .T. ) ;
#1850 = CYLINDRICAL_SURFACE ( 'NONE', #1594, 4.000000000000000000 ) ;
#1851 = DIRECTION ( 'NONE',  ( 0.000000000000000000, 0.000000000000000000, 1.000000000000000000 ) ) ;
#1852 = CARTESIAN_POINT ( 'NONE',  ( -6.319553649002459750, 20.26337503881444491, 1.539322318116774557 ) ) ;
#1853 = ORIENTED_EDGE ( 'NONE', *, *, #355, .T. ) ;
#1854 = ORIENTED_EDGE ( 'NONE', *, *, #453, .T. ) ;
#1855 = DIRECTION ( 'NONE',  ( 0.000000000000000000, 0.000000000000000000, -1.000000000000000000 ) ) ;
#1856 = AXIS2_PLACEMENT_3D ( 'NONE', #2529, #2543, #2078 ) ;
#1857 = CARTESIAN_POINT ( 'NONE',  ( 6.406011642571860065, 20.51229964169065667, -1.111950708818440825 ) ) ;
#1858 = EDGE_LOOP ( 'NONE', ( #2109, #2299, #2141, #494, #1344, #1880, #760, #941, #1371, #1539, #297, #1167, #1352, #1732, #47, #960, #1035, #2578, #415, #236 ) ) ;
#1859 = CIRCLE ( 'NONE', #411, 10.00000000000000000 ) ;
#1860 = LINE ( 'NONE', #1213, #1268 ) ;
#1861 = DIRECTION ( 'NONE',  ( 0.000000000000000000, 1.000000000000000000, 0.000000000000000000 ) ) ;
#1862 = AXIS2_PLACEMENT_3D ( 'NONE', #825, #1634, #2448 ) ;
#1863 = EDGE_CURVE ( 'NONE', #443, #492, #1955, .T. ) ;
#1864 = FACE_OUTER_BOUND ( 'NONE', #1261, .T. ) ;
#1865 = CARTESIAN_POINT ( 'NONE',  ( 7.960204194457796463E-16, 38.00000000000000000, 6.500000000000000888 ) ) ;
#1866 = VECTOR ( 'NONE', #267, 1000.000000000000000 ) ;
#1867 = CARTESIAN_POINT ( 'NONE',  ( 0.000000000000000000, 1.100000000000000089, 0.000000000000000000 ) ) ;
#1868 = LINE ( 'NONE', #400, #1941 ) ;
#1869 = CARTESIAN_POINT ( 'NONE',  ( 0.000000000000000000, 38.00000000000000000, -6.500000000000000888 ) ) ;
#1870 = AXIS2_PLACEMENT_3D ( 'NONE', #1599, #1046, #1247 ) ;
#1871 = ORIENTED_EDGE ( 'NONE', *, *, #1503, .T. ) ;
#1872 = ORIENTED_EDGE ( 'NONE', *, *, #1625, .F. ) ;
#1873 = EDGE_CURVE ( 'NONE', #1233, #1199, #1137, .T. ) ;
#1874 = LINE ( 'NONE', #2270, #933 ) ;
#1875 = ORIENTED_EDGE ( 'NONE', *, *, #2229, .T. ) ;
#1876 = DIRECTION ( 'NONE',  ( 0.000000000000000000, 0.000000000000000000, -1.000000000000000000 ) ) ;
#1877 = FACE_BOUND ( 'NONE', #723, .T. ) ;
#1878 = DIRECTION ( 'NONE',  ( 0.000000000000000000, 1.000000000000000000, 0.000000000000000000 ) ) ;
#1879 = CARTESIAN_POINT ( 'NONE',  ( -0.2000000000000005107, -7.146407752099616317, 1.481219931849748095 ) ) ;
#1880 = ORIENTED_EDGE ( 'NONE', *, *, #1164, .F. ) ;
#1881 = CARTESIAN_POINT ( 'NONE',  ( 4.898587196589412829E-16, 1.100000000000000089, 4.000000000000000000 ) ) ;
#1882 = ORIENTED_EDGE ( 'NONE', *, *, #122, .T. ) ;
#1883 = ORIENTED_EDGE ( 'NONE', *, *, #1068, .F. ) ;
#1884 = DIRECTION ( 'NONE',  ( 0.000000000000000000, 0.000000000000000000, 1.000000000000000000 ) ) ;
#1885 = ORIENTED_EDGE ( 'NONE', *, *, #1062, .F. ) ;
#1886 = CARTESIAN_POINT ( 'NONE',  ( -4.501311217236635187, 19.53096903279001140, -2.181303900374862881 ) ) ;
#1887 = EDGE_CURVE ( 'NONE', #696, #2214, #2231, .T. ) ;
#1888 = CARTESIAN_POINT ( 'NONE',  ( -4.330127018922194537, 28.43299533250651834, -2.500000000000000000 ) ) ;
#1889 = DIRECTION ( 'NONE',  ( 0.000000000000000000, 1.000000000000000000, 0.000000000000000000 ) ) ;
#1890 = CARTESIAN_POINT ( 'NONE',  ( 0.000000000000000000, 38.00000000000000000, 0.000000000000000000 ) ) ;
#1891 = CARTESIAN_POINT ( 'NONE',  ( 4.376637027498675003, 17.61091111409147203, 2.417943090008122464 ) ) ;
#1892 = PRODUCT_CONTEXT ( 'NONE', #295, 'mechanical' ) ;
#1893 = CARTESIAN_POINT ( 'NONE',  ( -3.031088913245540528, 20.78766299294139586, -25.75000000000000000 ) ) ;
#1894 = CARTESIAN_POINT ( 'NONE',  ( 4.634113021830999379, 19.92130860343710808, -1.881415511258645701 ) ) ;
#1895 = ORIENTED_EDGE ( 'NONE', *, *, #1162, .T. ) ;
#1896 = ORIENTED_EDGE ( 'NONE', *, *, #1460, .F. ) ;
#1897 = CARTESIAN_POINT ( 'NONE',  ( 4.330127018922193649, 18.26720685167784097, 2.500000000000000000 ) ) ;
#1898 = ORIENTED_EDGE ( 'NONE', *, *, #2379, .T. ) ;
#1899 = CIRCLE ( 'NONE', #1982, 5.000000000000000000 ) ;
#1900 = CARTESIAN_POINT ( 'NONE',  ( 3.031088913245532090, 30.69942164390194250, -25.75000000000000000 ) ) ;
#1901 = AXIS2_PLACEMENT_3D ( 'NONE', #1879, #1822, #2631 ) ;
#1902 = DIRECTION ( 'NONE',  ( 0.000000000000000000, 0.000000000000000000, 1.000000000000000000 ) ) ;
#1903 = CARTESIAN_POINT ( 'NONE',  ( -6.033455228702869100, 27.61248270394791149, -2.418399233873708809 ) ) ;
#1904 = APPLICATION_PROTOCOL_DEFINITION ( 'draft international standard', 'automotive_design', 1998, #2539 ) ;
#1905 = DIRECTION ( 'NONE',  ( -0.000000000000000000, -1.000000000000000000, -0.000000000000000000 ) ) ;
#1906 = EDGE_CURVE ( 'NONE', #1309, #2557, #572, .T. ) ;
#1907 = CIRCLE ( 'NONE', #22, 5.000000000000000000 ) ;
#1908 = CARTESIAN_POINT ( 'NONE',  ( 6.450739551775359182, 30.63690913517981329, 0.8131089733602320235 ) ) ;
#1909 = DIRECTION ( 'NONE',  ( 0.000000000000000000, 1.000000000000000000, 0.000000000000000000 ) ) ;
#1910 = EDGE_LOOP ( 'NONE', ( #1883, #2511, #914, #1811, #1074, #2310 ) ) ;
#1911 = DIRECTION ( 'NONE',  ( 0.000000000000000000, 1.000000000000000000, 0.000000000000000000 ) ) ;
#1912 = EDGE_LOOP ( 'NONE', ( #990, #2015, #671, #1584 ) ) ;
#1913 = ORIENTED_EDGE ( 'NONE', *, *, #593, .T. ) ;
#1914 = CIRCLE ( 'NONE', #2127, 11.50000000000000000 ) ;
#1915 =( GEOMETRIC_REPRESENTATION_CONTEXT ( 3 ) GLOBAL_UNCERTAINTY_ASSIGNED_CONTEXT ( ( #37 ) ) GLOBAL_UNIT_ASSIGNED_CONTEXT ( ( #1415, #1053, #2628 ) ) REPRESENTATION_CONTEXT ( 'NONE', 'WORKASPACE' ) );
#1916 = CARTESIAN_POINT ( 'NONE',  ( 0.000000000000000000, 30.69942164390194250, -5.000000000000000000 ) ) ;
#1917 = CARTESIAN_POINT ( 'NONE',  ( -4.935357116109528874, 20.63594434758890372, -0.8162077602172094215 ) ) ;
#1918 = DIRECTION ( 'NONE',  ( 1.000000000000000000, 4.378252409844693461E-16, 0.000000000000000000 ) ) ;
#1919 = CARTESIAN_POINT ( 'NONE',  ( -6.189145709360963643, 26.74316922811236452, 1.988336407601797529 ) ) ;
#1920 = EDGE_CURVE ( 'NONE', #250, #207, #733, .T. ) ;
#1921 = CYLINDRICAL_SURFACE ( 'NONE', #1689, 2.500000000000000000 ) ;
#1922 = EDGE_CURVE ( 'NONE', #2557, #1309, #788, .T. ) ;
#1923 = CARTESIAN_POINT ( 'NONE',  ( 3.031088913245540528, 20.78766299294139586, 3.976493430146728514 ) ) ;
#1924 = EDGE_LOOP ( 'NONE', ( #2319, #1875 ) ) ;
#1925 = VERTEX_POINT ( 'NONE', #833 ) ;
#1926 = VERTEX_POINT ( 'NONE', #181 ) ;
#1927 = CARTESIAN_POINT ( 'NONE',  ( 4.330127018922193649, 28.26720685167784097, -2.500000000000000000 ) ) ;
#1928 = CARTESIAN_POINT ( 'NONE',  ( -3.031088913245508998, 38.00000000000000711, -3.976493430146736952 ) ) ;
#1929 = PRODUCT_RELATED_PRODUCT_CATEGORY ( 'part', '', ( #1283 ) ) ;
#1930 = CARTESIAN_POINT ( 'NONE',  ( -6.451243759198282746, 25.89613061680134010, -0.8092425489389597493 ) ) ;
#1931 = PLANE ( 'NONE',  #1989 ) ;
#1932 = LINE ( 'NONE', #113, #330 ) ;
#1933 = VERTEX_POINT ( 'NONE', #2233 ) ;
#1934 = DIRECTION ( 'NONE',  ( -0.000000000000000000, -1.000000000000000000, -0.000000000000000000 ) ) ;
#1935 = EDGE_CURVE ( 'NONE', #2564, #104, #1644, .T. ) ;
#1936 = ORIENTED_EDGE ( 'NONE', *, *, #2312, .F. ) ;
#1937 = ORIENTED_EDGE ( 'NONE', *, *, #226, .T. ) ;
#1938 = PRODUCT ( 'atomizer_mount', 'atomizer_mount', '', ( #1892 ) ) ;
#1939 = EDGE_CURVE ( 'NONE', #1663, #1551, #1639, .T. ) ;
#1940 = FACE_OUTER_BOUND ( 'NONE', #1470, .T. ) ;
#1941 = VECTOR ( 'NONE', #231, 1000.000000000000000 ) ;
#1942 = CARTESIAN_POINT ( 'NONE',  ( -6.000000000000000888, 18.26720685167784097, -2.500000000000000000 ) ) ;
#1943 = CARTESIAN_POINT ( 'NONE',  ( 4.999945220643440713, 15.76731641040850995, 0.1682389254246871579 ) ) ;
#1944 =( LENGTH_UNIT ( ) NAMED_UNIT ( * ) SI_UNIT ( .MILLI., .METRE. ) );
#1945 = LINE ( 'NONE', #678, #2282 ) ;
#1946 = CARTESIAN_POINT ( 'NONE',  ( 4.840105288336520317, 20.43129473739757529, -1.262122325482216700 ) ) ;
#1947 = ORIENTED_EDGE ( 'NONE', *, *, #1162, .F. ) ;
#1948 = ORIENTED_EDGE ( 'NONE', *, *, #53, .F. ) ;
#1949 = VECTOR ( 'NONE', #2436, 1000.000000000000000 ) ;
#1950 = CARTESIAN_POINT ( 'NONE',  ( -4.935103535999340707, 30.63540142275267186, 0.8174340017590926433 ) ) ;
#1951 = DIRECTION ( 'NONE',  ( -1.000000000000000000, 0.000000000000000000, 0.000000000000000000 ) ) ;
#1952 = DIRECTION ( 'NONE',  ( 0.000000000000000000, -0.000000000000000000, 1.000000000000000000 ) ) ;
#1953 = CIRCLE ( 'NONE', #463, 5.000000000000000000 ) ;
#1954 = EDGE_CURVE ( 'NONE', #1263, #207, #1860, .T. ) ;
#1955 = LINE ( 'NONE', #776, #60 ) ;
#1956 = CARTESIAN_POINT ( 'NONE',  ( 4.376650834816704361, 17.61041145992263779, -2.417922665408307470 ) ) ;
#1957 = LINE ( 'NONE', #1127, #155 ) ;
#1958 = CARTESIAN_POINT ( 'NONE',  ( 3.031088913245532090, 30.69942164390194250, 3.976493430146718744 ) ) ;
#1959 = DIRECTION ( 'NONE',  ( -0.000000000000000000, 1.000000000000000000, -0.000000000000000000 ) ) ;
#1960 = ORIENTED_EDGE ( 'NONE', *, *, #786, .F. ) ;
#1961 = VERTEX_POINT ( 'NONE', #1205 ) ;
#1962 = CARTESIAN_POINT ( 'NONE',  ( -4.330127018922193649, 28.26720685167784097, -2.500000000000000000 ) ) ;
#1963 = VERTEX_POINT ( 'NONE', #1799 ) ;
#1964 = CARTESIAN_POINT ( 'NONE',  ( 0.1999999999999995393, -7.146407752099616317, 1.481219931849748095 ) ) ;
#1965 = EDGE_CURVE ( 'NONE', #1668, #2524, #24, .T. ) ;
#1966 = CARTESIAN_POINT ( 'NONE',  ( -6.033062107698961896, 17.61659845034751370, 2.419371349077484634 ) ) ;
#1967 = CARTESIAN_POINT ( 'NONE',  ( 6.000000000000002665, 28.10285172315708735, -2.500000000000000888 ) ) ;
#1968 = CARTESIAN_POINT ( 'NONE',  ( -4.634113021830999379, 26.61310509991857387, -1.881415511258645701 ) ) ;
#1969 = CARTESIAN_POINT ( 'NONE',  ( 4.935748046262369293, 20.63675187772662767, 0.8137847001200598784 ) ) ;
#1970 = DIRECTION ( 'NONE',  ( 0.000000000000000000, 0.000000000000000000, -1.000000000000000000 ) ) ;
#1971 = EDGE_LOOP ( 'NONE', ( #2176, #2396, #50, #1203 ) ) ;
#1972 = ADVANCED_BREP_SHAPE_REPRESENTATION ( '', ( #2012, #239 ), #942 ) ;
#1973 = CARTESIAN_POINT ( 'NONE',  ( 0.000000000000000000, 25.74675071041428964, 0.000000000000000000 ) ) ;
#1974 = CARTESIAN_POINT ( 'NONE',  ( 31.50000000000000000, 25.74675071041428964, 0.000000000000000000 ) ) ;
#1975 = EDGE_CURVE ( 'NONE', #1720, #2150, #1843, .T. ) ;
#1976 = CARTESIAN_POINT ( 'NONE',  ( 1.224646799147353256E-15, 0.000000000000000000, 10.00000000000000000 ) ) ;
#1977 = CARTESIAN_POINT ( 'NONE',  ( -6.190063900466525659, 16.73944577908338971, -1.985493254810670072 ) ) ;
#1978 = DIRECTION ( 'NONE',  ( 0.000000000000000000, -1.000000000000000000, 0.000000000000000000 ) ) ;
#1979 = CARTESIAN_POINT ( 'NONE',  ( -4.935159161809011152, 25.89889945946409000, -0.8170517872895560751 ) ) ;
#1980 = FACE_OUTER_BOUND ( 'NONE', #817, .T. ) ;
#1981 = VERTEX_POINT ( 'NONE', #1010 ) ;
#1982 = AXIS2_PLACEMENT_3D ( 'NONE', #2490, #716, #700 ) ;
#1983 = EDGE_CURVE ( 'NONE', #251, #222, #452, .T. ) ;
#1984 = ORIENTED_EDGE ( 'NONE', *, *, #1460, .T. ) ;
#1985 = CIRCLE ( 'NONE', #2160, 10.49999999999999822 ) ;
#1986 = DIRECTION ( 'NONE',  ( 0.000000000000000000, 0.000000000000000000, 1.000000000000000000 ) ) ;
#1987 = DIRECTION ( 'NONE',  ( -1.000000000000000000, 0.000000000000000000, 0.000000000000000000 ) ) ;
#1988 = ORIENTED_EDGE ( 'NONE', *, *, #2445, .T. ) ;
#1989 = AXIS2_PLACEMENT_3D ( 'NONE', #1893, #1674, #2317 ) ;
#1990 = CLOSED_SHELL ( 'NONE', ( #1009, #932, #1093, #2047 ) ) ;
#1991 = VERTEX_POINT ( 'NONE', #434 ) ;
#1992 = AXIS2_PLACEMENT_3D ( 'NONE', #1286, #1844, #1659 ) ;
#1993 = CARTESIAN_POINT ( 'NONE',  ( -6.499964095798016928, 15.76730020261562792, 0.1661906060500811522 ) ) ;
#1994 = AXIS2_PLACEMENT_3D ( 'NONE', #606, #466, #1288 ) ;
#1995 = CARTESIAN_POINT ( 'NONE',  ( 6.052716518374280597, 27.45642577393741135, -2.370463378857187831 ) ) ;
#1996 = CYLINDRICAL_SURFACE ( 'NONE', #2069, 2.500000000000000000 ) ;
#1997 = CARTESIAN_POINT ( 'NONE',  ( 6.123233995736766282E-16, 15.83499205945373944, 5.000000000000000000 ) ) ;
#1998 = ORIENTED_EDGE ( 'NONE', *, *, #133, .T. ) ;
#1999 = ADVANCED_FACE ( 'NONE', ( #2033 ), #590, .F. ) ;
#2000 = DIRECTION ( 'NONE',  ( -0.000000000000000000, -0.000000000000000000, 1.000000000000000000 ) ) ;
#2001 = ORIENTED_EDGE ( 'NONE', *, *, #2455, .F. ) ;
#2002 = ORIENTED_EDGE ( 'NONE', *, *, #453, .F. ) ;
#2003 = CARTESIAN_POINT ( 'NONE',  ( 4.340232315778733252, 28.60407992308128300, 2.482702787687851576 ) ) ;
#2004 = CARTESIAN_POINT ( 'NONE',  ( 4.875439819066918368, 26.02598377256561335, -1.119835497753354003 ) ) ;
#2005 = CARTESIAN_POINT ( 'NONE',  ( 6.189145709360963643, 29.79124447524332098, 1.988336407601797529 ) ) ;
#2006 = CARTESIAN_POINT ( 'NONE',  ( 4.377283372729115385, 18.92787063642582268, 2.416778840058041666 ) ) ;
#2007 = DIRECTION ( 'NONE',  ( -0.000000000000000000, -0.000000000000000000, -1.000000000000000000 ) ) ;
#2008 = DIRECTION ( 'NONE',  ( -0.000000000000000000, -1.000000000000000000, -0.000000000000000000 ) ) ;
#2009 = CARTESIAN_POINT ( 'NONE',  ( -6.222159400925069583, 19.91868259777863059, -1.883848981695759317 ) ) ;
#2010 = ADVANCED_FACE ( 'NONE', ( #573 ), #2283, .T. ) ;
#2011 = CARTESIAN_POINT ( 'NONE',  ( 0.000000000000000000, 25.74675071041428964, -6.500000000000000888 ) ) ;
#2012 = MANIFOLD_SOLID_BREP ( 'Corte-extrus\X2\00e3\X0\o4', #1279 ) ;
#2013 = EDGE_CURVE ( 'NONE', #1526, #805, #352, .T. ) ;
#2014 = CARTESIAN_POINT ( 'NONE',  ( -6.000000000000000888, 28.26720685167784097, 2.500000000000000000 ) ) ;
#2015 = ORIENTED_EDGE ( 'NONE', *, *, #1863, .F. ) ;
#2016 = CARTESIAN_POINT ( 'NONE',  ( 4.330127018922193649, 28.26720685167784097, 2.500000000000000000 ) ) ;
#2017 = DIRECTION ( 'NONE',  ( 0.000000000000000000, 0.000000000000000000, 1.000000000000000000 ) ) ;
#2018 = CARTESIAN_POINT ( 'NONE',  ( 0.000000000000000000, 5.000000000000000000, 0.000000000000000000 ) ) ;
#2019 = LINE ( 'NONE', #1274, #1355 ) ;
#2020 = MANIFOLD_SOLID_BREP ( 'Ressalto-extrus\X2\00e3\X0\o1', #1990 ) ;
#2021 = AXIS2_PLACEMENT_3D ( 'NONE', #794, #1013, #6 ) ;
#2022 = CARTESIAN_POINT ( 'NONE',  ( -6.000000000000000888, 18.26720685167784097, 2.500000000000000000 ) ) ;
#2023 = ORIENTED_EDGE ( 'NONE', *, *, #2541, .T. ) ;
#2024 = CARTESIAN_POINT ( 'NONE',  ( 0.000000000000000000, 30.69942164390194250, -6.500000000000000888 ) ) ;
#2025 = VERTEX_POINT ( 'NONE', #1136 ) ;
#2026 = AXIS2_PLACEMENT_3D ( 'NONE', #2394, #1548, #768 ) ;
#2027 = FACE_OUTER_BOUND ( 'NONE', #1910, .T. ) ;
#2028 = DIRECTION ( 'NONE',  ( -0.000000000000000000, -1.000000000000000000, -0.000000000000000000 ) ) ;
#2029 = TOROIDAL_SURFACE ( 'NONE', #457, 10.49999999999999822, 1.000000000000000000 ) ;
#2030 = CARTESIAN_POINT ( 'NONE',  ( 6.033455228702869100, 18.92193099940775625, -2.418399233873708809 ) ) ;
#2031 = CIRCLE ( 'NONE', #1142, 6.500000000000000888 ) ;
#2032 = ADVANCED_FACE ( 'NONE', ( #1940 ), #2542, .T. ) ;
#2033 = FACE_OUTER_BOUND ( 'NONE', #1458, .T. ) ;
#2034 = CIRCLE ( 'NONE', #755, 6.500000000000000888 ) ;
#2035 = CIRCLE ( 'NONE', #585, 6.500000000000000888 ) ;
#2036 = DIRECTION ( 'NONE',  ( -1.000000000000000000, 4.378252409844693461E-16, 0.000000000000000000 ) ) ;
#2037 = FACE_OUTER_BOUND ( 'NONE', #1924, .T. ) ;
#2038 = CARTESIAN_POINT ( 'NONE',  ( 6.499968117370739762, 15.76728974652275994, 0.1662142349831699784 ) ) ;
#2039 = CARTESIAN_POINT ( 'NONE',  ( 6.006969933882614576, 27.93647698579773220, 2.483450209232993533 ) ) ;
#2040 = VERTEX_POINT ( 'NONE', #101 ) ;
#2041 = CARTESIAN_POINT ( 'NONE',  ( 0.000000000000000000, 15.83499205945373944, 0.000000000000000000 ) ) ;
#2042 = CARTESIAN_POINT ( 'NONE',  ( 6.129221314225017814, 19.52598273396441897, -2.166038004746743795 ) ) ;
#2043 = ORIENTED_EDGE ( 'NONE', *, *, #1363, .T. ) ;
#2044 = DIRECTION ( 'NONE',  ( 0.000000000000000000, 1.000000000000000000, 0.000000000000000000 ) ) ;
#2045 = CARTESIAN_POINT ( 'NONE',  ( 4.846292079927513541, 30.44644670564689193, 1.268412524914903194 ) ) ;
#2046 = LINE ( 'NONE', #25, #195 ) ;
#2047 = ADVANCED_FACE ( 'NONE', ( #2594 ), #377, .F. ) ;
#2048 = FACE_BOUND ( 'NONE', #1066, .T. ) ;
#2049 = DIRECTION ( 'NONE',  ( 0.000000000000000000, -0.000000000000000000, 1.000000000000000000 ) ) ;
#2050 = CARTESIAN_POINT ( 'NONE',  ( 0.000000000000000000, 1.600000000000000089, 0.000000000000000000 ) ) ;
#2051 = CARTESIAN_POINT ( 'NONE',  ( 0.000000000000000000, 5.500000000000000888, 0.000000000000000000 ) ) ;
#2052 = CARTESIAN_POINT ( 'NONE',  ( -6.405494179157143364, 20.51083834447114285, -1.115088928414457836 ) ) ;
#2053 = ORIENTED_EDGE ( 'NONE', *, *, #2570, .T. ) ;
#2054 = FACE_OUTER_BOUND ( 'NONE', #2219, .T. ) ;
#2055 = CARTESIAN_POINT ( 'NONE',  ( 0.000000000000000000, 0.000000000000000000, 0.000000000000000000 ) ) ;
#2056 = ORIENTED_EDGE ( 'NONE', *, *, #2194, .F. ) ;
#2057 = CARTESIAN_POINT ( 'NONE',  ( -4.339676481258738505, 18.59750916580737368, -2.483672801277728492 ) ) ;
#2058 = CARTESIAN_POINT ( 'NONE',  ( 4.991694699755270470, 30.75071874932429949, 0.3312656108842267910 ) ) ;
#2059 = VERTEX_POINT ( 'NONE', #1805 ) ;
#2060 = DIRECTION ( 'NONE',  ( 0.000000000000000000, -0.000000000000000000, 1.000000000000000000 ) ) ;
#2061 = CARTESIAN_POINT ( 'NONE',  ( 1.347111479062088405E-15, 6.500000000000000888, -10.49999999999999822 ) ) ;
#2062 = CARTESIAN_POINT ( 'NONE',  ( 0.000000000000000000, 3.000000000000000000, 0.000000000000000000 ) ) ;
#2063 = CARTESIAN_POINT ( 'NONE',  ( 0.000000000000000000, 1.600000000000000089, 0.000000000000000000 ) ) ;
#2064 = ADVANCED_FACE ( 'NONE', ( #772, #598 ), #1783, .F. ) ;
#2065 = DIRECTION ( 'NONE',  ( 0.000000000000000000, 1.000000000000000000, 0.000000000000000000 ) ) ;
#2066 = CARTESIAN_POINT ( 'NONE',  ( -6.469105103403812507, 20.68592916006569382, -0.6532836797281154073 ) ) ;
#2067 = VERTEX_POINT ( 'NONE', #1794 ) ;
#2068 = VERTEX_POINT ( 'NONE', #1573 ) ;
#2069 = AXIS2_PLACEMENT_3D ( 'NONE', #1766, #542, #975 ) ;
#2070 = CARTESIAN_POINT ( 'NONE',  ( 0.000000000000000000, 30.69942164390194250, 0.000000000000000000 ) ) ;
#2071 = ORIENTED_EDGE ( 'NONE', *, *, #145, .T. ) ;
#2072 = AXIS2_PLACEMENT_3D ( 'NONE', #1354, #531, #1704 ) ;
#2073 = CARTESIAN_POINT ( 'NONE',  ( -4.591125250978718597, 29.80750375937746810, 1.995057391377563771 ) ) ;
#2074 = ORIENTED_EDGE ( 'NONE', *, *, #1075, .T. ) ;
#2075 = FACE_BOUND ( 'NONE', #311, .T. ) ;
#2076 = AXIS2_PLACEMENT_3D ( 'NONE', #2615, #2419, #543 ) ;
#2077 = AXIS2_PLACEMENT_3D ( 'NONE', #1821, #2081, #31 ) ;
#2078 = DIRECTION ( 'NONE',  ( 0.000000000000000000, 0.000000000000000000, 1.000000000000000000 ) ) ;
#2079 = DIRECTION ( 'NONE',  ( 0.000000000000000000, 1.000000000000000000, 0.000000000000000000 ) ) ;
#2080 = AXIS2_PLACEMENT_3D ( 'NONE', #1974, #153, #981 ) ;
#2081 = DIRECTION ( 'NONE',  ( 0.000000000000000000, 1.000000000000000000, 0.000000000000000000 ) ) ;
#2082 = LINE ( 'NONE', #2640, #1771 ) ;
#2083 = ORIENTED_EDGE ( 'NONE', *, *, #1280, .T. ) ;
#2084 = CARTESIAN_POINT ( 'NONE',  ( -3.031088913245547634, 38.00000000000000000, -5.749999999999994671 ) ) ;
#2085 = ORIENTED_EDGE ( 'NONE', *, *, #2245, .T. ) ;
#2086 = EDGE_CURVE ( 'NONE', #1926, #2199, #1585, .T. ) ;
#2087 = CARTESIAN_POINT ( 'NONE',  ( -0.1999999999999994560, 1.899999999999999911, 9.997999799959989886 ) ) ;
#2088 = ORIENTED_EDGE ( 'NONE', *, *, #2293, .F. ) ;
#2089 = CARTESIAN_POINT ( 'NONE',  ( -4.959302298474799642, 30.68495171378755515, -0.6571129950766878558 ) ) ;
#2090 = DIRECTION ( 'NONE',  ( -0.000000000000000000, 1.000000000000000000, -0.000000000000000000 ) ) ;
#2091 = CARTESIAN_POINT ( 'NONE',  ( -5.000070745748606882, 15.76706536014120452, 0.1633425702490436948 ) ) ;
#2092 = CARTESIAN_POINT ( 'NONE',  ( 0.000000000000000000, 3.000000000000000000, 0.000000000000000000 ) ) ;
#2093 = LINE ( 'NONE', #900, #2165 ) ;
#2094 = CARTESIAN_POINT ( 'NONE',  ( 6.319416078669120473, 16.28168118847410639, -1.527738534646996937 ) ) ;
#2095 = EDGE_LOOP ( 'NONE', ( #1947, #1948 ) ) ;
#2096 = DIRECTION ( 'NONE',  ( 0.000000000000000000, 1.000000000000000000, 0.000000000000000000 ) ) ;
#2097 = ORIENTED_EDGE ( 'NONE', *, *, #1965, .F. ) ;
#2098 = EDGE_CURVE ( 'NONE', #644, #2321, #1147, .T. ) ;
#2099 = CARTESIAN_POINT ( 'NONE',  ( 0.000000000000000000, 0.000000000000000000, 0.000000000000000000 ) ) ;
#2100 = ORIENTED_EDGE ( 'NONE', *, *, #121, .F. ) ;
#2101 = ADVANCED_FACE ( 'NONE', ( #1382 ), #2605, .F. ) ;
#2102 = FACE_OUTER_BOUND ( 'NONE', #1005, .T. ) ;
#2103 = CARTESIAN_POINT ( 'NONE',  ( -4.633419741925094648, 16.61500585687579701, 1.883161293889717980 ) ) ;
#2104 = CARTESIAN_POINT ( 'NONE',  ( 1.285879139104720633E-15, 1.000000000000000000, -10.49999999999999822 ) ) ;
#2105 = FACE_OUTER_BOUND ( 'NONE', #698, .T. ) ;
#2106 = CARTESIAN_POINT ( 'NONE',  ( -0.1999999999999999556, 1.899999999999999689, 5.996665740225981089 ) ) ;
#2107 = ORIENTED_EDGE ( 'NONE', *, *, #322, .F. ) ;
#2108 = FACE_BOUND ( 'NONE', #1319, .T. ) ;
#2109 = ORIENTED_EDGE ( 'NONE', *, *, #1358, .F. ) ;
#2110 = ORIENTED_EDGE ( 'NONE', *, *, #1280, .F. ) ;
#2111 = DIRECTION ( 'NONE',  ( 0.000000000000000000, 1.000000000000000000, 0.000000000000000000 ) ) ;
#2112 = ORIENTED_EDGE ( 'NONE', *, *, #880, .F. ) ;
#2113 = CARTESIAN_POINT ( 'NONE',  ( 4.330127018922193649, 28.26720685167784097, 2.500000000000000000 ) ) ;
#2114 = AXIS2_PLACEMENT_3D ( 'NONE', #1250, #854, #1412 ) ;
#2115 = EDGE_CURVE ( 'NONE', #927, #1963, #782, .T. ) ;
#2116 = AXIS2_PLACEMENT_3D ( 'NONE', #2241, #1455, #1851 ) ;
#2117 = EDGE_CURVE ( 'NONE', #76, #2354, #583, .T. ) ;
#2118 = DIRECTION ( 'NONE',  ( -0.000000000000000000, -1.000000000000000000, -0.000000000000000000 ) ) ;
#2119 = CARTESIAN_POINT ( 'NONE',  ( -6.500035598228263822, 25.76711429627178518, -0.1633700889635338604 ) ) ;
#2120 = AXIS2_PLACEMENT_3D ( 'NONE', #594, #1157, #769 ) ;
#2121 = CIRCLE ( 'NONE', #715, 6.000000000000000888 ) ;
#2122 = CARTESIAN_POINT ( 'NONE',  ( 6.006932773420458282, 28.59784722618083919, -2.483544947604158448 ) ) ;
#2123 = DIRECTION ( 'NONE',  ( 0.000000000000000000, 0.000000000000000000, 1.000000000000000000 ) ) ;
#2124 = VERTEX_POINT ( 'NONE', #2217 ) ;
#2125 = VERTEX_POINT ( 'NONE', #568 ) ;
#2126 = ORIENTED_EDGE ( 'NONE', *, *, #786, .T. ) ;
#2127 = AXIS2_PLACEMENT_3D ( 'NONE', #1795, #1596, #1784 ) ;
#2128 = AXIS2_PLACEMENT_3D ( 'NONE', #1234, #17, #848 ) ;
#2129 = DIRECTION ( 'NONE',  ( 0.000000000000000000, 0.000000000000000000, -1.000000000000000000 ) ) ;
#2130 = ORIENTED_EDGE ( 'NONE', *, *, #2455, .T. ) ;
#2131 = ORIENTED_EDGE ( 'NONE', *, *, #1547, .F. ) ;
#2132 = CARTESIAN_POINT ( 'NONE',  ( 3.031088913245528982, 38.00000000000000000, -3.976493430146721408 ) ) ;
#2133 = CARTESIAN_POINT ( 'NONE',  ( -6.318824560344179275, 26.28354254696863279, 1.530232124437433727 ) ) ;
#2134 = APPLICATION_PROTOCOL_DEFINITION ( 'draft international standard', 'automotive_design', 1998, #1364 ) ;
#2135 = EDGE_CURVE ( 'NONE', #430, #1390, #1372, .T. ) ;
#2136 = CARTESIAN_POINT ( 'NONE',  ( 6.319744118019195334, 30.25376546385612997, -1.526358900109805239 ) ) ;
#2137 = CARTESIAN_POINT ( 'NONE',  ( 4.340019812108418584, 18.60133594265364820, -2.483070994658638231 ) ) ;
#2138 = EDGE_LOOP ( 'NONE', ( #1245, #2071 ) ) ;
#2139 =( NAMED_UNIT ( * ) SI_UNIT ( $, .STERADIAN. ) SOLID_ANGLE_UNIT ( ) );
#2140 = ORIENTED_EDGE ( 'NONE', *, *, #1341, .T. ) ;
#2141 = ORIENTED_EDGE ( 'NONE', *, *, #774, .T. ) ;
#2142 = DIRECTION ( 'NONE',  ( 0.000000000000000000, -1.000000000000000000, 0.000000000000000000 ) ) ;
#2143 = PRESENTATION_STYLE_ASSIGNMENT (( #2538 ) ) ;
#2144 = CARTESIAN_POINT ( 'NONE',  ( -6.469125306974250478, 15.84843067877630673, -0.6530815097053097595 ) ) ;
#2145 = CARTESIAN_POINT ( 'NONE',  ( 4.339676481258738505, 17.93690453754830827, -2.483672801277728492 ) ) ;
#2146 = APPLICATION_PROTOCOL_DEFINITION ( 'draft international standard', 'automotive_design', 1998, #515 ) ;
#2147 = CARTESIAN_POINT ( 'NONE',  ( 6.100566046918083352, 29.38037549848315422, -2.244466896653220189 ) ) ;
#2148 = LINE ( 'NONE', #1129, #2617 ) ;
#2149 = EDGE_LOOP ( 'NONE', ( #1218, #1557 ) ) ;
#2150 = VERTEX_POINT ( 'NONE', #1595 ) ;
#2151 = EDGE_CURVE ( 'NONE', #2199, #309, #1054, .T. ) ;
#2152 = CARTESIAN_POINT ( 'NONE',  ( -4.376650834816704361, 28.92400224343303705, -2.417922665408307470 ) ) ;
#2153 = DIRECTION ( 'NONE',  ( 0.000000000000000000, 0.000000000000000000, -1.000000000000000000 ) ) ;
#2154 = UNCERTAINTY_MEASURE_WITH_UNIT (LENGTH_MEASURE( 1.000000000000000082E-05 ), #684, 'distance_accuracy_value', 'NONE');
#2155 = AXIS2_PLACEMENT_3D ( 'NONE', #1229, #1428, #1030 ) ;
#2156 = CARTESIAN_POINT ( 'NONE',  ( 4.376869350123271829, 28.92512446657444869, -2.417525227574701674 ) ) ;
#2157 = CARTESIAN_POINT ( 'NONE',  ( 4.839989195218659113, 16.10337550942324114, -1.262574871428693069 ) ) ;
#2158 = VECTOR ( 'NONE', #199, 1000.000000000000000 ) ;
#2159 = CARTESIAN_POINT ( 'NONE',  ( 6.052367887943209013, 29.07569086425837313, 2.371373441442512942 ) ) ;
#2160 = AXIS2_PLACEMENT_3D ( 'NONE', #745, #2584, #2387 ) ;
#2161 = CARTESIAN_POINT ( 'NONE',  ( -3.031088913245540528, 20.78766299294139586, -25.75000000000000000 ) ) ;
#2162 = ORIENTED_EDGE ( 'NONE', *, *, #812, .T. ) ;
#2163 = VERTEX_POINT ( 'NONE', #980 ) ;
#2164 = AXIS2_PLACEMENT_3D ( 'NONE', #426, #212, #2049 ) ;
#2165 = VECTOR ( 'NONE', #883, 1000.000000000000000 ) ;
#2166 = CARTESIAN_POINT ( 'NONE',  ( -4.339954374681743943, 28.60033805559126208, 2.483182732436590712 ) ) ;
#2167 = FACE_OUTER_BOUND ( 'NONE', #2256, .T. ) ;
#2168 = EDGE_CURVE ( 'NONE', #1160, #1285, #498, .T. ) ;
#2169 = VECTOR ( 'NONE', #1122, 1000.000000000000000 ) ;
#2170 = ORIENTED_EDGE ( 'NONE', *, *, #1906, .T. ) ;
#2171 = CARTESIAN_POINT ( 'NONE',  ( -6.469105103403812507, 30.68592916006569382, -0.6532836797281154073 ) ) ;
#2172 = CARTESIAN_POINT ( 'NONE',  ( -6.468965451176140746, 15.84885443157923746, 0.6550346899235481857 ) ) ;
#2173 = DIRECTION ( 'NONE',  ( 0.000000000000000000, 0.000000000000000000, 1.000000000000000000 ) ) ;
#2174 = DIRECTION ( 'NONE',  ( 0.000000000000000000, 0.000000000000000000, 1.000000000000000000 ) ) ;
#2175 = PRODUCT_DEFINITION ( 'UNKNOWN', '', #1177, #1829 ) ;
#2176 = ORIENTED_EDGE ( 'NONE', *, *, #1395, .T. ) ;
#2177 = CARTESIAN_POINT ( 'NONE',  ( 0.000000000000000000, 0.000000000000000000, 0.000000000000000000 ) ) ;
#2178 = CARTESIAN_POINT ( 'NONE',  ( -3.031088913245532090, 30.69942164390194250, 5.750000000000001776 ) ) ;
#2179 = ORIENTED_EDGE ( 'NONE', *, *, #178, .F. ) ;
#2180 = DIRECTION ( 'NONE',  ( 0.000000000000000000, 0.000000000000000000, 1.000000000000000000 ) ) ;
#2181 = EDGE_CURVE ( 'NONE', #1285, #1160, #884, .T. ) ;
#2182 = DIRECTION ( 'NONE',  ( -0.000000000000000000, -0.000000000000000000, 1.000000000000000000 ) ) ;
#2183 = CARTESIAN_POINT ( 'NONE',  ( 6.286930862373015572, 26.38635486449298639, -1.654888192023286297 ) ) ;
#2184 = CARTESIAN_POINT ( 'NONE',  ( -4.590083163249331299, 26.73911689742423192, -1.985166955146167034 ) ) ;
#2185 = CYLINDRICAL_SURFACE ( 'NONE', #2076, 11.50000000000000000 ) ;
#2186 = CARTESIAN_POINT ( 'NONE',  ( 0.000000000000000000, 25.74675071041428964, 0.000000000000000000 ) ) ;
#2187 = EDGE_LOOP ( 'NONE', ( #1694, #556, #2457, #100 ) ) ;
#2188 = DIRECTION ( 'NONE',  ( 0.000000000000000000, 0.000000000000000000, 1.000000000000000000 ) ) ;
#2189 = DIRECTION ( 'NONE',  ( 0.000000000000000000, 0.000000000000000000, 1.000000000000000000 ) ) ;
#2190 = DIRECTION ( 'NONE',  ( -0.000000000000000000, -1.000000000000000000, -0.000000000000000000 ) ) ;
#2191 = CARTESIAN_POINT ( 'NONE',  ( -6.222791397412045455, 29.92102517691322205, 1.881737257087934712 ) ) ;
#2192 = DIRECTION ( 'NONE',  ( -0.000000000000000000, -0.000000000000000000, 1.000000000000000000 ) ) ;
#2193 = CARTESIAN_POINT ( 'NONE',  ( 6.033439356808227849, 27.61251533278855419, -2.418439754503177497 ) ) ;
#2194 = EDGE_CURVE ( 'NONE', #180, #2482, #1859, .T. ) ;
#2195 = EDGE_CURVE ( 'NONE', #1665, #1641, #350, .T. ) ;
#2196 = CARTESIAN_POINT ( 'NONE',  ( 6.000000000000001776, 28.43411253468307365, 2.500000000000000000 ) ) ;
#2197 = CARTESIAN_POINT ( 'NONE',  ( 0.000000000000000000, 3.000000000000000000, 0.000000000000000000 ) ) ;
#2198 = AXIS2_PLACEMENT_3D ( 'NONE', #530, #1582, #1591 ) ;
#2199 = VERTEX_POINT ( 'NONE', #2226 ) ;
#2200 = AXIS2_PLACEMENT_3D ( 'NONE', #1183, #763, #390 ) ;
#2201 = DIRECTION ( 'NONE',  ( -0.000000000000000000, -1.000000000000000000, -0.000000000000000000 ) ) ;
#2202 = DIRECTION ( 'NONE',  ( -0.000000000000000000, -1.000000000000000000, -0.000000000000000000 ) ) ;
#2203 = ORIENTED_EDGE ( 'NONE', *, *, #1042, .T. ) ;
#2204 = AXIS2_PLACEMENT_3D ( 'NONE', #2186, #1170, #1970 ) ;
#2205 = AXIS2_PLACEMENT_3D ( 'NONE', #2574, #1762, #806 ) ;
#2206 = CARTESIAN_POINT ( 'NONE',  ( -6.451166429396138824, 30.63808746782147807, -0.8100806735880320408 ) ) ;
#2207 = AXIS2_PLACEMENT_3D ( 'NONE', #1290, #393, #2484 ) ;
#2208 = CARTESIAN_POINT ( 'NONE',  ( 4.590225795846572865, 29.79571016785612159, 1.984833212278490411 ) ) ;
#2209 = AXIS2_PLACEMENT_3D ( 'NONE', #2041, #238, #1855 ) ;
#2210 = PLANE ( 'NONE',  #1154 ) ;
#2211 = CARTESIAN_POINT ( 'NONE',  ( 6.006975437511434812, 28.59767137835843087, 2.483433553213049816 ) ) ;
#2212 = EDGE_CURVE ( 'NONE', #2482, #21, #2376, .T. ) ;
#2213 = DIRECTION ( 'NONE',  ( -0.000000000000000000, -1.000000000000000000, -0.000000000000000000 ) ) ;
#2214 = VERTEX_POINT ( 'NONE', #2022 ) ;
#2215 = SHAPE_REPRESENTATION ( 'atomizer head', ( #239 ), #751 ) ;
#2216 = EDGE_CURVE ( 'NONE', #1160, #455, #1173, .T. ) ;
#2217 = CARTESIAN_POINT ( 'NONE',  ( 3.031088913245540528, 20.78766299294139586, -5.749999999999998224 ) ) ;
#2218 = CARTESIAN_POINT ( 'NONE',  ( -6.499968117370739762, 20.76712395683292911, 0.1662142349831699784 ) ) ;
#2219 = EDGE_LOOP ( 'NONE', ( #1103, #1552, #335, #1073 ) ) ;
#2220 = CARTESIAN_POINT ( 'NONE',  ( -6.383324829542272205, 30.44906937797904689, 1.263105741301651541 ) ) ;
#2221 = CARTESIAN_POINT ( 'NONE',  ( 0.000000000000000000, 30.69942164390194250, 0.000000000000000000 ) ) ;
#2222 = DIRECTION ( 'NONE',  ( 1.000000000000000000, 4.378252409844693461E-16, 0.000000000000000000 ) ) ;
#2223 = CARTESIAN_POINT ( 'NONE',  ( 4.376650834816704361, 27.61041145992264134, -2.417922665408307470 ) ) ;
#2224 = CARTESIAN_POINT ( 'NONE',  ( -3.031088913245532090, 30.69942164390194250, -25.75000000000000000 ) ) ;
#2225 = CARTESIAN_POINT ( 'NONE',  ( 0.000000000000000000, 6.500000000000000888, 10.49999999999999822 ) ) ;
#2226 = CARTESIAN_POINT ( 'NONE',  ( -3.031088913245534311, 25.74675071041428964, -3.976493430146721408 ) ) ;
#2227 = CARTESIAN_POINT ( 'NONE',  ( 6.450808789952836797, 25.89732160222177271, 0.8124862791193718792 ) ) ;
#2228 = ORIENTED_EDGE ( 'NONE', *, *, #1740, .F. ) ;
#2229 = EDGE_CURVE ( 'NONE', #1637, #1335, #1985, .T. ) ;
#2230 = FACE_OUTER_BOUND ( 'NONE', #1104, .T. ) ;
#2231 = B_SPLINE_CURVE_WITH_KNOTS ( 'NONE', 3,
 ( #1942, #367, #766, #562, #356, #107, #1153, #1977, #1165, #1589, #2404, #539, #1579, #1192, #2144, #314, #1386, #1993, #984, #2172, #1755, #752, #1338, #2559, #728, #2391, #1545, #2357, #123, #1567, #1966, #528, #131, #958 ),
 .UNSPECIFIED., .F., .F.,
 ( 4, 2, 2, 2, 2, 2, 2, 2, 2, 2, 2, 2, 2, 2, 2, 2, 4 ),
 ( 0.007892630600260680876, 0.008385820122516641356, 0.008879009644772600102, 0.009372199167028560582, 0.009865388689284519327, 0.01035857821154047981, 0.01085176773379643855, 0.01134495725605239903, 0.01183814677830835951, 0.01233133630056431826, 0.01282452582282027700, 0.01331771534507623748, 0.01381090486733219797, 0.01430409438958815671, 0.01479728391184411719, 0.01529047343410007767, 0.01578366295635603642 ),
 .UNSPECIFIED. ) ;
#2232 = CARTESIAN_POINT ( 'NONE',  ( 6.318824560344179275, 20.25087115638704915, 1.530232124437433727 ) ) ;
#2233 = CARTESIAN_POINT ( 'NONE',  ( 6.123233995736766282E-16, 25.74675071041428964, 5.000000000000000000 ) ) ;
#2234 = CARTESIAN_POINT ( 'NONE',  ( 4.718862827584281661, 26.38871155659542822, -1.657409718739058624 ) ) ;
#2235 = CARTESIAN_POINT ( 'NONE',  ( 3.031088913245546301, 15.83499205945373944, -25.75000000000000000 ) ) ;
#2236 = CARTESIAN_POINT ( 'NONE',  ( 6.000000000000000888, 18.26720685167784097, 2.500000000000000000 ) ) ;
#2237 = CARTESIAN_POINT ( 'NONE',  ( 0.000000000000000000, 20.78766299294139586, 0.000000000000000000 ) ) ;
#2238 = CARTESIAN_POINT ( 'NONE',  ( -4.719648525152561724, 20.14765974244601665, 1.655170403702112658 ) ) ;
#2239 = LINE ( 'NONE', #814, #1949 ) ;
#2240 = AXIS2_PLACEMENT_3D ( 'NONE', #2224, #2036, #397 ) ;
#2241 = CARTESIAN_POINT ( 'NONE',  ( 0.000000000000000000, 5.500000000000000888, 10.49999999999999822 ) ) ;
#2242 = CARTESIAN_POINT ( 'NONE',  ( 6.033234886509706740, 27.61481306460350638, 2.418943887838508999 ) ) ;
#2243 = VERTEX_POINT ( 'NONE', #1469 ) ;
#2244 = AXIS2_PLACEMENT_3D ( 'NONE', #249, #2493, #639 ) ;
#2245 = EDGE_CURVE ( 'NONE', #2068, #2296, #840, .T. ) ;
#2246 = EDGE_CURVE ( 'NONE', #1824, #1933, #1435, .T. ) ;
#2247 = CARTESIAN_POINT ( 'NONE',  ( 6.100374386137766614, 19.37943749261428295, 2.244994743588352382 ) ) ;
#2248 = AXIS2_PLACEMENT_3D ( 'NONE', #2099, #727, #890 ) ;
#2249 = VECTOR ( 'NONE', #1361, 1000.000000000000000 ) ;
#2250 = CARTESIAN_POINT ( 'NONE',  ( 0.000000000000000000, 30.69942164390194250, 0.000000000000000000 ) ) ;
#2251 = AXIS2_PLACEMENT_3D ( 'NONE', #2311, #2111, #2188 ) ;
#2252 = DIRECTION ( 'NONE',  ( 0.000000000000000000, 1.000000000000000000, 0.000000000000000000 ) ) ;
#2253 = CARTESIAN_POINT ( 'NONE',  ( 3.031088913245532090, 30.69942164390194250, -5.750000000000001776 ) ) ;
#2254 = CARTESIAN_POINT ( 'NONE',  ( 1.408343819019456176E-15, 1.000000000000000000, 11.50000000000000000 ) ) ;
#2255 = CARTESIAN_POINT ( 'NONE',  ( -6.378507384367241073, 20.43345915377154043, -1.258430829708066412 ) ) ;
#2256 = EDGE_LOOP ( 'NONE', ( #1885, #2313, #968, #1510 ) ) ;
#2257 = DIRECTION ( 'NONE',  ( 0.000000000000000000, -1.000000000000000000, 0.000000000000000000 ) ) ;
#2258 = CARTESIAN_POINT ( 'NONE',  ( 0.000000000000000000, 38.00000000000000000, -6.500000000000000888 ) ) ;
#2259 = VERTEX_POINT ( 'NONE', #215 ) ;
#2260 = DIRECTION ( 'NONE',  ( 0.000000000000000000, 0.000000000000000000, 1.000000000000000000 ) ) ;
#2261 = ORIENTED_EDGE ( 'NONE', *, *, #2541, .F. ) ;
#2262 = ADVANCED_FACE ( 'NONE', ( #1675 ), #1275, .F. ) ;
#2263 = CARTESIAN_POINT ( 'NONE',  ( -4.633419741925094648, 26.61500585687579701, 1.883161293889717980 ) ) ;
#2264 =( NAMED_UNIT ( * ) PLANE_ANGLE_UNIT ( ) SI_UNIT ( $, .RADIAN. ) );
#2265 = CARTESIAN_POINT ( 'NONE',  ( 6.000000000000002665, 18.10285172315708735, -2.500000000000000888 ) ) ;
#2266 = DIRECTION ( 'NONE',  ( 0.000000000000000000, 1.000000000000000000, 0.000000000000000000 ) ) ;
#2267 = ORIENTED_EDGE ( 'NONE', *, *, #706, .T. ) ;
#2268 = ORIENTED_EDGE ( 'NONE', *, *, #764, .T. ) ;
#2269 = AXIS2_PLACEMENT_3D ( 'NONE', #449, #261, #1114 ) ;
#2270 = CARTESIAN_POINT ( 'NONE',  ( 31.50000000000000000, 18.26720685167784097, 2.500000000000000000 ) ) ;
#2271 = ORIENTED_EDGE ( 'NONE', *, *, #34, .T. ) ;
#2272 = DIRECTION ( 'NONE',  ( -0.000000000000000000, -1.000000000000000000, -0.000000000000000000 ) ) ;
#2273 =( NAMED_UNIT ( * ) PLANE_ANGLE_UNIT ( ) SI_UNIT ( $, .RADIAN. ) );
#2274 = LINE ( 'NONE', #879, #673 ) ;
#2275 = CARTESIAN_POINT ( 'NONE',  ( -3.031088913245534311, 25.74675071041428964, 5.750000000000001776 ) ) ;
#2276 = CARTESIAN_POINT ( 'NONE',  ( 0.000000000000000000, 0.000000000000000000, 0.000000000000000000 ) ) ;
#2277 = ADVANCED_FACE ( 'NONE', ( #2450 ), #2029, .T. ) ;
#2278 = CARTESIAN_POINT ( 'NONE',  ( 0.000000000000000000, 5.000000000000000888, 0.000000000000000000 ) ) ;
#2279 = DIRECTION ( 'NONE',  ( 0.000000000000000000, 0.000000000000000000, -1.000000000000000000 ) ) ;
#2280 = ORIENTED_EDGE ( 'NONE', *, *, #1935, .T. ) ;
#2281 = ORIENTED_EDGE ( 'NONE', *, *, #2301, .T. ) ;
#2282 = VECTOR ( 'NONE', #720, 1000.000000000000000 ) ;
#2283 = TOROIDAL_SURFACE ( 'NONE', #2449, 10.49999999999999822, 1.000000000000000000 ) ;
#2284 = DIRECTION ( 'NONE',  ( 0.000000000000000000, 0.000000000000000000, -1.000000000000000000 ) ) ;
#2285 = EDGE_LOOP ( 'NONE', ( #734, #921 ) ) ;
#2286 = AXIS2_PLACEMENT_3D ( 'NONE', #163, #174, #2189 ) ;
#2287 =( LENGTH_UNIT ( ) NAMED_UNIT ( * ) SI_UNIT ( .MILLI., .METRE. ) );
#2288 = ADVANCED_FACE ( 'NONE', ( #1043 ), #610, .T. ) ;
#2289 = CARTESIAN_POINT ( 'NONE',  ( 4.330127018922193649, 28.26720685167784097, -2.500000000000000000 ) ) ;
#2290 = CIRCLE ( 'NONE', #2204, 6.500000000000000888 ) ;
#2291 = DIRECTION ( 'NONE',  ( 0.000000000000000000, 0.000000000000000000, 1.000000000000000000 ) ) ;
#2292 = AXIS2_PLACEMENT_3D ( 'NONE', #1815, #2417, #1778 ) ;
#2293 = EDGE_CURVE ( 'NONE', #1285, #1335, #281, .T. ) ;
#2294 = CARTESIAN_POINT ( 'NONE',  ( 6.287868174069430438, 30.15123663589478298, -1.651409046313623730 ) ) ;
#2295 = CARTESIAN_POINT ( 'NONE',  ( 6.189910255386325666, 16.74000537995690863, 1.985991563414073013 ) ) ;
#2296 = VERTEX_POINT ( 'NONE', #2254 ) ;
#2297 = CARTESIAN_POINT ( 'NONE',  ( 0.000000000000000000, 25.74675071041428964, -5.000000000000000000 ) ) ;
#2298 = ORIENTED_EDGE ( 'NONE', *, *, #593, .F. ) ;
#2299 = ORIENTED_EDGE ( 'NONE', *, *, #53, .T. ) ;
#2300 = PRODUCT ( 'atomizer_tube', 'atomizer_tube', '', ( #503 ) ) ;
#2301 = EDGE_CURVE ( 'NONE', #1285, #2296, #2082, .T. ) ;
#2302 = ORIENTED_EDGE ( 'NONE', *, *, #254, .T. ) ;
#2303 = FACE_OUTER_BOUND ( 'NONE', #1061, .T. ) ;
#2304 = CARTESIAN_POINT ( 'NONE',  ( -4.846292079927513541, 16.08796699770879712, 1.268412524914903194 ) ) ;
#2305 = CARTESIAN_POINT ( 'NONE',  ( 4.330127018922193649, 18.26720685167784097, -2.500000000000000000 ) ) ;
#2306 = CARTESIAN_POINT ( 'NONE',  ( 6.451243759198282746, 30.63828308655433830, -0.8092425489389597493 ) ) ;
#2307 = CARTESIAN_POINT ( 'NONE',  ( 3.031088913245521432, 38.00000000000000000, 3.976493430146727626 ) ) ;
#2308 = EDGE_LOOP ( 'NONE', ( #2349, #1760 ) ) ;
#2309 = EDGE_LOOP ( 'NONE', ( #2112, #2409, #2085, #2481 ) ) ;
#2310 = ORIENTED_EDGE ( 'NONE', *, *, #2374, .F. ) ;
#2311 = CARTESIAN_POINT ( 'NONE',  ( 0.000000000000000000, 25.74675071041428964, 0.000000000000000000 ) ) ;
#2312 = EDGE_CURVE ( 'NONE', #860, #1293, #1246, .T. ) ;
#2313 = ORIENTED_EDGE ( 'NONE', *, *, #1516, .T. ) ;
#2314 = CARTESIAN_POINT ( 'NONE',  ( -4.991542959319554384, 15.78399635340859497, -0.3338686113110059805 ) ) ;
#2315 = FACE_OUTER_BOUND ( 'NONE', #2149, .T. ) ;
#2316 = DIRECTION ( 'NONE',  ( -0.9754234895448735676, -8.467732881646300067E-17, 0.2203384125478404509 ) ) ;
#2317 = DIRECTION ( 'NONE',  ( -1.838866012134770978E-15, -1.000000000000000000, 0.000000000000000000 ) ) ;
#2318 = DIRECTION ( 'NONE',  ( -0.000000000000000000, -1.000000000000000000, -0.000000000000000000 ) ) ;
#2319 = ORIENTED_EDGE ( 'NONE', *, *, #575, .T. ) ;
#2320 = ORIENTED_EDGE ( 'NONE', *, *, #1516, .F. ) ;
#2321 = VERTEX_POINT ( 'NONE', #1869 ) ;
#2322 = FACE_BOUND ( 'NONE', #1276, .T. ) ;
#2323 = EDGE_CURVE ( 'NONE', #470, #1719, #1396, .T. ) ;
#2324 = AXIS2_PLACEMENT_3D ( 'NONE', #1429, #1487, #2279 ) ;
#2325 = CARTESIAN_POINT ( 'NONE',  ( 3.031088913245547634, 38.00000000000000000, 5.749999999999994671 ) ) ;
#2326 = CARTESIAN_POINT ( 'NONE',  ( -6.286929367426643545, 26.38635540213088149, 1.654899027697837255 ) ) ;
#2327 = CIRCLE ( 'NONE', #190, 6.000000000000000888 ) ;
#2328 = AXIS2_PLACEMENT_3D ( 'NONE', #651, #857, #1041 ) ;
#2329 = AXIS2_PLACEMENT_3D ( 'NONE', #85, #1102, #1072 ) ;
#2330 = CARTESIAN_POINT ( 'NONE',  ( 5.000000000000000000, 6.123233995736766282E-16, 0.000000000000000000 ) ) ;
#2331 = FACE_OUTER_BOUND ( 'NONE', #1692, .T. ) ;
#2332 = ORIENTED_EDGE ( 'NONE', *, *, #1075, .F. ) ;
#2333 = ORIENTED_EDGE ( 'NONE', *, *, #2301, .F. ) ;
#2334 = ORIENTED_EDGE ( 'NONE', *, *, #677, .F. ) ;
#2335 = CIRCLE ( 'NONE', #1327, 4.000000000000000000 ) ;
#2336 = EDGE_CURVE ( 'NONE', #1133, #59, #1932, .T. ) ;
#2337 = CARTESIAN_POINT ( 'NONE',  ( 1.285879139104720633E-15, 5.500000000000000888, -10.49999999999999822 ) ) ;
#2338 = AXIS2_PLACEMENT_3D ( 'NONE', #1867, #2434, #608 ) ;
#2339 = CARTESIAN_POINT ( 'NONE',  ( -4.403930949479827106, 29.08340572633020926, 2.368638637499261179 ) ) ;
#2340 = PRODUCT_DEFINITION_SHAPE ( 'NONE', 'NONE',  #1730 ) ;
#2341 = UNCERTAINTY_MEASURE_WITH_UNIT (LENGTH_MEASURE( 1.000000000000000082E-05 ), #2287, 'distance_accuracy_value', 'NONE');
#2342 = ORIENTED_EDGE ( 'NONE', *, *, #2117, .F. ) ;
#2343 = CARTESIAN_POINT ( 'NONE',  ( -4.376869350123271829, 17.60928923678122260, -2.417525227574701674 ) ) ;
#2344 = CARTESIAN_POINT ( 'NONE',  ( 4.935357116109528874, 15.89846935576677467, -0.8162077602172094215 ) ) ;
#2345 = SHAPE_REPRESENTATION_RELATIONSHIP ( 'NONE' , 'NONE' ,  #1754, #1972 ) ;
#2346 = EDGE_CURVE ( 'NONE', #1293, #2563, #2148, .T. ) ;
#2347 = LINE ( 'NONE', #1508, #1191 ) ;
#2348 = CARTESIAN_POINT ( 'NONE',  ( 4.590083163249331299, 19.79529680593144292, -1.985166955146167034 ) ) ;
#2349 = ORIENTED_EDGE ( 'NONE', *, *, #1266, .T. ) ;
#2350 = VERTEX_POINT ( 'NONE', #2106 ) ;
#2351 = CARTESIAN_POINT ( 'NONE',  ( -5.000054244072537735, 30.76731533984038336, -0.1649669718320518896 ) ) ;
#2352 = ORIENTED_EDGE ( 'NONE', *, *, #1027, .F. ) ;
#2353 = FACE_BOUND ( 'NONE', #724, .T. ) ;
#2354 = VERTEX_POINT ( 'NONE', #1141 ) ;
#2355 = CARTESIAN_POINT ( 'NONE',  ( -4.718862827584281661, 20.14570214676025373, -1.657409718739058624 ) ) ;
#2356 = ORIENTED_EDGE ( 'NONE', *, *, #547, .F. ) ;
#2357 = CARTESIAN_POINT ( 'NONE',  ( -6.128459711209456096, 17.01214330816325315, 2.168176157414001715 ) ) ;
#2358 = CARTESIAN_POINT ( 'NONE',  ( 0.2000000000000005385, 1.899999999999999911, 9.997999799959989886 ) ) ;
#2359 = CARTESIAN_POINT ( 'NONE',  ( 0.000000000000000000, 20.78766299294139586, 0.000000000000000000 ) ) ;
#2360 = ADVANCED_FACE ( 'NONE', ( #491, #2521 ), #1333, .T. ) ;
#2361 = DIRECTION ( 'NONE',  ( 0.000000000000000000, -0.000000000000000000, -1.000000000000000000 ) ) ;
#2362 = ORIENTED_EDGE ( 'NONE', *, *, #2098, .F. ) ;
#2363 = ORIENTED_EDGE ( 'NONE', *, *, #513, .F. ) ;
#2364 =( NAMED_UNIT ( * ) SI_UNIT ( $, .STERADIAN. ) SOLID_ANGLE_UNIT ( ) );
#2365 = LINE ( 'NONE', #2377, #2249 ) ;
#2366 = ORIENTED_EDGE ( 'NONE', *, *, #422, .T. ) ;
#2367 = CARTESIAN_POINT ( 'NONE',  ( 4.876026387516445126, 30.50968701510928582, -1.117021147402235126 ) ) ;
#2368 = PRODUCT_DEFINITION ( 'UNKNOWN', '', #699, #420 ) ;
#2369 = AXIS2_PLACEMENT_3D ( 'NONE', #1217, #2201, #1560 ) ;
#2370 = FACE_OUTER_BOUND ( 'NONE', #1504, .T. ) ;
#2371 = MECHANICAL_DESIGN_GEOMETRIC_PRESENTATION_REPRESENTATION (  '', ( #280 ), #1099 ) ;
#2372 = DIRECTION ( 'NONE',  ( 0.000000000000000000, 0.000000000000000000, 1.000000000000000000 ) ) ;
#2373 = ORIENTED_EDGE ( 'NONE', *, *, #774, .F. ) ;
#2374 = EDGE_CURVE ( 'NONE', #927, #2067, #1482, .T. ) ;
#2375 = AXIS2_PLACEMENT_3D ( 'NONE', #387, #780, #2602 ) ;
#2376 = LINE ( 'NONE', #138, #748 ) ;
#2377 = CARTESIAN_POINT ( 'NONE',  ( 7.960204194457796463E-16, 38.00000000000000000, 6.500000000000000888 ) ) ;
#2378 = VECTOR ( 'NONE', #1175, 1000.000000000000000 ) ;
#2379 = EDGE_CURVE ( 'NONE', #2124, #2040, #74, .T. ) ;
#2380 = VERTEX_POINT ( 'NONE', #1923 ) ;
#2381 = CARTESIAN_POINT ( 'NONE',  ( -6.128820011709934512, 29.52407701897493908, -2.167182248526910548 ) ) ;
#2382 = CARTESIAN_POINT ( 'NONE',  ( 4.330127018922192761, 28.43270227201267275, -2.500000000000000000 ) ) ;
#2383 = LINE ( 'NONE', #591, #1696 ) ;
#2384 = LINE ( 'NONE', #347, #1394 ) ;
#2385 = CARTESIAN_POINT ( 'NONE',  ( 0.000000000000000000, 5.000000000000000888, 0.000000000000000000 ) ) ;
#2386 = ORIENTED_EDGE ( 'NONE', *, *, #1671, .T. ) ;
#2387 = DIRECTION ( 'NONE',  ( 0.000000000000000000, 0.000000000000000000, 1.000000000000000000 ) ) ;
#2388 = CARTESIAN_POINT ( 'NONE',  ( -3.031088913245540528, 20.78766299294139586, -25.75000000000000000 ) ) ;
#2389 = EDGE_CURVE ( 'NONE', #2380, #1665, #96, .T. ) ;
#2390 = CARTESIAN_POINT ( 'NONE',  ( -6.493666087877270066, 30.75087365903248937, 0.3295901886515054113 ) ) ;
#2391 = CARTESIAN_POINT ( 'NONE',  ( -6.222115960442097027, 16.61588970181243141, 1.883996984524802354 ) ) ;
#2392 = CARTESIAN_POINT ( 'NONE',  ( 6.100215293826999563, 27.15607439545947344, -2.245405809929038821 ) ) ;
#2393 = CARTESIAN_POINT ( 'NONE',  ( 4.339676481258738505, 27.93690453754830827, -2.483672801277728492 ) ) ;
#2394 = CARTESIAN_POINT ( 'NONE',  ( 0.000000000000000000, 20.78766299294139586, 0.000000000000000000 ) ) ;
#2395 = CARTESIAN_POINT ( 'NONE',  ( 4.330127018922193649, 18.26720685167784097, 2.500000000000000000 ) ) ;
#2396 = ORIENTED_EDGE ( 'NONE', *, *, #2379, .F. ) ;
#2397 = CARTESIAN_POINT ( 'NONE',  ( -3.031088913245528982, 38.00000000000000000, 3.976493430146721408 ) ) ;
#2398 = ADVANCED_FACE ( 'NONE', ( #926 ), #732, .F. ) ;
#2399 = ORIENTED_EDGE ( 'NONE', *, *, #1405, .T. ) ;
#2400 = APPLICATION_CONTEXT ( 'automotive_design' ) ;
#2401 = PRODUCT_DEFINITION_FORMATION_WITH_SPECIFIED_SOURCE ( 'ANY', '', #1283, .NOT_KNOWN. ) ;
#2402 = CARTESIAN_POINT ( 'NONE',  ( -3.031088913245534311, 25.74675071041428964, 3.976493430146721408 ) ) ;
#2403 = EDGE_CURVE ( 'NONE', #1390, #566, #1012, .T. ) ;
#2404 = CARTESIAN_POINT ( 'NONE',  ( -6.319744118019195334, 16.28064823949955553, -1.526358900109805239 ) ) ;
#2405 = CARTESIAN_POINT ( 'NONE',  ( -3.031088913245508998, 38.00000000000000711, 3.976493430146736952 ) ) ;
#2406 = CARTESIAN_POINT ( 'NONE',  ( -4.840105288336520317, 26.10311896595810666, -1.262122325482216700 ) ) ;
#2407 = FACE_OUTER_BOUND ( 'NONE', #1375, .T. ) ;
#2408 = AXIS2_PLACEMENT_3D ( 'NONE', #2221, #1037, #2636 ) ;
#2409 = ORIENTED_EDGE ( 'NONE', *, *, #198, .F. ) ;
#2410 = CARTESIAN_POINT ( 'NONE',  ( 0.000000000000000000, 1.600000000000000089, 0.000000000000000000 ) ) ;
#2411 = FACE_OUTER_BOUND ( 'NONE', #1334, .T. ) ;
#2412 = EDGE_LOOP ( 'NONE', ( #1244, #853, #90, #2179, #485, #829, #995, #320, #523, #2083, #1882, #2002, #550, #1796, #2453, #586, #1491, #1748, #735, #1841 ) ) ;
#2413 = CARTESIAN_POINT ( 'NONE',  ( 0.000000000000000000, 1.100000000000000089, 0.000000000000000000 ) ) ;
#2414 = CARTESIAN_POINT ( 'NONE',  ( 0.000000000000000000, 38.00000000000000000, 0.000000000000000000 ) ) ;
#2415 = AXIS2_PLACEMENT_3D ( 'NONE', #1161, #1987, #351 ) ;
#2416 = CARTESIAN_POINT ( 'NONE',  ( 0.000000000000000000, 30.69942164390194250, 0.000000000000000000 ) ) ;
#2417 = DIRECTION ( 'NONE',  ( 0.000000000000000000, 1.000000000000000000, 0.000000000000000000 ) ) ;
#2418 = FACE_OUTER_BOUND ( 'NONE', #1065, .T. ) ;
#2419 = DIRECTION ( 'NONE',  ( -0.000000000000000000, -1.000000000000000000, -0.000000000000000000 ) ) ;
#2420 = EDGE_CURVE ( 'NONE', #1705, #1294, #1362, .T. ) ;
#2421 = DIRECTION ( 'NONE',  ( -0.000000000000000000, 1.000000000000000000, -0.000000000000000000 ) ) ;
#2422 = CARTESIAN_POINT ( 'NONE',  ( 3.031088913245546301, 15.83499205945373944, -25.75000000000000000 ) ) ;
#2423 = CARTESIAN_POINT ( 'NONE',  ( 6.189910255386325666, 26.74000537995691218, 1.985991563414073013 ) ) ;
#2424 = ORIENTED_EDGE ( 'NONE', *, *, #2323, .F. ) ;
#2425 = CYLINDRICAL_SURFACE ( 'NONE', #978, 5.000000000000000000 ) ;
#2426 = CARTESIAN_POINT ( 'NONE',  ( -6.100686589603602883, 29.38102228617305656, 2.244139689120030479 ) ) ;
#2427 = ORIENTED_EDGE ( 'NONE', *, *, #1111, .F. ) ;
#2428 = DIRECTION ( 'NONE',  ( -0.000000000000000000, -1.000000000000000000, -0.000000000000000000 ) ) ;
#2429 = CARTESIAN_POINT ( 'NONE',  ( 4.591125250978718597, 26.72690994397820674, 1.995057391377563771 ) ) ;
#2430 = CARTESIAN_POINT ( 'NONE',  ( -4.590225795846572865, 26.73870353549956747, 1.984833212278490411 ) ) ;
#2431 = FACE_OUTER_BOUND ( 'NONE', #1707, .T. ) ;
#2432 = CARTESIAN_POINT ( 'NONE',  ( -4.591125250978718597, 19.80750375937746810, 1.995057391377563771 ) ) ;
#2433 = ADVANCED_FACE ( 'NONE', ( #2331 ), #2533, .T. ) ;
#2434 = DIRECTION ( 'NONE',  ( 0.000000000000000000, 1.000000000000000000, 0.000000000000000000 ) ) ;
#2435 = ADVANCED_FACE ( 'NONE', ( #290 ), #692, .T. ) ;
#2436 = DIRECTION ( 'NONE',  ( -0.000000000000000000, -1.000000000000000000, -0.000000000000000000 ) ) ;
#2437 = DIRECTION ( 'NONE',  ( 0.000000000000000000, 0.000000000000000000, 1.000000000000000000 ) ) ;
#2438 = CARTESIAN_POINT ( 'NONE',  ( -6.000000000000000888, 18.43414633964317062, 2.500000000000000444 ) ) ;
#2439 = ORIENTED_EDGE ( 'NONE', *, *, #1300, .F. ) ;
#2440 = FACE_OUTER_BOUND ( 'NONE', #433, .T. ) ;
#2441 = ORIENTED_EDGE ( 'NONE', *, *, #2117, .T. ) ;
#2442 = CARTESIAN_POINT ( 'NONE',  ( 6.222537486364204007, 19.92016021537237691, -1.882675023341505050 ) ) ;
#2443 = SURFACE_STYLE_USAGE ( .BOTH. , #1631 ) ;
#2444 = CARTESIAN_POINT ( 'NONE',  ( -6.000000000000000888, 28.26720685167784097, 2.500000000000000000 ) ) ;
#2445 = EDGE_CURVE ( 'NONE', #2563, #375, #150, .T. ) ;
#2446 = FACE_BOUND ( 'NONE', #2510, .T. ) ;
#2447 = CARTESIAN_POINT ( 'NONE',  ( 7.347880794884120722E-16, 1.100000000000000089, 6.000000000000000888 ) ) ;
#2448 = DIRECTION ( 'NONE',  ( 0.000000000000000000, 0.000000000000000000, 1.000000000000000000 ) ) ;
#2449 = AXIS2_PLACEMENT_3D ( 'NONE', #1814, #2624, #603 ) ;
#2450 = FACE_OUTER_BOUND ( 'NONE', #1325, .T. ) ;
#2451 = DIRECTION ( 'NONE',  ( 0.000000000000000000, 0.000000000000000000, 1.000000000000000000 ) ) ;
#2452 = ORIENTED_EDGE ( 'NONE', *, *, #1405, .F. ) ;
#2453 = ORIENTED_EDGE ( 'NONE', *, *, #355, .F. ) ;
#2454 = AXIS2_PLACEMENT_3D ( 'NONE', #704, #1747, #1318 ) ;
#2455 = EDGE_CURVE ( 'NONE', #2354, #1663, #2499, .T. ) ;
#2456 = DIRECTION ( 'NONE',  ( 0.000000000000000000, 0.000000000000000000, 1.000000000000000000 ) ) ;
#2457 = ORIENTED_EDGE ( 'NONE', *, *, #2420, .F. ) ;
#2458 = DIRECTION ( 'NONE',  ( 0.000000000000000000, 1.000000000000000000, 0.000000000000000000 ) ) ;
#2459 = CARTESIAN_POINT ( 'NONE',  ( 5.000070745748606882, 30.76734834321447920, 0.1633425702490436948 ) ) ;
#2460 = CIRCLE ( 'NONE', #2292, 10.49999999999999822 ) ;
#2461 = LINE ( 'NONE', #1900, #1195 ) ;
#2462 = CIRCLE ( 'NONE', #2251, 6.500000000000000888 ) ;
#2463 = CARTESIAN_POINT ( 'NONE',  ( -4.959372781785823747, 25.84931649872452653, 0.6567910564261113526 ) ) ;
#2464 = CARTESIAN_POINT ( 'NONE',  ( 0.000000000000000000, 1.899999999999999911, 4.000000000000000000 ) ) ;
#2465 = CARTESIAN_POINT ( 'NONE',  ( 6.052716518374280597, 17.45642577393741490, -2.370463378857187831 ) ) ;
#2466 = CARTESIAN_POINT ( 'NONE',  ( 6.052855793031932663, 27.45525167508818143, 2.370121633505915870 ) ) ;
#2467 = VERTEX_POINT ( 'NONE', #1000 ) ;
#2468 = LINE ( 'NONE', #2608, #1653 ) ;
#2469 = CARTESIAN_POINT ( 'NONE',  ( 6.222115960442097027, 19.91852400154324343, 1.883996984524802354 ) ) ;
#2470 = ORIENTED_EDGE ( 'NONE', *, *, #561, .F. ) ;
#2471 = UNCERTAINTY_MEASURE_WITH_UNIT (LENGTH_MEASURE( 1.000000000000000082E-05 ), #524, 'distance_accuracy_value', 'NONE');
#2472 = ADVANCED_FACE ( 'NONE', ( #1592 ), #1389, .F. ) ;
#2473 = PRESENTATION_STYLE_ASSIGNMENT (( #953 ) ) ;
#2474 = CARTESIAN_POINT ( 'NONE',  ( -3.031088913245528538, 38.00000000000000000, -5.750000000000004441 ) ) ;
#2475 = CARTESIAN_POINT ( 'NONE',  ( -4.846292079927513541, 26.08796699770879357, 1.268412524914903194 ) ) ;
#2476 = DIRECTION ( 'NONE',  ( 0.000000000000000000, 0.000000000000000000, -1.000000000000000000 ) ) ;
#2477 =( LENGTH_UNIT ( ) NAMED_UNIT ( * ) SI_UNIT ( .MILLI., .METRE. ) );
#2478 = DIRECTION ( 'NONE',  ( -0.000000000000000000, -1.000000000000000000, -0.000000000000000000 ) ) ;
#2479 = CARTESIAN_POINT ( 'NONE',  ( 0.000000000000000000, 15.83499205945373944, 0.000000000000000000 ) ) ;
#2480 = CARTESIAN_POINT ( 'NONE',  ( 6.128784630652579501, 17.01048237335610125, 2.167291030472234148 ) ) ;
#2481 = ORIENTED_EDGE ( 'NONE', *, *, #422, .F. ) ;
#2482 = VERTEX_POINT ( 'NONE', #1208 ) ;
#2483 = ADVANCED_FACE ( 'NONE', ( #2407 ), #348, .F. ) ;
#2484 = DIRECTION ( 'NONE',  ( 0.000000000000000000, 0.000000000000000000, -1.000000000000000000 ) ) ;
#2485 = CARTESIAN_POINT ( 'NONE',  ( 6.123233995736766282E-16, 5.000000000000000888, 5.000000000000000000 ) ) ;
#2486 = EDGE_LOOP ( 'NONE', ( #1500, #1854 ) ) ;
#2487 = CARTESIAN_POINT ( 'NONE',  ( -4.875837045203248898, 30.50927855142596457, 1.117881195337294686 ) ) ;
#2488 = DIRECTION ( 'NONE',  ( -0.000000000000000000, -0.000000000000000000, 1.000000000000000000 ) ) ;
#2489 = ADVANCED_FACE ( 'NONE', ( #1980 ), #1780, .F. ) ;
#2490 = CARTESIAN_POINT ( 'NONE',  ( 0.000000000000000000, 20.78766299294139586, 0.000000000000000000 ) ) ;
#2491 = ADVANCED_FACE ( 'NONE', ( #146 ), #1583, .F. ) ;
#2492 = CARTESIAN_POINT ( 'NONE',  ( 3.031088913245534311, 25.74675071041428964, -25.75000000000000000 ) ) ;
#2493 = DIRECTION ( 'NONE',  ( -1.000000000000000000, 0.000000000000000000, 0.000000000000000000 ) ) ;
#2494 = ORIENTED_EDGE ( 'NONE', *, *, #577, .T. ) ;
#2495 = ORIENTED_EDGE ( 'NONE', *, *, #1148, .F. ) ;
#2496 = CIRCLE ( 'NONE', #2620, 1.000000000000000888 ) ;
#2497 = VECTOR ( 'NONE', #2428, 1000.000000000000000 ) ;
#2498 = ORIENTED_EDGE ( 'NONE', *, *, #1221, .F. ) ;
#2499 = CIRCLE ( 'NONE', #538, 5.000000000000000000 ) ;
#2500 = DIRECTION ( 'NONE',  ( 0.000000000000000000, 0.000000000000000000, 1.000000000000000000 ) ) ;
#2501 = AXIS2_PLACEMENT_3D ( 'NONE', #2479, #10, #1241 ) ;
#2502 = CARTESIAN_POINT ( 'NONE',  ( -4.634113021830999379, 16.61310509991857387, -1.881415511258645701 ) ) ;
#2503 = AXIS2_PLACEMENT_3D ( 'NONE', #1277, #1911, #307 ) ;
#2504 = CARTESIAN_POINT ( 'NONE',  ( 4.991533001829415284, 15.78402086610352839, -0.3332792636872788372 ) ) ;
#2505 = ITEM_DEFINED_TRANSFORMATION ( 'NONE', 'NONE', #762,  #239 ) ;
#2506 = AXIS2_PLACEMENT_3D ( 'NONE', #2576, #754, #2017 ) ;
#2507 = CARTESIAN_POINT ( 'NONE',  ( 6.500035598228263822, 30.76729940708390387, -0.1633700889635338604 ) ) ;
#2508 = EDGE_CURVE ( 'NONE', #104, #2125, #620, .T. ) ;
#2509 = DIRECTION ( 'NONE',  ( 0.000000000000000000, 0.000000000000000000, 1.000000000000000000 ) ) ;
#2510 = EDGE_LOOP ( 'NONE', ( #1130, #875 ) ) ;
#2511 = ORIENTED_EDGE ( 'NONE', *, *, #2086, .T. ) ;
#2512 = EDGE_LOOP ( 'NONE', ( #1356, #2515, #600, #756, #338 ) ) ;
#2513 = PRODUCT_DEFINITION_SHAPE ( 'NONE', 'NONE',  #986 ) ;
#2514 = ORIENTED_EDGE ( 'NONE', *, *, #1776, .T. ) ;
#2515 = ORIENTED_EDGE ( 'NONE', *, *, #1363, .F. ) ;
#2516 = DIRECTION ( 'NONE',  ( -0.000000000000000000, -1.000000000000000000, -0.000000000000000000 ) ) ;
#2517 = CARTESIAN_POINT ( 'NONE',  ( -6.129221314225017814, 27.00843096939126653, -2.166038004746743795 ) ) ;
#2518 = SHAPE_DEFINITION_REPRESENTATION ( #269, #2215 ) ;
#2519 = CARTESIAN_POINT ( 'NONE',  ( 4.501311217236635187, 27.00344467056567055, -2.181303900374862881 ) ) ;
#2520 = LINE ( 'NONE', #2532, #1273 ) ;
#2521 = FACE_OUTER_BOUND ( 'NONE', #2512, .T. ) ;
#2522 = ORIENTED_EDGE ( 'NONE', *, *, #2212, .T. ) ;
#2523 = ORIENTED_EDGE ( 'NONE', *, *, #1189, .T. ) ;
#2524 = VERTEX_POINT ( 'NONE', #1802 ) ;
#2525 = ADVANCED_FACE ( 'NONE', ( #1380 ), #2185, .T. ) ;
#2526 = B_SPLINE_CURVE_WITH_KNOTS ( 'NONE', 3,
 ( #273, #729, #1713, #1903, #1700, #517, #2517, #1313, #1725, #718, #489, #689, #1506, #1930, #92, #1546, #2119, #701, #286, #923, #1519, #936, #1113, #2133, #2326, #502, #1919, #81, #1125, #1138, #1534, #1339, #2641, #1808 ),
 .UNSPECIFIED., .F., .F.,
 ( 4, 2, 2, 2, 2, 2, 2, 2, 2, 2, 2, 2, 2, 2, 2, 2, 4 ),
 ( 0.007892630600260680876, 0.008385820122516641356, 0.008879009644772600102, 0.009372199167028560582, 0.009865388689284519327, 0.01035857821154047981, 0.01085176773379643855, 0.01134495725605239903, 0.01183814677830835951, 0.01233133630056431826, 0.01282452582282027700, 0.01331771534507623748, 0.01381090486733219797, 0.01430409438958815671, 0.01479728391184411719, 0.01529047343410007767, 0.01578366295635603642 ),
 .UNSPECIFIED. ) ;
#2527 = EDGE_LOOP ( 'NONE', ( #87, #1249, #392, #58, #977, #582 ) ) ;
#2528 = EDGE_LOOP ( 'NONE', ( #846, #1550, #874, #509 ) ) ;
#2529 = CARTESIAN_POINT ( 'NONE',  ( 0.000000000000000000, 6.499999999999999112, 0.000000000000000000 ) ) ;
#2530 = CARTESIAN_POINT ( 'NONE',  ( 4.898587196589412829E-16, 1.600000000000000089, -4.000000000000000000 ) ) ;
#2531 = EDGE_CURVE ( 'NONE', #1513, #891, #976, .T. ) ;
#2532 = CARTESIAN_POINT ( 'NONE',  ( 0.2000000000000005385, 3.000000000000000000, 9.997999799959989886 ) ) ;
#2533 = PLANE ( 'NONE',  #2072 ) ;
#2534 = ORIENTED_EDGE ( 'NONE', *, *, #1272, .F. ) ;
#2535 = ORIENTED_EDGE ( 'NONE', *, *, #1588, .T. ) ;
#2536 = ORIENTED_EDGE ( 'NONE', *, *, #2195, .T. ) ;
#2537 = CARTESIAN_POINT ( 'NONE',  ( 0.000000000000000000, 5.000000000000000000, -10.00000000000000178 ) ) ;
#2538 = SURFACE_STYLE_USAGE ( .BOTH. , #1088 ) ;
#2539 = APPLICATION_CONTEXT ( 'automotive_design' ) ;
#2540 = VECTOR ( 'NONE', #383, 1000.000000000000000 ) ;
#2541 = EDGE_CURVE ( 'NONE', #1706, #1668, #795, .T. ) ;
#2542 = TOROIDAL_SURFACE ( 'NONE', #792, 10.49999999999999822, 1.000000000000000000 ) ;
#2543 = DIRECTION ( 'NONE',  ( -0.000000000000000000, -1.000000000000000000, -0.000000000000000000 ) ) ;
#2544 = CARTESIAN_POINT ( 'NONE',  ( 4.875837045203248898, 16.02513515192971738, 1.117881195337294686 ) ) ;
#2545 = APPLICATION_PROTOCOL_DEFINITION ( 'draft international standard', 'automotive_design', 1998, #177 ) ;
#2546 = AXIS2_PLACEMENT_3D ( 'NONE', #2161, #962, #1759 ) ;
#2547 = AXIS2_PLACEMENT_3D ( 'NONE', #578, #2561, #2173 ) ;
#2548 = COLOUR_RGB ( '',0.7921568627450980005, 0.8196078431372548767, 0.9333333333333333481 ) ;
#2549 = CARTESIAN_POINT ( 'NONE',  ( 31.50000000000000000, 18.26720685167784097, 0.000000000000000000 ) ) ;
#2550 = CARTESIAN_POINT ( 'NONE',  ( 0.000000000000000000, 0.000000000000000000, 0.000000000000000000 ) ) ;
#2551 = EDGE_LOOP ( 'NONE', ( #278, #2386, #268, #894 ) ) ;
#2552 = ORIENTED_EDGE ( 'NONE', *, *, #270, .F. ) ;
#2553 = DIRECTION ( 'NONE',  ( 0.000000000000000000, 1.000000000000000000, 0.000000000000000000 ) ) ;
#2554 = EDGE_LOOP ( 'NONE', ( #1798, #2100 ) ) ;
#2555 =( REPRESENTATION_RELATIONSHIP ('NONE','NONE', #1489, #944 ) REPRESENTATION_RELATIONSHIP_WITH_TRANSFORMATION ( #702 )SHAPE_REPRESENTATION_RELATIONSHIP( ) );
#2556 = CARTESIAN_POINT ( 'NONE',  ( -4.839989195218659113, 20.43103819393244436, -1.262574871428693069 ) ) ;
#2557 = VERTEX_POINT ( 'NONE', #372 ) ;
#2558 = EDGE_CURVE ( 'NONE', #1933, #76, #1055, .T. ) ;
#2559 = CARTESIAN_POINT ( 'NONE',  ( -6.318824560344179275, 16.28354254696863990, 1.530232124437433727 ) ) ;
#2560 = CARTESIAN_POINT ( 'NONE',  ( 5.000054244072537735, 15.76709836351530214, -0.1649669718320518896 ) ) ;
#2561 = DIRECTION ( 'NONE',  ( 0.000000000000000000, 1.000000000000000000, 0.000000000000000000 ) ) ;
#2562 = CARTESIAN_POINT ( 'NONE',  ( 4.935159161809011152, 20.63551424389159195, -0.8170517872895560751 ) ) ;
#2563 = VERTEX_POINT ( 'NONE', #1198 ) ;
#2564 = VERTEX_POINT ( 'NONE', #1997 ) ;
#2565 = VERTEX_POINT ( 'NONE', #161 ) ;
#2566 = CARTESIAN_POINT ( 'NONE',  ( 4.590083163249331299, 29.79529680593144292, -1.985166955146167034 ) ) ;
#2567 = EDGE_CURVE ( 'NONE', #831, #1294, #988, .T. ) ;
#2568 = DIRECTION ( 'NONE',  ( 0.000000000000000000, -1.000000000000000000, 0.000000000000000000 ) ) ;
#2569 = CARTESIAN_POINT ( 'NONE',  ( 4.469332443797272347, 19.38361809244197786, 2.242786155103347223 ) ) ;
#2570 = EDGE_CURVE ( 'NONE', #1991, #915, #2327, .T. ) ;
#2571 = ORIENTED_EDGE ( 'NONE', *, *, #1939, .T. ) ;
#2572 = DIRECTION ( 'NONE',  ( -0.000000000000000000, -1.000000000000000000, -0.000000000000000000 ) ) ;
#2573 = DIRECTION ( 'NONE',  ( 1.000000000000000000, 0.000000000000000000, 0.000000000000000000 ) ) ;
#2574 = CARTESIAN_POINT ( 'NONE',  ( 31.50000000000000000, 30.69942164390194250, 0.000000000000000000 ) ) ;
#2575 = CARTESIAN_POINT ( 'NONE',  ( -4.330127018922193649, 18.26720685167784097, 2.500000000000000000 ) ) ;
#2576 = CARTESIAN_POINT ( 'NONE',  ( 0.000000000000000000, 0.000000000000000000, 0.000000000000000000 ) ) ;
#2577 = VECTOR ( 'NONE', #2000, 1000.000000000000000 ) ;
#2578 = ORIENTED_EDGE ( 'NONE', *, *, #2246, .F. ) ;
#2579 = CARTESIAN_POINT ( 'NONE',  ( -4.330127018922193649, 28.26720685167784097, -2.500000000000000000 ) ) ;
#2580 = CARTESIAN_POINT ( 'NONE',  ( 4.846292079927513541, 20.44644670564689193, 1.268412524914903194 ) ) ;
#2581 = ORIENTED_EDGE ( 'NONE', *, *, #1374, .F. ) ;
#2582 = AXIS2_PLACEMENT_3D ( 'NONE', #1347, #670, #1493 ) ;
#2583 = EDGE_CURVE ( 'NONE', #1717, #97, #63, .T. ) ;
#2584 = DIRECTION ( 'NONE',  ( 0.000000000000000000, 1.000000000000000000, 0.000000000000000000 ) ) ;
#2585 = CARTESIAN_POINT ( 'NONE',  ( 0.000000000000000000, 1.600000000000000089, 4.000000000000000000 ) ) ;
#2586 = AXIS2_PLACEMENT_3D ( 'NONE', #2104, #1744, #68 ) ;
#2587 = CARTESIAN_POINT ( 'NONE',  ( -6.450808789952836797, 30.63709210113390924, 0.8124862791193718792 ) ) ;
#2588 = CARTESIAN_POINT ( 'NONE',  ( -4.377283372729115385, 17.60654306692986282, 2.416778840058041666 ) ) ;
#2589 = LINE ( 'NONE', #1618, #1531 ) ;
#2590 = DIRECTION ( 'NONE',  ( 0.000000000000000000, 0.000000000000000000, -1.000000000000000000 ) ) ;
#2591 = DIRECTION ( 'NONE',  ( 0.000000000000000000, 1.000000000000000000, 0.000000000000000000 ) ) ;
#2592 = CYLINDRICAL_SURFACE ( 'NONE', #450, 2.500000000000000000 ) ;
#2593 = ORIENTED_EDGE ( 'NONE', *, *, #549, .F. ) ;
#2594 = FACE_OUTER_BOUND ( 'NONE', #2554, .T. ) ;
#2595 = CYLINDRICAL_SURFACE ( 'NONE', #1607, 6.500000000000000888 ) ;
#2596 = ADVANCED_FACE ( 'NONE', ( #2431, #409 ), #1240, .T. ) ;
#2597 = CARTESIAN_POINT ( 'NONE',  ( -6.000000000000002665, 28.43156198019861947, -2.500000000000000888 ) ) ;
#2598 = CARTESIAN_POINT ( 'NONE',  ( -4.340232315778733252, 17.93033378027439895, 2.482702787687851576 ) ) ;
#2599 = CARTESIAN_POINT ( 'NONE',  ( 4.959321840537674220, 25.84942155667715014, 0.6570387329348055250 ) ) ;
#2600 = CARTESIAN_POINT ( 'NONE',  ( -4.508121415278165678, 27.00651094955259168, -2.164853942061612635 ) ) ;
#2601 = CARTESIAN_POINT ( 'NONE',  ( 4.590225795846572865, 19.79571016785611448, 1.984833212278490411 ) ) ;
#2602 = DIRECTION ( 'NONE',  ( 1.000000000000000000, 0.000000000000000000, -0.000000000000000000 ) ) ;
#2603 = B_SPLINE_CURVE_WITH_KNOTS ( 'NONE', 3,
 ( #2579, #987, #564, #1168, #1570, #1790, #2600, #2184, #1968, #1379, #778, #2406, #358, #1979, #144, #1619, #809, #171, #1466, #2463, #2637, #2475, #1608, #2263, #2430, #1052, #228, #1028, #605, #1819, #1647, #1438 ),
 .UNSPECIFIED., .F., .F.,
 ( 4, 2, 2, 2, 2, 2, 2, 2, 2, 2, 2, 2, 2, 2, 2, 4 ),
 ( 0.007951492273476384876, 0.008447582061164958869, 0.008943671848853532863, 0.009439761636542105122, 0.009935851424230679116, 0.01043194121191925311, 0.01092803099960782710, 0.01142412078729640110, 0.01192021057498497509, 0.01241630036267354908, 0.01291239015036212481, 0.01390456972573927107, 0.01440065951342784506, 0.01489674930111641732, 0.01539283908880499131, 0.01588892887649356531 ),
 .UNSPECIFIED. ) ;
#2604 = VERTEX_POINT ( 'NONE', #1467 ) ;
#2605 = CYLINDRICAL_SURFACE ( 'NONE', #186, 4.000000000000000000 ) ;
#2606 = FACE_BOUND ( 'NONE', #62, .T. ) ;
#2607 = ORIENTED_EDGE ( 'NONE', *, *, #1486, .F. ) ;
#2608 = CARTESIAN_POINT ( 'NONE',  ( 31.50000000000000000, 18.26720685167784097, -2.500000000000000000 ) ) ;
#2609 = DIRECTION ( 'NONE',  ( 0.000000000000000000, 1.000000000000000000, 0.000000000000000000 ) ) ;
#2610 = EDGE_CURVE ( 'NONE', #97, #1512, #1040, .T. ) ;
#2611 = DIRECTION ( 'NONE',  ( -0.000000000000000000, -0.000000000000000000, 1.000000000000000000 ) ) ;
#2612 = CARTESIAN_POINT ( 'NONE',  ( 4.761777530796331703, 26.28448248336871274, -1.531360657389279512 ) ) ;
#2613 = CIRCLE ( 'NONE', #1813, 10.00000000000000000 ) ;
#2614 = CARTESIAN_POINT ( 'NONE',  ( 3.031088913245534311, 25.74675071041428964, -3.976493430146716967 ) ) ;
#2615 = CARTESIAN_POINT ( 'NONE',  ( 0.000000000000000000, 5.000000000000000000, 0.000000000000000000 ) ) ;
#2616 = CIRCLE ( 'NONE', #1008, 10.00000000000000000 ) ;
#2617 = VECTOR ( 'NONE', #1117, 1000.000000000000000 ) ;
#2618 = DIRECTION ( 'NONE',  ( 0.000000000000000000, 0.000000000000000000, 1.000000000000000000 ) ) ;
#2619 = LINE ( 'NONE', #801, #761 ) ;
#2620 = AXIS2_PLACEMENT_3D ( 'NONE', #2337, #1542, #1722 ) ;
#2621 = MECHANICAL_DESIGN_GEOMETRIC_PRESENTATION_REPRESENTATION (  '', ( #416 ), #1401 ) ;
#2622 = ORIENTED_EDGE ( 'NONE', *, *, #2626, .F. ) ;
#2623 = AXIS2_PLACEMENT_3D ( 'NONE', #1038, #1861, #2060 ) ;
#2624 = DIRECTION ( 'NONE',  ( 0.000000000000000000, 1.000000000000000000, 0.000000000000000000 ) ) ;
#2625 = DIRECTION ( 'NONE',  ( -1.199662470992219437E-16, -0.000000000000000000, -1.000000000000000000 ) ) ;
#2626 = EDGE_CURVE ( 'NONE', #1512, #1471, #333, .T. ) ;
#2627 = FACE_OUTER_BOUND ( 'NONE', #1474, .T. ) ;
#2628 =( NAMED_UNIT ( * ) SI_UNIT ( $, .STERADIAN. ) SOLID_ANGLE_UNIT ( ) );
#2629 = CARTESIAN_POINT ( 'NONE',  ( -4.376637027498675003, 18.92350258926420281, 2.417943090008122464 ) ) ;
#2630 = DIRECTION ( 'NONE',  ( 0.000000000000000000, 0.000000000000000000, 1.000000000000000000 ) ) ;
#2631 = DIRECTION ( 'NONE',  ( 1.229654032767024818E-16, 0.000000000000000000, 1.000000000000000000 ) ) ;
#2632 = CARTESIAN_POINT ( 'NONE',  ( 6.500031641660145354, 25.76712458335266476, -0.1637111974302150330 ) ) ;
#2633 = DIRECTION ( 'NONE',  ( 1.000000000000000000, 0.000000000000000000, 0.000000000000000000 ) ) ;
#2634 = EDGE_CURVE ( 'NONE', #544, #1741, #1601, .T. ) ;
#2635 = ORIENTED_EDGE ( 'NONE', *, *, #1574, .T. ) ;
#2636 = DIRECTION ( 'NONE',  ( 0.000000000000000000, 0.000000000000000000, 1.000000000000000000 ) ) ;
#2637 = CARTESIAN_POINT ( 'NONE',  ( -4.935748046262369293, 25.89766182562906138, 0.8137847001200598784 ) ) ;
#2638 =( NAMED_UNIT ( * ) PLANE_ANGLE_UNIT ( ) SI_UNIT ( $, .RADIAN. ) );
#2639 = CARTESIAN_POINT ( 'NONE',  ( 6.000000000000000888, 28.26720685167784097, 2.500000000000000000 ) ) ;
#2640 = CARTESIAN_POINT ( 'NONE',  ( 1.408343819019456176E-15, 5.000000000000000000, 11.50000000000000000 ) ) ;
#2641 = CARTESIAN_POINT ( 'NONE',  ( -6.000000000000001776, 28.10030116867262251, 2.500000000000000000 ) ) ;
#2642 = NEXT_ASSEMBLY_USAGE_OCCURRENCE ( 'NAUO1', ' ', ' ', #1730, #2175, $ ) ;
#2643 = NEXT_ASSEMBLY_USAGE_OCCURRENCE ( 'NAUO2', ' ', ' ', #1730, #986, $ ) ;
#2644 = NEXT_ASSEMBLY_USAGE_OCCURRENCE ( 'NAUO3', ' ', ' ', #1730, #2368, $ ) ;
ENDSEC;
END-ISO-10303-21;
