ISO-10303-21;
HEADER;
/* Generated by software containing ST-Developer
 * from STEP Tools, Inc. (www.steptools.com) 
 */

FILE_DESCRIPTION(
/* description */ (''),
/* implementation_level */ '2;1');

FILE_NAME(
/* name */ 'Cooling_Holder.step',
/* time_stamp */ '2026-09-21T03:08:31+03:00',
/* author */ (''),
/* organization */ (''),
/* preprocessor_version */ 'ST-DEVELOPER v20.2',
/* originating_system */ 'Autodesk Translation Framework v15.15.0.0',
/* authorisation */ '');

FILE_SCHEMA (('AUTOMOTIVE_DESIGN { 1 0 10303 214 3 1 1 }'));
ENDSEC;

DATA;
#10=MECHANICAL_DESIGN_GEOMETRIC_PRESENTATION_REPRESENTATION('',(#13),#1963);
#11=SHAPE_REPRESENTATION_RELATIONSHIP('SRR','None',#1970,#12);
#12=ADVANCED_BREP_SHAPE_REPRESENTATION('',(#14),#1962);
#13=STYLED_ITEM('',(#1979),#14);
#14=MANIFOLD_SOLID_BREP('Body1',#823);
#15=FACE_BOUND('',#310,.T.);
#16=FACE_BOUND('',#311,.T.);
#17=FACE_BOUND('',#314,.T.);
#18=FACE_BOUND('',#315,.T.);
#19=PLANE('',#846);
#20=PLANE('',#870);
#21=PLANE('',#877);
#22=PLANE('',#885);
#23=PLANE('',#896);
#24=PLANE('',#908);
#25=PLANE('',#916);
#26=PLANE('',#917);
#27=PLANE('',#919);
#28=PLANE('',#920);
#29=PLANE('',#923);
#30=PLANE('',#924);
#31=PLANE('',#925);
#32=PLANE('',#926);
#33=ELLIPSE('',#844,3.35410196624968,1.5);
#34=ELLIPSE('',#845,3.35410196624966,1.5);
#35=ELLIPSE('',#848,3.35410196624968,1.5);
#36=ELLIPSE('',#851,3.35410196624966,1.5);
#37=ELLIPSE('',#852,3.35410196624968,1.5);
#38=ELLIPSE('',#855,3.35410196624966,1.5);
#39=ELLIPSE('',#858,3.35410196624969,1.5);
#40=ELLIPSE('',#860,3.35410196624969,1.5);
#41=ELLIPSE('',#861,3.35410196624968,1.5);
#42=ELLIPSE('',#869,3.35410196624968,1.5);
#43=ELLIPSE('',#872,3.35410196624968,1.5);
#44=ELLIPSE('',#876,3.35410196624969,1.5);
#45=ELLIPSE('',#879,3.35410196624968,1.5);
#46=ELLIPSE('',#880,3.35410196624969,1.5);
#47=ELLIPSE('',#883,3.35410196624969,1.5);
#48=ELLIPSE('',#884,3.35410196624968,1.5);
#49=ELLIPSE('',#887,3.35410196624968,1.5);
#50=ELLIPSE('',#889,3.35410196624969,1.5);
#51=ELLIPSE('',#891,3.35410196624971,1.5);
#52=ELLIPSE('',#892,3.35410196624969,1.5);
#53=ELLIPSE('',#895,3.35410196624969,1.5);
#54=ELLIPSE('',#898,3.35410196624968,1.5);
#55=ELLIPSE('',#901,3.35410196624969,1.5);
#56=ELLIPSE('',#904,3.35410196624968,1.5);
#57=ELLIPSE('',#905,3.35410196624968,1.5);
#58=ELLIPSE('',#907,3.35410196624968,1.5);
#59=ELLIPSE('',#910,3.35410196624969,1.5);
#60=ELLIPSE('',#912,3.35410196624968,1.5);
#61=LINE('',#1240,#121);
#62=LINE('',#1241,#122);
#63=LINE('',#1282,#123);
#64=LINE('',#1284,#124);
#65=LINE('',#1285,#125);
#66=LINE('',#1288,#126);
#67=LINE('',#1292,#127);
#68=LINE('',#1306,#128);
#69=LINE('',#1345,#129);
#70=LINE('',#1378,#130);
#71=LINE('',#1381,#131);
#72=LINE('',#1384,#132);
#73=LINE('',#1425,#133);
#74=LINE('',#1426,#134);
#75=LINE('',#1506,#135);
#76=LINE('',#1509,#136);
#77=LINE('',#1512,#137);
#78=LINE('',#1513,#138);
#79=LINE('',#1515,#139);
#80=LINE('',#1551,#140);
#81=LINE('',#1589,#141);
#82=LINE('',#1628,#142);
#83=LINE('',#1631,#143);
#84=LINE('',#1667,#144);
#85=LINE('',#1669,#145);
#86=LINE('',#1670,#146);
#87=LINE('',#1673,#147);
#88=LINE('',#1677,#148);
#89=LINE('',#1680,#149);
#90=LINE('',#1720,#150);
#91=LINE('',#1721,#151);
#92=LINE('',#1760,#152);
#93=LINE('',#1762,#153);
#94=LINE('',#1763,#154);
#95=LINE('',#1766,#155);
#96=LINE('',#1769,#156);
#97=LINE('',#1770,#157);
#98=LINE('',#1806,#158);
#99=LINE('',#1843,#159);
#100=LINE('',#1845,#160);
#101=LINE('',#1848,#161);
#102=LINE('',#1849,#162);
#103=LINE('',#1852,#163);
#104=LINE('',#1924,#164);
#105=LINE('',#1929,#165);
#106=LINE('',#1931,#166);
#107=LINE('',#1933,#167);
#108=LINE('',#1934,#168);
#109=LINE('',#1935,#169);
#110=LINE('',#1937,#170);
#111=LINE('',#1941,#171);
#112=LINE('',#1943,#172);
#113=LINE('',#1945,#173);
#114=LINE('',#1946,#174);
#115=LINE('',#1947,#175);
#116=LINE('',#1949,#176);
#117=LINE('',#1953,#177);
#118=LINE('',#1954,#178);
#119=LINE('',#1956,#179);
#120=LINE('',#1958,#180);
#121=VECTOR('',#943,10.);
#122=VECTOR('',#944,10.);
#123=VECTOR('',#951,10.);
#124=VECTOR('',#952,10.);
#125=VECTOR('',#953,10.);
#126=VECTOR('',#956,10.);
#127=VECTOR('',#961,10.);
#128=VECTOR('',#962,10.);
#129=VECTOR('',#973,10.);
#130=VECTOR('',#978,10.);
#131=VECTOR('',#981,10.);
#132=VECTOR('',#984,10.);
#133=VECTOR('',#995,10.);
#134=VECTOR('',#996,10.);
#135=VECTOR('',#1007,10.);
#136=VECTOR('',#1010,10.);
#137=VECTOR('',#1013,10.);
#138=VECTOR('',#1014,10.);
#139=VECTOR('',#1017,10.);
#140=VECTOR('',#1026,10.);
#141=VECTOR('',#1031,10.);
#142=VECTOR('',#1040,10.);
#143=VECTOR('',#1043,10.);
#144=VECTOR('',#1050,10.);
#145=VECTOR('',#1051,10.);
#146=VECTOR('',#1052,10.);
#147=VECTOR('',#1055,10.);
#148=VECTOR('',#1060,10.);
#149=VECTOR('',#1063,10.);
#150=VECTOR('',#1074,10.);
#151=VECTOR('',#1075,10.);
#152=VECTOR('',#1080,10.);
#153=VECTOR('',#1081,10.);
#154=VECTOR('',#1082,10.);
#155=VECTOR('',#1085,10.);
#156=VECTOR('',#1090,10.);
#157=VECTOR('',#1091,10.);
#158=VECTOR('',#1098,10.);
#159=VECTOR('',#1107,10.);
#160=VECTOR('',#1110,10.);
#161=VECTOR('',#1113,10.);
#162=VECTOR('',#1114,10.);
#163=VECTOR('',#1117,10.);
#164=VECTOR('',#1130,10.);
#165=VECTOR('',#1135,10.);
#166=VECTOR('',#1136,10.);
#167=VECTOR('',#1137,10.);
#168=VECTOR('',#1138,10.);
#169=VECTOR('',#1139,10.);
#170=VECTOR('',#1142,10.);
#171=VECTOR('',#1145,10.);
#172=VECTOR('',#1146,10.);
#173=VECTOR('',#1147,10.);
#174=VECTOR('',#1148,10.);
#175=VECTOR('',#1149,10.);
#176=VECTOR('',#1152,10.);
#177=VECTOR('',#1159,10.);
#178=VECTOR('',#1160,10.);
#179=VECTOR('',#1163,10.);
#180=VECTOR('',#1166,10.);
#181=CYLINDRICAL_SURFACE('',#842,1.5);
#182=CYLINDRICAL_SURFACE('',#847,1.5);
#183=CYLINDRICAL_SURFACE('',#849,1.);
#184=CYLINDRICAL_SURFACE('',#853,1.5);
#185=CYLINDRICAL_SURFACE('',#856,1.5);
#186=CYLINDRICAL_SURFACE('',#857,1.5);
#187=CYLINDRICAL_SURFACE('',#862,1.5);
#188=CYLINDRICAL_SURFACE('',#868,1.5);
#189=CYLINDRICAL_SURFACE('',#871,1.5);
#190=CYLINDRICAL_SURFACE('',#874,1.5);
#191=CYLINDRICAL_SURFACE('',#881,1.5);
#192=CYLINDRICAL_SURFACE('',#886,1.5);
#193=CYLINDRICAL_SURFACE('',#888,1.5);
#194=CYLINDRICAL_SURFACE('',#893,1.5);
#195=CYLINDRICAL_SURFACE('',#897,1.5);
#196=CYLINDRICAL_SURFACE('',#899,1.5);
#197=CYLINDRICAL_SURFACE('',#902,1.5);
#198=CYLINDRICAL_SURFACE('',#906,1.5);
#199=CYLINDRICAL_SURFACE('',#909,1.5);
#200=CYLINDRICAL_SURFACE('',#913,1.5);
#201=CYLINDRICAL_SURFACE('',#915,1.5);
#202=CYLINDRICAL_SURFACE('',#918,1.5);
#203=CYLINDRICAL_SURFACE('',#921,1.5);
#204=CYLINDRICAL_SURFACE('',#922,1.5);
#205=TOROIDAL_SURFACE('',#838,3.,1.5);
#206=TOROIDAL_SURFACE('',#864,3.,1.5);
#207=FACE_OUTER_BOUND('',#263,.T.);
#208=FACE_OUTER_BOUND('',#264,.T.);
#209=FACE_OUTER_BOUND('',#265,.T.);
#210=FACE_OUTER_BOUND('',#266,.T.);
#211=FACE_OUTER_BOUND('',#267,.T.);
#212=FACE_OUTER_BOUND('',#268,.T.);
#213=FACE_OUTER_BOUND('',#269,.T.);
#214=FACE_OUTER_BOUND('',#270,.T.);
#215=FACE_OUTER_BOUND('',#271,.T.);
#216=FACE_OUTER_BOUND('',#272,.T.);
#217=FACE_OUTER_BOUND('',#273,.T.);
#218=FACE_OUTER_BOUND('',#274,.T.);
#219=FACE_OUTER_BOUND('',#275,.T.);
#220=FACE_OUTER_BOUND('',#276,.T.);
#221=FACE_OUTER_BOUND('',#277,.T.);
#222=FACE_OUTER_BOUND('',#278,.T.);
#223=FACE_OUTER_BOUND('',#279,.T.);
#224=FACE_OUTER_BOUND('',#280,.T.);
#225=FACE_OUTER_BOUND('',#281,.T.);
#226=FACE_OUTER_BOUND('',#282,.T.);
#227=FACE_OUTER_BOUND('',#283,.T.);
#228=FACE_OUTER_BOUND('',#284,.T.);
#229=FACE_OUTER_BOUND('',#285,.T.);
#230=FACE_OUTER_BOUND('',#286,.T.);
#231=FACE_OUTER_BOUND('',#287,.T.);
#232=FACE_OUTER_BOUND('',#288,.T.);
#233=FACE_OUTER_BOUND('',#289,.T.);
#234=FACE_OUTER_BOUND('',#290,.T.);
#235=FACE_OUTER_BOUND('',#291,.T.);
#236=FACE_OUTER_BOUND('',#292,.T.);
#237=FACE_OUTER_BOUND('',#293,.T.);
#238=FACE_OUTER_BOUND('',#294,.T.);
#239=FACE_OUTER_BOUND('',#295,.T.);
#240=FACE_OUTER_BOUND('',#296,.T.);
#241=FACE_OUTER_BOUND('',#297,.T.);
#242=FACE_OUTER_BOUND('',#298,.T.);
#243=FACE_OUTER_BOUND('',#299,.T.);
#244=FACE_OUTER_BOUND('',#300,.T.);
#245=FACE_OUTER_BOUND('',#301,.T.);
#246=FACE_OUTER_BOUND('',#302,.T.);
#247=FACE_OUTER_BOUND('',#303,.T.);
#248=FACE_OUTER_BOUND('',#304,.T.);
#249=FACE_OUTER_BOUND('',#305,.T.);
#250=FACE_OUTER_BOUND('',#306,.T.);
#251=FACE_OUTER_BOUND('',#307,.T.);
#252=FACE_OUTER_BOUND('',#308,.T.);
#253=FACE_OUTER_BOUND('',#309,.T.);
#254=FACE_OUTER_BOUND('',#312,.T.);
#255=FACE_OUTER_BOUND('',#313,.T.);
#256=FACE_OUTER_BOUND('',#316,.T.);
#257=FACE_OUTER_BOUND('',#317,.T.);
#258=FACE_OUTER_BOUND('',#318,.T.);
#259=FACE_OUTER_BOUND('',#319,.T.);
#260=FACE_OUTER_BOUND('',#320,.T.);
#261=FACE_OUTER_BOUND('',#321,.T.);
#262=FACE_OUTER_BOUND('',#322,.T.);
#263=EDGE_LOOP('',(#523,#524,#525));
#264=EDGE_LOOP('',(#526,#527,#528,#529));
#265=EDGE_LOOP('',(#530,#531,#532,#533));
#266=EDGE_LOOP('',(#534,#535,#536));
#267=EDGE_LOOP('',(#537,#538,#539,#540));
#268=EDGE_LOOP('',(#541,#542,#543,#544,#545));
#269=EDGE_LOOP('',(#546,#547,#548,#549));
#270=EDGE_LOOP('',(#550,#551,#552));
#271=EDGE_LOOP('',(#553,#554,#555,#556));
#272=EDGE_LOOP('',(#557,#558,#559));
#273=EDGE_LOOP('',(#560,#561,#562,#563));
#274=EDGE_LOOP('',(#564,#565,#566,#567));
#275=EDGE_LOOP('',(#568,#569,#570));
#276=EDGE_LOOP('',(#571,#572,#573,#574));
#277=EDGE_LOOP('',(#575,#576,#577,#578));
#278=EDGE_LOOP('',(#579,#580,#581));
#279=EDGE_LOOP('',(#582,#583,#584,#585,#586));
#280=EDGE_LOOP('',(#587,#588,#589,#590));
#281=EDGE_LOOP('',(#591,#592,#593,#594));
#282=EDGE_LOOP('',(#595,#596,#597));
#283=EDGE_LOOP('',(#598,#599,#600,#601));
#284=EDGE_LOOP('',(#602,#603,#604));
#285=EDGE_LOOP('',(#605,#606,#607,#608));
#286=EDGE_LOOP('',(#609,#610,#611));
#287=EDGE_LOOP('',(#612,#613,#614,#615));
#288=EDGE_LOOP('',(#616,#617,#618));
#289=EDGE_LOOP('',(#619,#620,#621,#622));
#290=EDGE_LOOP('',(#623,#624,#625,#626));
#291=EDGE_LOOP('',(#627,#628,#629,#630));
#292=EDGE_LOOP('',(#631,#632,#633));
#293=EDGE_LOOP('',(#634,#635,#636,#637));
#294=EDGE_LOOP('',(#638,#639,#640));
#295=EDGE_LOOP('',(#641,#642,#643,#644));
#296=EDGE_LOOP('',(#645,#646,#647,#648));
#297=EDGE_LOOP('',(#649,#650,#651,#652));
#298=EDGE_LOOP('',(#653,#654,#655));
#299=EDGE_LOOP('',(#656,#657,#658,#659));
#300=EDGE_LOOP('',(#660,#661,#662));
#301=EDGE_LOOP('',(#663,#664,#665,#666));
#302=EDGE_LOOP('',(#667,#668,#669,#670));
#303=EDGE_LOOP('',(#671,#672,#673,#674));
#304=EDGE_LOOP('',(#675,#676,#677));
#305=EDGE_LOOP('',(#678,#679,#680,#681));
#306=EDGE_LOOP('',(#682,#683,#684));
#307=EDGE_LOOP('',(#685,#686,#687,#688));
#308=EDGE_LOOP('',(#689,#690,#691,#692));
#309=EDGE_LOOP('',(#693,#694,#695,#696));
#310=EDGE_LOOP('',(#697,#698,#699,#700));
#311=EDGE_LOOP('',(#701,#702,#703,#704));
#312=EDGE_LOOP('',(#705,#706,#707,#708));
#313=EDGE_LOOP('',(#709,#710,#711,#712));
#314=EDGE_LOOP('',(#713,#714,#715,#716));
#315=EDGE_LOOP('',(#717,#718,#719,#720));
#316=EDGE_LOOP('',(#721,#722,#723,#724,#725,#726));
#317=EDGE_LOOP('',(#727,#728,#729,#730));
#318=EDGE_LOOP('',(#731,#732,#733,#734));
#319=EDGE_LOOP('',(#735,#736,#737,#738));
#320=EDGE_LOOP('',(#739,#740,#741,#742));
#321=EDGE_LOOP('',(#743,#744,#745,#746));
#322=EDGE_LOOP('',(#747,#748,#749,#750));
#323=B_SPLINE_CURVE_WITH_KNOTS('',3,(#1214,#1215,#1216,#1217,#1218,#1219,
#1220,#1221),.UNSPECIFIED.,.F.,.F.,(4,1,1,2,4),(-0.496761196664403,-0.397408957331522,
-0.298056717998642,0.,0.0010351314630084),.UNSPECIFIED.);
#324=B_SPLINE_CURVE_WITH_KNOTS('',3,(#1222,#1223,#1224,#1225,#1226,#1227,
#1228,#1229),.UNSPECIFIED.,.F.,.F.,(4,2,1,1,4),(-0.0010351314630084,0.,
0.298056717998642,0.397408957331522,0.496761196664403),.UNSPECIFIED.);
#325=B_SPLINE_CURVE_WITH_KNOTS('',3,(#1294,#1295,#1296,#1297,#1298,#1299,
#1300,#1301,#1302,#1303,#1304,#1305),.UNSPECIFIED.,.F.,.F.,(4,2,1,1,1,1,
1,1,4),(-0.497796327948721,-0.496761196952862,-0.397408957562291,-0.298056718171719,
-0.248380598476433,-0.198704478781148,-0.149028359085862,-0.0993522393905762,
-4.60691872632686E-15),.UNSPECIFIED.);
#326=B_SPLINE_CURVE_WITH_KNOTS('',3,(#1492,#1493,#1494,#1495,#1496,#1497,
#1498,#1499,#1500,#1501,#1502,#1503),.UNSPECIFIED.,.F.,.F.,(4,1,1,1,1,1,
1,2,4),(4.60691872632686E-15,0.0993522393905762,0.149028359085862,0.198704478781148,
0.248380598476433,0.298056718171719,0.397408957562291,0.496761196952862,
0.497796327948721),.UNSPECIFIED.);
#327=CIRCLE('',#837,1.49999999999998);
#328=CIRCLE('',#839,1.49999999999999);
#329=CIRCLE('',#840,3.);
#330=CIRCLE('',#841,1.5);
#331=CIRCLE('',#843,1.49999999999999);
#332=CIRCLE('',#850,1.49999999999999);
#333=CIRCLE('',#854,1.49999999999999);
#334=CIRCLE('',#859,1.49999999999999);
#335=CIRCLE('',#863,1.49999999999995);
#336=CIRCLE('',#865,1.50000000000005);
#337=CIRCLE('',#866,3.);
#338=CIRCLE('',#867,1.5);
#339=CIRCLE('',#873,1.49999999999999);
#340=CIRCLE('',#875,1.5);
#341=CIRCLE('',#878,1.49999999999999);
#342=CIRCLE('',#882,1.5);
#343=CIRCLE('',#890,1.50000000000004);
#344=CIRCLE('',#894,1.5);
#345=CIRCLE('',#900,1.5);
#346=CIRCLE('',#903,1.5);
#347=CIRCLE('',#911,1.5);
#348=CIRCLE('',#914,1.5);
#349=VERTEX_POINT('',#1210);
#350=VERTEX_POINT('',#1211);
#351=VERTEX_POINT('',#1213);
#352=VERTEX_POINT('',#1231);
#353=VERTEX_POINT('',#1232);
#354=VERTEX_POINT('',#1237);
#355=VERTEX_POINT('',#1238);
#356=VERTEX_POINT('',#1277);
#357=VERTEX_POINT('',#1281);
#358=VERTEX_POINT('',#1283);
#359=VERTEX_POINT('',#1287);
#360=VERTEX_POINT('',#1291);
#361=VERTEX_POINT('',#1293);
#362=VERTEX_POINT('',#1337);
#363=VERTEX_POINT('',#1339);
#364=VERTEX_POINT('',#1343);
#365=VERTEX_POINT('',#1380);
#366=VERTEX_POINT('',#1382);
#367=VERTEX_POINT('',#1415);
#368=VERTEX_POINT('',#1416);
#369=VERTEX_POINT('',#1418);
#370=VERTEX_POINT('',#1422);
#371=VERTEX_POINT('',#1423);
#372=VERTEX_POINT('',#1428);
#373=VERTEX_POINT('',#1505);
#374=VERTEX_POINT('',#1507);
#375=VERTEX_POINT('',#1511);
#376=VERTEX_POINT('',#1549);
#377=VERTEX_POINT('',#1620);
#378=VERTEX_POINT('',#1621);
#379=VERTEX_POINT('',#1623);
#380=VERTEX_POINT('',#1627);
#381=VERTEX_POINT('',#1629);
#382=VERTEX_POINT('',#1662);
#383=VERTEX_POINT('',#1666);
#384=VERTEX_POINT('',#1668);
#385=VERTEX_POINT('',#1672);
#386=VERTEX_POINT('',#1676);
#387=VERTEX_POINT('',#1678);
#388=VERTEX_POINT('',#1711);
#389=VERTEX_POINT('',#1712);
#390=VERTEX_POINT('',#1714);
#391=VERTEX_POINT('',#1718);
#392=VERTEX_POINT('',#1759);
#393=VERTEX_POINT('',#1761);
#394=VERTEX_POINT('',#1765);
#395=VERTEX_POINT('',#1801);
#396=VERTEX_POINT('',#1805);
#397=VERTEX_POINT('',#1838);
#398=VERTEX_POINT('',#1842);
#399=VERTEX_POINT('',#1847);
#400=VERTEX_POINT('',#1851);
#401=VERTEX_POINT('',#1927);
#402=VERTEX_POINT('',#1928);
#403=VERTEX_POINT('',#1930);
#404=VERTEX_POINT('',#1932);
#405=VERTEX_POINT('',#1939);
#406=VERTEX_POINT('',#1940);
#407=VERTEX_POINT('',#1942);
#408=VERTEX_POINT('',#1944);
#409=EDGE_CURVE('',#349,#350,#327,.T.);
#410=EDGE_CURVE('',#350,#351,#323,.T.);
#411=EDGE_CURVE('',#351,#349,#324,.T.);
#412=EDGE_CURVE('',#352,#353,#328,.T.);
#413=EDGE_CURVE('',#353,#350,#329,.T.);
#414=EDGE_CURVE('',#349,#352,#330,.T.);
#415=EDGE_CURVE('',#354,#355,#331,.T.);
#416=EDGE_CURVE('',#355,#353,#61,.T.);
#417=EDGE_CURVE('',#352,#354,#62,.T.);
#418=EDGE_CURVE('',#354,#356,#33,.T.);
#419=EDGE_CURVE('',#356,#355,#34,.T.);
#420=EDGE_CURVE('',#357,#352,#63,.T.);
#421=EDGE_CURVE('',#358,#357,#64,.T.);
#422=EDGE_CURVE('',#354,#358,#65,.T.);
#423=EDGE_CURVE('',#351,#359,#66,.T.);
#424=EDGE_CURVE('',#357,#359,#35,.T.);
#425=EDGE_CURVE('',#350,#360,#67,.T.);
#426=EDGE_CURVE('',#361,#360,#325,.T.);
#427=EDGE_CURVE('',#361,#351,#68,.T.);
#428=EDGE_CURVE('',#358,#362,#332,.T.);
#429=EDGE_CURVE('',#362,#363,#36,.T.);
#430=EDGE_CURVE('',#363,#358,#37,.T.);
#431=EDGE_CURVE('',#357,#364,#333,.T.);
#432=EDGE_CURVE('',#364,#362,#69,.T.);
#433=EDGE_CURVE('',#359,#364,#38,.T.);
#434=EDGE_CURVE('',#363,#356,#70,.T.);
#435=EDGE_CURVE('',#362,#365,#71,.T.);
#436=EDGE_CURVE('',#366,#365,#39,.T.);
#437=EDGE_CURVE('',#366,#363,#72,.T.);
#438=EDGE_CURVE('',#367,#368,#334,.T.);
#439=EDGE_CURVE('',#368,#369,#40,.T.);
#440=EDGE_CURVE('',#369,#367,#41,.T.);
#441=EDGE_CURVE('',#370,#371,#335,.T.);
#442=EDGE_CURVE('',#371,#368,#73,.T.);
#443=EDGE_CURVE('',#367,#370,#74,.T.);
#444=EDGE_CURVE('',#372,#360,#336,.T.);
#445=EDGE_CURVE('',#360,#371,#337,.T.);
#446=EDGE_CURVE('',#370,#372,#338,.T.);
#447=EDGE_CURVE('',#372,#361,#326,.T.);
#448=EDGE_CURVE('',#370,#373,#75,.T.);
#449=EDGE_CURVE('',#374,#373,#42,.T.);
#450=EDGE_CURVE('',#374,#361,#76,.T.);
#451=EDGE_CURVE('',#375,#367,#77,.T.);
#452=EDGE_CURVE('',#373,#375,#78,.T.);
#453=EDGE_CURVE('',#369,#366,#79,.T.);
#454=EDGE_CURVE('',#375,#366,#43,.T.);
#455=EDGE_CURVE('',#365,#375,#339,.T.);
#456=EDGE_CURVE('',#376,#373,#340,.T.);
#457=EDGE_CURVE('',#365,#376,#80,.T.);
#458=EDGE_CURVE('',#376,#374,#44,.T.);
#459=EDGE_CURVE('',#376,#364,#81,.T.);
#460=EDGE_CURVE('',#377,#378,#341,.T.);
#461=EDGE_CURVE('',#378,#379,#45,.T.);
#462=EDGE_CURVE('',#379,#377,#46,.T.);
#463=EDGE_CURVE('',#377,#380,#82,.T.);
#464=EDGE_CURVE('',#380,#381,#342,.T.);
#465=EDGE_CURVE('',#381,#378,#83,.T.);
#466=EDGE_CURVE('',#380,#382,#47,.T.);
#467=EDGE_CURVE('',#382,#381,#48,.T.);
#468=EDGE_CURVE('',#383,#377,#84,.T.);
#469=EDGE_CURVE('',#384,#383,#85,.T.);
#470=EDGE_CURVE('',#380,#384,#86,.T.);
#471=EDGE_CURVE('',#379,#385,#87,.T.);
#472=EDGE_CURVE('',#383,#385,#49,.T.);
#473=EDGE_CURVE('',#378,#386,#88,.T.);
#474=EDGE_CURVE('',#387,#386,#50,.T.);
#475=EDGE_CURVE('',#387,#379,#89,.T.);
#476=EDGE_CURVE('',#388,#389,#343,.T.);
#477=EDGE_CURVE('',#389,#390,#51,.T.);
#478=EDGE_CURVE('',#390,#388,#52,.T.);
#479=EDGE_CURVE('',#391,#386,#344,.T.);
#480=EDGE_CURVE('',#386,#389,#90,.T.);
#481=EDGE_CURVE('',#388,#391,#91,.T.);
#482=EDGE_CURVE('',#391,#387,#53,.T.);
#483=EDGE_CURVE('',#392,#388,#92,.T.);
#484=EDGE_CURVE('',#393,#392,#93,.T.);
#485=EDGE_CURVE('',#391,#393,#94,.T.);
#486=EDGE_CURVE('',#390,#394,#95,.T.);
#487=EDGE_CURVE('',#392,#394,#54,.T.);
#488=EDGE_CURVE('',#382,#390,#96,.T.);
#489=EDGE_CURVE('',#389,#381,#97,.T.);
#490=EDGE_CURVE('',#395,#383,#345,.T.);
#491=EDGE_CURVE('',#385,#395,#55,.T.);
#492=EDGE_CURVE('',#395,#396,#98,.T.);
#493=EDGE_CURVE('',#396,#384,#346,.T.);
#494=EDGE_CURVE('',#396,#397,#56,.T.);
#495=EDGE_CURVE('',#397,#384,#57,.T.);
#496=EDGE_CURVE('',#396,#398,#99,.T.);
#497=EDGE_CURVE('',#394,#398,#58,.T.);
#498=EDGE_CURVE('',#394,#397,#100,.T.);
#499=EDGE_CURVE('',#399,#395,#101,.T.);
#500=EDGE_CURVE('',#398,#399,#102,.T.);
#501=EDGE_CURVE('',#385,#400,#103,.T.);
#502=EDGE_CURVE('',#399,#400,#59,.T.);
#503=EDGE_CURVE('',#393,#399,#347,.T.);
#504=EDGE_CURVE('',#400,#393,#60,.T.);
#505=EDGE_CURVE('',#392,#398,#348,.T.);
#506=EDGE_CURVE('',#400,#387,#104,.T.);
#507=EDGE_CURVE('',#401,#402,#105,.T.);
#508=EDGE_CURVE('',#402,#403,#106,.T.);
#509=EDGE_CURVE('',#403,#404,#107,.T.);
#510=EDGE_CURVE('',#404,#401,#108,.T.);
#511=EDGE_CURVE('',#359,#374,#109,.T.);
#512=EDGE_CURVE('',#397,#382,#110,.T.);
#513=EDGE_CURVE('',#405,#406,#111,.T.);
#514=EDGE_CURVE('',#407,#405,#112,.T.);
#515=EDGE_CURVE('',#408,#407,#113,.T.);
#516=EDGE_CURVE('',#406,#408,#114,.T.);
#517=EDGE_CURVE('',#356,#369,#115,.T.);
#518=EDGE_CURVE('',#368,#355,#116,.T.);
#519=EDGE_CURVE('',#408,#403,#117,.T.);
#520=EDGE_CURVE('',#406,#402,#118,.T.);
#521=EDGE_CURVE('',#407,#404,#119,.T.);
#522=EDGE_CURVE('',#405,#401,#120,.T.);
#523=ORIENTED_EDGE('',*,*,#409,.T.);
#524=ORIENTED_EDGE('',*,*,#410,.T.);
#525=ORIENTED_EDGE('',*,*,#411,.T.);
#526=ORIENTED_EDGE('',*,*,#412,.T.);
#527=ORIENTED_EDGE('',*,*,#413,.T.);
#528=ORIENTED_EDGE('',*,*,#409,.F.);
#529=ORIENTED_EDGE('',*,*,#414,.T.);
#530=ORIENTED_EDGE('',*,*,#415,.T.);
#531=ORIENTED_EDGE('',*,*,#416,.T.);
#532=ORIENTED_EDGE('',*,*,#412,.F.);
#533=ORIENTED_EDGE('',*,*,#417,.T.);
#534=ORIENTED_EDGE('',*,*,#415,.F.);
#535=ORIENTED_EDGE('',*,*,#418,.T.);
#536=ORIENTED_EDGE('',*,*,#419,.T.);
#537=ORIENTED_EDGE('',*,*,#417,.F.);
#538=ORIENTED_EDGE('',*,*,#420,.F.);
#539=ORIENTED_EDGE('',*,*,#421,.F.);
#540=ORIENTED_EDGE('',*,*,#422,.F.);
#541=ORIENTED_EDGE('',*,*,#414,.F.);
#542=ORIENTED_EDGE('',*,*,#411,.F.);
#543=ORIENTED_EDGE('',*,*,#423,.T.);
#544=ORIENTED_EDGE('',*,*,#424,.F.);
#545=ORIENTED_EDGE('',*,*,#420,.T.);
#546=ORIENTED_EDGE('',*,*,#410,.F.);
#547=ORIENTED_EDGE('',*,*,#425,.T.);
#548=ORIENTED_EDGE('',*,*,#426,.F.);
#549=ORIENTED_EDGE('',*,*,#427,.T.);
#550=ORIENTED_EDGE('',*,*,#428,.T.);
#551=ORIENTED_EDGE('',*,*,#429,.T.);
#552=ORIENTED_EDGE('',*,*,#430,.T.);
#553=ORIENTED_EDGE('',*,*,#431,.T.);
#554=ORIENTED_EDGE('',*,*,#432,.T.);
#555=ORIENTED_EDGE('',*,*,#428,.F.);
#556=ORIENTED_EDGE('',*,*,#421,.T.);
#557=ORIENTED_EDGE('',*,*,#431,.F.);
#558=ORIENTED_EDGE('',*,*,#424,.T.);
#559=ORIENTED_EDGE('',*,*,#433,.T.);
#560=ORIENTED_EDGE('',*,*,#418,.F.);
#561=ORIENTED_EDGE('',*,*,#422,.T.);
#562=ORIENTED_EDGE('',*,*,#430,.F.);
#563=ORIENTED_EDGE('',*,*,#434,.T.);
#564=ORIENTED_EDGE('',*,*,#429,.F.);
#565=ORIENTED_EDGE('',*,*,#435,.T.);
#566=ORIENTED_EDGE('',*,*,#436,.F.);
#567=ORIENTED_EDGE('',*,*,#437,.T.);
#568=ORIENTED_EDGE('',*,*,#438,.T.);
#569=ORIENTED_EDGE('',*,*,#439,.T.);
#570=ORIENTED_EDGE('',*,*,#440,.T.);
#571=ORIENTED_EDGE('',*,*,#441,.T.);
#572=ORIENTED_EDGE('',*,*,#442,.T.);
#573=ORIENTED_EDGE('',*,*,#438,.F.);
#574=ORIENTED_EDGE('',*,*,#443,.T.);
#575=ORIENTED_EDGE('',*,*,#444,.T.);
#576=ORIENTED_EDGE('',*,*,#445,.T.);
#577=ORIENTED_EDGE('',*,*,#441,.F.);
#578=ORIENTED_EDGE('',*,*,#446,.T.);
#579=ORIENTED_EDGE('',*,*,#447,.T.);
#580=ORIENTED_EDGE('',*,*,#426,.T.);
#581=ORIENTED_EDGE('',*,*,#444,.F.);
#582=ORIENTED_EDGE('',*,*,#447,.F.);
#583=ORIENTED_EDGE('',*,*,#446,.F.);
#584=ORIENTED_EDGE('',*,*,#448,.T.);
#585=ORIENTED_EDGE('',*,*,#449,.F.);
#586=ORIENTED_EDGE('',*,*,#450,.T.);
#587=ORIENTED_EDGE('',*,*,#443,.F.);
#588=ORIENTED_EDGE('',*,*,#451,.F.);
#589=ORIENTED_EDGE('',*,*,#452,.F.);
#590=ORIENTED_EDGE('',*,*,#448,.F.);
#591=ORIENTED_EDGE('',*,*,#440,.F.);
#592=ORIENTED_EDGE('',*,*,#453,.T.);
#593=ORIENTED_EDGE('',*,*,#454,.F.);
#594=ORIENTED_EDGE('',*,*,#451,.T.);
#595=ORIENTED_EDGE('',*,*,#455,.T.);
#596=ORIENTED_EDGE('',*,*,#454,.T.);
#597=ORIENTED_EDGE('',*,*,#436,.T.);
#598=ORIENTED_EDGE('',*,*,#456,.T.);
#599=ORIENTED_EDGE('',*,*,#452,.T.);
#600=ORIENTED_EDGE('',*,*,#455,.F.);
#601=ORIENTED_EDGE('',*,*,#457,.T.);
#602=ORIENTED_EDGE('',*,*,#456,.F.);
#603=ORIENTED_EDGE('',*,*,#458,.T.);
#604=ORIENTED_EDGE('',*,*,#449,.T.);
#605=ORIENTED_EDGE('',*,*,#432,.F.);
#606=ORIENTED_EDGE('',*,*,#459,.F.);
#607=ORIENTED_EDGE('',*,*,#457,.F.);
#608=ORIENTED_EDGE('',*,*,#435,.F.);
#609=ORIENTED_EDGE('',*,*,#460,.T.);
#610=ORIENTED_EDGE('',*,*,#461,.T.);
#611=ORIENTED_EDGE('',*,*,#462,.T.);
#612=ORIENTED_EDGE('',*,*,#460,.F.);
#613=ORIENTED_EDGE('',*,*,#463,.T.);
#614=ORIENTED_EDGE('',*,*,#464,.T.);
#615=ORIENTED_EDGE('',*,*,#465,.T.);
#616=ORIENTED_EDGE('',*,*,#464,.F.);
#617=ORIENTED_EDGE('',*,*,#466,.T.);
#618=ORIENTED_EDGE('',*,*,#467,.T.);
#619=ORIENTED_EDGE('',*,*,#463,.F.);
#620=ORIENTED_EDGE('',*,*,#468,.F.);
#621=ORIENTED_EDGE('',*,*,#469,.F.);
#622=ORIENTED_EDGE('',*,*,#470,.F.);
#623=ORIENTED_EDGE('',*,*,#462,.F.);
#624=ORIENTED_EDGE('',*,*,#471,.T.);
#625=ORIENTED_EDGE('',*,*,#472,.F.);
#626=ORIENTED_EDGE('',*,*,#468,.T.);
#627=ORIENTED_EDGE('',*,*,#461,.F.);
#628=ORIENTED_EDGE('',*,*,#473,.T.);
#629=ORIENTED_EDGE('',*,*,#474,.F.);
#630=ORIENTED_EDGE('',*,*,#475,.T.);
#631=ORIENTED_EDGE('',*,*,#476,.T.);
#632=ORIENTED_EDGE('',*,*,#477,.T.);
#633=ORIENTED_EDGE('',*,*,#478,.T.);
#634=ORIENTED_EDGE('',*,*,#479,.T.);
#635=ORIENTED_EDGE('',*,*,#480,.T.);
#636=ORIENTED_EDGE('',*,*,#476,.F.);
#637=ORIENTED_EDGE('',*,*,#481,.T.);
#638=ORIENTED_EDGE('',*,*,#479,.F.);
#639=ORIENTED_EDGE('',*,*,#482,.T.);
#640=ORIENTED_EDGE('',*,*,#474,.T.);
#641=ORIENTED_EDGE('',*,*,#481,.F.);
#642=ORIENTED_EDGE('',*,*,#483,.F.);
#643=ORIENTED_EDGE('',*,*,#484,.F.);
#644=ORIENTED_EDGE('',*,*,#485,.F.);
#645=ORIENTED_EDGE('',*,*,#478,.F.);
#646=ORIENTED_EDGE('',*,*,#486,.T.);
#647=ORIENTED_EDGE('',*,*,#487,.F.);
#648=ORIENTED_EDGE('',*,*,#483,.T.);
#649=ORIENTED_EDGE('',*,*,#467,.F.);
#650=ORIENTED_EDGE('',*,*,#488,.T.);
#651=ORIENTED_EDGE('',*,*,#477,.F.);
#652=ORIENTED_EDGE('',*,*,#489,.T.);
#653=ORIENTED_EDGE('',*,*,#490,.T.);
#654=ORIENTED_EDGE('',*,*,#472,.T.);
#655=ORIENTED_EDGE('',*,*,#491,.T.);
#656=ORIENTED_EDGE('',*,*,#490,.F.);
#657=ORIENTED_EDGE('',*,*,#492,.T.);
#658=ORIENTED_EDGE('',*,*,#493,.T.);
#659=ORIENTED_EDGE('',*,*,#469,.T.);
#660=ORIENTED_EDGE('',*,*,#493,.F.);
#661=ORIENTED_EDGE('',*,*,#494,.T.);
#662=ORIENTED_EDGE('',*,*,#495,.T.);
#663=ORIENTED_EDGE('',*,*,#494,.F.);
#664=ORIENTED_EDGE('',*,*,#496,.T.);
#665=ORIENTED_EDGE('',*,*,#497,.F.);
#666=ORIENTED_EDGE('',*,*,#498,.T.);
#667=ORIENTED_EDGE('',*,*,#492,.F.);
#668=ORIENTED_EDGE('',*,*,#499,.F.);
#669=ORIENTED_EDGE('',*,*,#500,.F.);
#670=ORIENTED_EDGE('',*,*,#496,.F.);
#671=ORIENTED_EDGE('',*,*,#491,.F.);
#672=ORIENTED_EDGE('',*,*,#501,.T.);
#673=ORIENTED_EDGE('',*,*,#502,.F.);
#674=ORIENTED_EDGE('',*,*,#499,.T.);
#675=ORIENTED_EDGE('',*,*,#503,.T.);
#676=ORIENTED_EDGE('',*,*,#502,.T.);
#677=ORIENTED_EDGE('',*,*,#504,.T.);
#678=ORIENTED_EDGE('',*,*,#503,.F.);
#679=ORIENTED_EDGE('',*,*,#484,.T.);
#680=ORIENTED_EDGE('',*,*,#505,.T.);
#681=ORIENTED_EDGE('',*,*,#500,.T.);
#682=ORIENTED_EDGE('',*,*,#505,.F.);
#683=ORIENTED_EDGE('',*,*,#487,.T.);
#684=ORIENTED_EDGE('',*,*,#497,.T.);
#685=ORIENTED_EDGE('',*,*,#482,.F.);
#686=ORIENTED_EDGE('',*,*,#485,.T.);
#687=ORIENTED_EDGE('',*,*,#504,.F.);
#688=ORIENTED_EDGE('',*,*,#506,.T.);
#689=ORIENTED_EDGE('',*,*,#465,.F.);
#690=ORIENTED_EDGE('',*,*,#489,.F.);
#691=ORIENTED_EDGE('',*,*,#480,.F.);
#692=ORIENTED_EDGE('',*,*,#473,.F.);
#693=ORIENTED_EDGE('',*,*,#507,.T.);
#694=ORIENTED_EDGE('',*,*,#508,.T.);
#695=ORIENTED_EDGE('',*,*,#509,.T.);
#696=ORIENTED_EDGE('',*,*,#510,.T.);
#697=ORIENTED_EDGE('',*,*,#450,.F.);
#698=ORIENTED_EDGE('',*,*,#511,.F.);
#699=ORIENTED_EDGE('',*,*,#423,.F.);
#700=ORIENTED_EDGE('',*,*,#427,.F.);
#701=ORIENTED_EDGE('',*,*,#475,.F.);
#702=ORIENTED_EDGE('',*,*,#506,.F.);
#703=ORIENTED_EDGE('',*,*,#501,.F.);
#704=ORIENTED_EDGE('',*,*,#471,.F.);
#705=ORIENTED_EDGE('',*,*,#466,.F.);
#706=ORIENTED_EDGE('',*,*,#470,.T.);
#707=ORIENTED_EDGE('',*,*,#495,.F.);
#708=ORIENTED_EDGE('',*,*,#512,.T.);
#709=ORIENTED_EDGE('',*,*,#513,.F.);
#710=ORIENTED_EDGE('',*,*,#514,.F.);
#711=ORIENTED_EDGE('',*,*,#515,.F.);
#712=ORIENTED_EDGE('',*,*,#516,.F.);
#713=ORIENTED_EDGE('',*,*,#453,.F.);
#714=ORIENTED_EDGE('',*,*,#517,.F.);
#715=ORIENTED_EDGE('',*,*,#434,.F.);
#716=ORIENTED_EDGE('',*,*,#437,.F.);
#717=ORIENTED_EDGE('',*,*,#498,.F.);
#718=ORIENTED_EDGE('',*,*,#486,.F.);
#719=ORIENTED_EDGE('',*,*,#488,.F.);
#720=ORIENTED_EDGE('',*,*,#512,.F.);
#721=ORIENTED_EDGE('',*,*,#416,.F.);
#722=ORIENTED_EDGE('',*,*,#518,.F.);
#723=ORIENTED_EDGE('',*,*,#442,.F.);
#724=ORIENTED_EDGE('',*,*,#445,.F.);
#725=ORIENTED_EDGE('',*,*,#425,.F.);
#726=ORIENTED_EDGE('',*,*,#413,.F.);
#727=ORIENTED_EDGE('',*,*,#433,.F.);
#728=ORIENTED_EDGE('',*,*,#511,.T.);
#729=ORIENTED_EDGE('',*,*,#458,.F.);
#730=ORIENTED_EDGE('',*,*,#459,.T.);
#731=ORIENTED_EDGE('',*,*,#419,.F.);
#732=ORIENTED_EDGE('',*,*,#517,.T.);
#733=ORIENTED_EDGE('',*,*,#439,.F.);
#734=ORIENTED_EDGE('',*,*,#518,.T.);
#735=ORIENTED_EDGE('',*,*,#516,.T.);
#736=ORIENTED_EDGE('',*,*,#519,.T.);
#737=ORIENTED_EDGE('',*,*,#508,.F.);
#738=ORIENTED_EDGE('',*,*,#520,.F.);
#739=ORIENTED_EDGE('',*,*,#515,.T.);
#740=ORIENTED_EDGE('',*,*,#521,.T.);
#741=ORIENTED_EDGE('',*,*,#509,.F.);
#742=ORIENTED_EDGE('',*,*,#519,.F.);
#743=ORIENTED_EDGE('',*,*,#514,.T.);
#744=ORIENTED_EDGE('',*,*,#522,.T.);
#745=ORIENTED_EDGE('',*,*,#510,.F.);
#746=ORIENTED_EDGE('',*,*,#521,.F.);
#747=ORIENTED_EDGE('',*,*,#513,.T.);
#748=ORIENTED_EDGE('',*,*,#520,.T.);
#749=ORIENTED_EDGE('',*,*,#507,.F.);
#750=ORIENTED_EDGE('',*,*,#522,.F.);
#751=B_SPLINE_SURFACE_WITH_KNOTS('',3,3,((#1170,#1171,#1172,#1173,#1174,
#1175,#1176,#1177),(#1178,#1179,#1180,#1181,#1182,#1183,#1184,#1185),(#1186,
#1187,#1188,#1189,#1190,#1191,#1192,#1193),(#1194,#1195,#1196,#1197,#1198,
#1199,#1200,#1201),(#1202,#1203,#1204,#1205,#1206,#1207,#1208,#1209)),
 .UNSPECIFIED.,.F.,.F.,.F.,(4,1,4),(4,2,1,1,4),(0.,0.571428571428571,1.),
(-0.0010351314630084,0.,0.298056717998642,0.397408957331522,0.496761196664403),
 .UNSPECIFIED.);
#752=B_SPLINE_SURFACE_WITH_KNOTS('',3,3,((#1242,#1243,#1244,#1245,#1246,
#1247,#1248),(#1249,#1250,#1251,#1252,#1253,#1254,#1255),(#1256,#1257,#1258,
#1259,#1260,#1261,#1262),(#1263,#1264,#1265,#1266,#1267,#1268,#1269),(#1270,
#1271,#1272,#1273,#1274,#1275,#1276)),.UNSPECIFIED.,.F.,.F.,.F.,(4,1,4),
(4,1,1,1,4),(0.,0.571428571428571,1.),(-5.55111512312578E-17,0.448798950512828,
0.673198425769241,1.12199737628207,1.5707963267949),.UNSPECIFIED.);
#753=B_SPLINE_SURFACE_WITH_KNOTS('',3,3,((#1307,#1308,#1309,#1310,#1311,
#1312),(#1313,#1314,#1315,#1316,#1317,#1318),(#1319,#1320,#1321,#1322,#1323,
#1324),(#1325,#1326,#1327,#1328,#1329,#1330),(#1331,#1332,#1333,#1334,#1335,
#1336)),.UNSPECIFIED.,.F.,.F.,.F.,(4,1,4),(4,1,1,4),(0.,0.571428571428571,
1.),(-1.5707963267949,-0.897597901025655,-0.448798950512827,1.11022302462516E-16),
 .UNSPECIFIED.);
#754=B_SPLINE_SURFACE_WITH_KNOTS('',3,3,((#1346,#1347,#1348,#1349,#1350,
#1351),(#1352,#1353,#1354,#1355,#1356,#1357),(#1358,#1359,#1360,#1361,#1362,
#1363),(#1364,#1365,#1366,#1367,#1368,#1369),(#1370,#1371,#1372,#1373,#1374,
#1375)),.UNSPECIFIED.,.F.,.F.,.F.,(4,1,4),(4,1,1,4),(0.,0.571428571428571,
1.),(-5.55111512312578E-17,0.448798950512828,0.897597901025655,1.5707963267949),
 .UNSPECIFIED.);
#755=B_SPLINE_SURFACE_WITH_KNOTS('',3,3,((#1385,#1386,#1387,#1388,#1389,
#1390),(#1391,#1392,#1393,#1394,#1395,#1396),(#1397,#1398,#1399,#1400,#1401,
#1402),(#1403,#1404,#1405,#1406,#1407,#1408),(#1409,#1410,#1411,#1412,#1413,
#1414)),.UNSPECIFIED.,.F.,.F.,.F.,(4,1,4),(4,1,1,4),(0.,0.571428571428571,
1.),(-1.5707963267949,-0.897597901025655,-0.448798950512828,0.),
 .UNSPECIFIED.);
#756=B_SPLINE_SURFACE_WITH_KNOTS('',3,3,((#1432,#1433,#1434,#1435,#1436,
#1437,#1438,#1439,#1440,#1441,#1442,#1443),(#1444,#1445,#1446,#1447,#1448,
#1449,#1450,#1451,#1452,#1453,#1454,#1455),(#1456,#1457,#1458,#1459,#1460,
#1461,#1462,#1463,#1464,#1465,#1466,#1467),(#1468,#1469,#1470,#1471,#1472,
#1473,#1474,#1475,#1476,#1477,#1478,#1479),(#1480,#1481,#1482,#1483,#1484,
#1485,#1486,#1487,#1488,#1489,#1490,#1491)),.UNSPECIFIED.,.F.,.F.,.F.,(4,
1,4),(4,1,1,1,1,1,1,2,4),(0.,0.571428571428571,1.),(4.60691872632686E-15,
0.0993522393905762,0.149028359085862,0.198704478781148,0.248380598476433,
0.298056718171719,0.397408957562291,0.496761196952862,0.497796327948721),
 .UNSPECIFIED.);
#757=B_SPLINE_SURFACE_WITH_KNOTS('',3,3,((#1517,#1518,#1519,#1520,#1521,
#1522),(#1523,#1524,#1525,#1526,#1527,#1528),(#1529,#1530,#1531,#1532,#1533,
#1534),(#1535,#1536,#1537,#1538,#1539,#1540),(#1541,#1542,#1543,#1544,#1545,
#1546)),.UNSPECIFIED.,.F.,.F.,.F.,(4,1,4),(4,1,1,4),(0.,0.571428571428571,
1.),(-1.5707963267949,-0.897597901025655,-0.448798950512828,1.11022302462516E-16),
 .UNSPECIFIED.);
#758=B_SPLINE_SURFACE_WITH_KNOTS('',3,3,((#1552,#1553,#1554,#1555,#1556,
#1557,#1558),(#1559,#1560,#1561,#1562,#1563,#1564,#1565),(#1566,#1567,#1568,
#1569,#1570,#1571,#1572),(#1573,#1574,#1575,#1576,#1577,#1578,#1579),(#1580,
#1581,#1582,#1583,#1584,#1585,#1586)),.UNSPECIFIED.,.F.,.F.,.F.,(4,1,4),
(4,1,1,1,4),(0.,0.571428571428571,1.),(-5.55111512312578E-17,0.448798950512828,
0.673198425769242,1.12199737628207,1.5707963267949),.UNSPECIFIED.);
#759=B_SPLINE_SURFACE_WITH_KNOTS('',3,3,((#1590,#1591,#1592,#1593,#1594,
#1595),(#1596,#1597,#1598,#1599,#1600,#1601),(#1602,#1603,#1604,#1605,#1606,
#1607),(#1608,#1609,#1610,#1611,#1612,#1613),(#1614,#1615,#1616,#1617,#1618,
#1619)),.UNSPECIFIED.,.F.,.F.,.F.,(4,1,4),(4,1,1,4),(0.,0.571428571428571,
1.),(-1.5707963267949,-0.897597901025655,-0.448798950512827,1.11022302462516E-16),
 .UNSPECIFIED.);
#760=B_SPLINE_SURFACE_WITH_KNOTS('',3,3,((#1632,#1633,#1634,#1635,#1636,
#1637),(#1638,#1639,#1640,#1641,#1642,#1643),(#1644,#1645,#1646,#1647,#1648,
#1649),(#1650,#1651,#1652,#1653,#1654,#1655),(#1656,#1657,#1658,#1659,#1660,
#1661)),.UNSPECIFIED.,.F.,.F.,.F.,(4,1,4),(4,1,1,4),(0.,0.571428571428571,
1.),(-1.5707963267949,-0.897597901025655,-0.448798950512828,1.02260907463154E-17),
 .UNSPECIFIED.);
#761=B_SPLINE_SURFACE_WITH_KNOTS('',3,3,((#1681,#1682,#1683,#1684,#1685,
#1686),(#1687,#1688,#1689,#1690,#1691,#1692),(#1693,#1694,#1695,#1696,#1697,
#1698),(#1699,#1700,#1701,#1702,#1703,#1704),(#1705,#1706,#1707,#1708,#1709,
#1710)),.UNSPECIFIED.,.F.,.F.,.F.,(4,1,4),(4,1,1,4),(0.,0.571428571428571,
1.),(-1.5707963267949,-0.897597901025659,-0.448798950512829,0.),
 .UNSPECIFIED.);
#762=B_SPLINE_SURFACE_WITH_KNOTS('',3,3,((#1722,#1723,#1724,#1725,#1726,
#1727,#1728),(#1729,#1730,#1731,#1732,#1733,#1734,#1735),(#1736,#1737,#1738,
#1739,#1740,#1741,#1742),(#1743,#1744,#1745,#1746,#1747,#1748,#1749),(#1750,
#1751,#1752,#1753,#1754,#1755,#1756)),.UNSPECIFIED.,.F.,.F.,.F.,(4,1,4),
(4,1,1,1,4),(0.,0.571428571428571,1.),(-9.20187267443069E-18,0.224399475256414,
0.673198425769241,1.12199737628207,1.5707963267949),.UNSPECIFIED.);
#763=B_SPLINE_SURFACE_WITH_KNOTS('',3,3,((#1771,#1772,#1773,#1774,#1775,
#1776),(#1777,#1778,#1779,#1780,#1781,#1782),(#1783,#1784,#1785,#1786,#1787,
#1788),(#1789,#1790,#1791,#1792,#1793,#1794),(#1795,#1796,#1797,#1798,#1799,
#1800)),.UNSPECIFIED.,.F.,.F.,.F.,(4,1,4),(4,1,1,4),(0.,0.571428571428571,
1.),(-1.5707963267949,-0.897597901025656,-0.448798950512828,2.22044604925031E-16),
 .UNSPECIFIED.);
#764=B_SPLINE_SURFACE_WITH_KNOTS('',3,3,((#1808,#1809,#1810,#1811,#1812,
#1813),(#1814,#1815,#1816,#1817,#1818,#1819),(#1820,#1821,#1822,#1823,#1824,
#1825),(#1826,#1827,#1828,#1829,#1830,#1831),(#1832,#1833,#1834,#1835,#1836,
#1837)),.UNSPECIFIED.,.F.,.F.,.F.,(4,1,4),(4,1,1,4),(0.,0.571428571428571,
1.),(-1.5707963267949,-0.897597901025655,-0.448798950512828,5.55111512312578E-17),
 .UNSPECIFIED.);
#765=B_SPLINE_SURFACE_WITH_KNOTS('',3,3,((#1854,#1855,#1856,#1857,#1858,
#1859),(#1860,#1861,#1862,#1863,#1864,#1865),(#1866,#1867,#1868,#1869,#1870,
#1871),(#1872,#1873,#1874,#1875,#1876,#1877),(#1878,#1879,#1880,#1881,#1882,
#1883)),.UNSPECIFIED.,.F.,.F.,.F.,(4,1,4),(4,1,1,4),(0.,0.571428571428571,
1.),(-1.5707963267949,-0.897597901025655,-0.448798950512828,2.66975338354913E-47),
 .UNSPECIFIED.);
#766=B_SPLINE_SURFACE_WITH_KNOTS('',3,3,((#1888,#1889,#1890,#1891,#1892,
#1893,#1894),(#1895,#1896,#1897,#1898,#1899,#1900,#1901),(#1902,#1903,#1904,
#1905,#1906,#1907,#1908),(#1909,#1910,#1911,#1912,#1913,#1914,#1915),(#1916,
#1917,#1918,#1919,#1920,#1921,#1922)),.UNSPECIFIED.,.F.,.F.,.F.,(4,1,4),
(4,1,1,1,4),(0.,0.571428571428571,1.),(-1.02260907463149E-17,0.224399475256414,
0.673198425769241,1.12199737628207,1.5707963267949),.UNSPECIFIED.);
#767=ADVANCED_FACE('',(#207),#751,.T.);
#768=ADVANCED_FACE('',(#208),#205,.F.);
#769=ADVANCED_FACE('',(#209),#181,.F.);
#770=ADVANCED_FACE('',(#210),#752,.T.);
#771=ADVANCED_FACE('',(#211),#19,.F.);
#772=ADVANCED_FACE('',(#212),#182,.T.);
#773=ADVANCED_FACE('',(#213),#183,.T.);
#774=ADVANCED_FACE('',(#214),#753,.T.);
#775=ADVANCED_FACE('',(#215),#184,.F.);
#776=ADVANCED_FACE('',(#216),#754,.T.);
#777=ADVANCED_FACE('',(#217),#185,.T.);
#778=ADVANCED_FACE('',(#218),#186,.T.);
#779=ADVANCED_FACE('',(#219),#755,.T.);
#780=ADVANCED_FACE('',(#220),#187,.F.);
#781=ADVANCED_FACE('',(#221),#206,.F.);
#782=ADVANCED_FACE('',(#222),#756,.T.);
#783=ADVANCED_FACE('',(#223),#188,.T.);
#784=ADVANCED_FACE('',(#224),#20,.F.);
#785=ADVANCED_FACE('',(#225),#189,.T.);
#786=ADVANCED_FACE('',(#226),#757,.T.);
#787=ADVANCED_FACE('',(#227),#190,.F.);
#788=ADVANCED_FACE('',(#228),#758,.T.);
#789=ADVANCED_FACE('',(#229),#21,.F.);
#790=ADVANCED_FACE('',(#230),#759,.T.);
#791=ADVANCED_FACE('',(#231),#191,.F.);
#792=ADVANCED_FACE('',(#232),#760,.T.);
#793=ADVANCED_FACE('',(#233),#22,.F.);
#794=ADVANCED_FACE('',(#234),#192,.T.);
#795=ADVANCED_FACE('',(#235),#193,.T.);
#796=ADVANCED_FACE('',(#236),#761,.T.);
#797=ADVANCED_FACE('',(#237),#194,.F.);
#798=ADVANCED_FACE('',(#238),#762,.T.);
#799=ADVANCED_FACE('',(#239),#23,.F.);
#800=ADVANCED_FACE('',(#240),#195,.T.);
#801=ADVANCED_FACE('',(#241),#196,.T.);
#802=ADVANCED_FACE('',(#242),#763,.T.);
#803=ADVANCED_FACE('',(#243),#197,.F.);
#804=ADVANCED_FACE('',(#244),#764,.T.);
#805=ADVANCED_FACE('',(#245),#198,.T.);
#806=ADVANCED_FACE('',(#246),#24,.F.);
#807=ADVANCED_FACE('',(#247),#199,.T.);
#808=ADVANCED_FACE('',(#248),#765,.T.);
#809=ADVANCED_FACE('',(#249),#200,.F.);
#810=ADVANCED_FACE('',(#250),#766,.T.);
#811=ADVANCED_FACE('',(#251),#201,.T.);
#812=ADVANCED_FACE('',(#252),#25,.F.);
#813=ADVANCED_FACE('',(#253,#15,#16),#26,.T.);
#814=ADVANCED_FACE('',(#254),#202,.T.);
#815=ADVANCED_FACE('',(#255,#17,#18),#27,.F.);
#816=ADVANCED_FACE('',(#256),#28,.F.);
#817=ADVANCED_FACE('',(#257),#203,.T.);
#818=ADVANCED_FACE('',(#258),#204,.T.);
#819=ADVANCED_FACE('',(#259),#29,.T.);
#820=ADVANCED_FACE('',(#260),#30,.T.);
#821=ADVANCED_FACE('',(#261),#31,.T.);
#822=ADVANCED_FACE('',(#262),#32,.T.);
#823=CLOSED_SHELL('',(#767,#768,#769,#770,#771,#772,#773,#774,#775,#776,
#777,#778,#779,#780,#781,#782,#783,#784,#785,#786,#787,#788,#789,#790,#791,
#792,#793,#794,#795,#796,#797,#798,#799,#800,#801,#802,#803,#804,#805,#806,
#807,#808,#809,#810,#811,#812,#813,#814,#815,#816,#817,#818,#819,#820,#821,
#822));
#824=DERIVED_UNIT_ELEMENT(#826,1.);
#825=DERIVED_UNIT_ELEMENT(#1965,-3.);
#826=(
MASS_UNIT()
NAMED_UNIT(*)
SI_UNIT(.KILO.,.GRAM.)
);
#827=DERIVED_UNIT((#824,#825));
#828=MEASURE_REPRESENTATION_ITEM('density measure',
POSITIVE_RATIO_MEASURE(7850.),#827);
#829=PROPERTY_DEFINITION_REPRESENTATION(#834,#831);
#830=PROPERTY_DEFINITION_REPRESENTATION(#835,#832);
#831=REPRESENTATION('material name',(#833),#1962);
#832=REPRESENTATION('density',(#828),#1962);
#833=DESCRIPTIVE_REPRESENTATION_ITEM('Steel','Steel');
#834=PROPERTY_DEFINITION('material property','material name',#1972);
#835=PROPERTY_DEFINITION('material property','density of part',#1972);
#836=AXIS2_PLACEMENT_3D('',#1169,#927,#928);
#837=AXIS2_PLACEMENT_3D('',#1212,#929,#930);
#838=AXIS2_PLACEMENT_3D('',#1230,#931,#932);
#839=AXIS2_PLACEMENT_3D('',#1233,#933,#934);
#840=AXIS2_PLACEMENT_3D('',#1234,#935,#936);
#841=AXIS2_PLACEMENT_3D('',#1235,#937,#938);
#842=AXIS2_PLACEMENT_3D('',#1236,#939,#940);
#843=AXIS2_PLACEMENT_3D('',#1239,#941,#942);
#844=AXIS2_PLACEMENT_3D('',#1278,#945,#946);
#845=AXIS2_PLACEMENT_3D('',#1279,#947,#948);
#846=AXIS2_PLACEMENT_3D('',#1280,#949,#950);
#847=AXIS2_PLACEMENT_3D('',#1286,#954,#955);
#848=AXIS2_PLACEMENT_3D('',#1289,#957,#958);
#849=AXIS2_PLACEMENT_3D('',#1290,#959,#960);
#850=AXIS2_PLACEMENT_3D('',#1338,#963,#964);
#851=AXIS2_PLACEMENT_3D('',#1340,#965,#966);
#852=AXIS2_PLACEMENT_3D('',#1341,#967,#968);
#853=AXIS2_PLACEMENT_3D('',#1342,#969,#970);
#854=AXIS2_PLACEMENT_3D('',#1344,#971,#972);
#855=AXIS2_PLACEMENT_3D('',#1376,#974,#975);
#856=AXIS2_PLACEMENT_3D('',#1377,#976,#977);
#857=AXIS2_PLACEMENT_3D('',#1379,#979,#980);
#858=AXIS2_PLACEMENT_3D('',#1383,#982,#983);
#859=AXIS2_PLACEMENT_3D('',#1417,#985,#986);
#860=AXIS2_PLACEMENT_3D('',#1419,#987,#988);
#861=AXIS2_PLACEMENT_3D('',#1420,#989,#990);
#862=AXIS2_PLACEMENT_3D('',#1421,#991,#992);
#863=AXIS2_PLACEMENT_3D('',#1424,#993,#994);
#864=AXIS2_PLACEMENT_3D('',#1427,#997,#998);
#865=AXIS2_PLACEMENT_3D('',#1429,#999,#1000);
#866=AXIS2_PLACEMENT_3D('',#1430,#1001,#1002);
#867=AXIS2_PLACEMENT_3D('',#1431,#1003,#1004);
#868=AXIS2_PLACEMENT_3D('',#1504,#1005,#1006);
#869=AXIS2_PLACEMENT_3D('',#1508,#1008,#1009);
#870=AXIS2_PLACEMENT_3D('',#1510,#1011,#1012);
#871=AXIS2_PLACEMENT_3D('',#1514,#1015,#1016);
#872=AXIS2_PLACEMENT_3D('',#1516,#1018,#1019);
#873=AXIS2_PLACEMENT_3D('',#1547,#1020,#1021);
#874=AXIS2_PLACEMENT_3D('',#1548,#1022,#1023);
#875=AXIS2_PLACEMENT_3D('',#1550,#1024,#1025);
#876=AXIS2_PLACEMENT_3D('',#1587,#1027,#1028);
#877=AXIS2_PLACEMENT_3D('',#1588,#1029,#1030);
#878=AXIS2_PLACEMENT_3D('',#1622,#1032,#1033);
#879=AXIS2_PLACEMENT_3D('',#1624,#1034,#1035);
#880=AXIS2_PLACEMENT_3D('',#1625,#1036,#1037);
#881=AXIS2_PLACEMENT_3D('',#1626,#1038,#1039);
#882=AXIS2_PLACEMENT_3D('',#1630,#1041,#1042);
#883=AXIS2_PLACEMENT_3D('',#1663,#1044,#1045);
#884=AXIS2_PLACEMENT_3D('',#1664,#1046,#1047);
#885=AXIS2_PLACEMENT_3D('',#1665,#1048,#1049);
#886=AXIS2_PLACEMENT_3D('',#1671,#1053,#1054);
#887=AXIS2_PLACEMENT_3D('',#1674,#1056,#1057);
#888=AXIS2_PLACEMENT_3D('',#1675,#1058,#1059);
#889=AXIS2_PLACEMENT_3D('',#1679,#1061,#1062);
#890=AXIS2_PLACEMENT_3D('',#1713,#1064,#1065);
#891=AXIS2_PLACEMENT_3D('',#1715,#1066,#1067);
#892=AXIS2_PLACEMENT_3D('',#1716,#1068,#1069);
#893=AXIS2_PLACEMENT_3D('',#1717,#1070,#1071);
#894=AXIS2_PLACEMENT_3D('',#1719,#1072,#1073);
#895=AXIS2_PLACEMENT_3D('',#1757,#1076,#1077);
#896=AXIS2_PLACEMENT_3D('',#1758,#1078,#1079);
#897=AXIS2_PLACEMENT_3D('',#1764,#1083,#1084);
#898=AXIS2_PLACEMENT_3D('',#1767,#1086,#1087);
#899=AXIS2_PLACEMENT_3D('',#1768,#1088,#1089);
#900=AXIS2_PLACEMENT_3D('',#1802,#1092,#1093);
#901=AXIS2_PLACEMENT_3D('',#1803,#1094,#1095);
#902=AXIS2_PLACEMENT_3D('',#1804,#1096,#1097);
#903=AXIS2_PLACEMENT_3D('',#1807,#1099,#1100);
#904=AXIS2_PLACEMENT_3D('',#1839,#1101,#1102);
#905=AXIS2_PLACEMENT_3D('',#1840,#1103,#1104);
#906=AXIS2_PLACEMENT_3D('',#1841,#1105,#1106);
#907=AXIS2_PLACEMENT_3D('',#1844,#1108,#1109);
#908=AXIS2_PLACEMENT_3D('',#1846,#1111,#1112);
#909=AXIS2_PLACEMENT_3D('',#1850,#1115,#1116);
#910=AXIS2_PLACEMENT_3D('',#1853,#1118,#1119);
#911=AXIS2_PLACEMENT_3D('',#1884,#1120,#1121);
#912=AXIS2_PLACEMENT_3D('',#1885,#1122,#1123);
#913=AXIS2_PLACEMENT_3D('',#1886,#1124,#1125);
#914=AXIS2_PLACEMENT_3D('',#1887,#1126,#1127);
#915=AXIS2_PLACEMENT_3D('',#1923,#1128,#1129);
#916=AXIS2_PLACEMENT_3D('',#1925,#1131,#1132);
#917=AXIS2_PLACEMENT_3D('',#1926,#1133,#1134);
#918=AXIS2_PLACEMENT_3D('',#1936,#1140,#1141);
#919=AXIS2_PLACEMENT_3D('',#1938,#1143,#1144);
#920=AXIS2_PLACEMENT_3D('',#1948,#1150,#1151);
#921=AXIS2_PLACEMENT_3D('',#1950,#1153,#1154);
#922=AXIS2_PLACEMENT_3D('',#1951,#1155,#1156);
#923=AXIS2_PLACEMENT_3D('',#1952,#1157,#1158);
#924=AXIS2_PLACEMENT_3D('',#1955,#1161,#1162);
#925=AXIS2_PLACEMENT_3D('',#1957,#1164,#1165);
#926=AXIS2_PLACEMENT_3D('',#1959,#1167,#1168);
#927=DIRECTION('axis',(0.,0.,1.));
#928=DIRECTION('refdir',(1.,0.,0.));
#929=DIRECTION('center_axis',(-0.166666666628012,-6.09934675550859E-11,
-0.986013297189803));
#930=DIRECTION('ref_axis',(0.986013297189803,0.,-0.166666666628012));
#931=DIRECTION('center_axis',(0.,1.,0.));
#932=DIRECTION('ref_axis',(0.,0.,1.));
#933=DIRECTION('center_axis',(0.,0.,-1.));
#934=DIRECTION('ref_axis',(1.,0.,0.));
#935=DIRECTION('center_axis',(0.,1.,0.));
#936=DIRECTION('ref_axis',(-0.985598559653488,0.,0.16910197872577));
#937=DIRECTION('center_axis',(0.,-1.,0.));
#938=DIRECTION('ref_axis',(-0.985598559653488,0.,0.16910197872577));
#939=DIRECTION('center_axis',(0.,0.,-1.));
#940=DIRECTION('ref_axis',(0.707106781186522,-0.707106781186573,0.));
#941=DIRECTION('center_axis',(0.,0.,-1.));
#942=DIRECTION('ref_axis',(1.,0.,0.));
#943=DIRECTION('',(0.,0.,1.));
#944=DIRECTION('',(0.,0.,-1.));
#945=DIRECTION('center_axis',(-0.894427190999918,-0.447213595499954,0.));
#946=DIRECTION('ref_axis',(-0.447213595499954,0.894427190999918,0.));
#947=DIRECTION('center_axis',(0.447213595499962,0.894427190999914,0.));
#948=DIRECTION('ref_axis',(-0.894427190999914,0.447213595499962,0.));
#949=DIRECTION('center_axis',(1.,0.,0.));
#950=DIRECTION('ref_axis',(0.,-1.,0.));
#951=DIRECTION('',(0.,-1.,0.));
#952=DIRECTION('',(0.,0.,1.));
#953=DIRECTION('',(0.,1.,0.));
#954=DIRECTION('center_axis',(0.,-1.,0.));
#955=DIRECTION('ref_axis',(-0.707106781186527,0.,0.707106781186568));
#956=DIRECTION('',(0.,1.,0.));
#957=DIRECTION('center_axis',(-0.894427190999918,0.447213595499954,0.));
#958=DIRECTION('ref_axis',(-0.447213595499954,-0.894427190999918,0.));
#959=DIRECTION('center_axis',(-1.,0.,0.));
#960=DIRECTION('ref_axis',(0.,0.707106781186541,0.707106781186554));
#961=DIRECTION('',(-1.,0.,0.));
#962=DIRECTION('',(1.,0.,0.));
#963=DIRECTION('center_axis',(0.,0.,1.));
#964=DIRECTION('ref_axis',(1.,4.44089209850067E-15,0.));
#965=DIRECTION('center_axis',(0.447213595499961,-0.894427190999914,4.13755692207878E-17));
#966=DIRECTION('ref_axis',(-0.894427190999914,-0.447213595499961,0.));
#967=DIRECTION('center_axis',(-0.894427190999918,0.447213595499955,0.));
#968=DIRECTION('ref_axis',(-0.447213595499955,-0.894427190999917,0.));
#969=DIRECTION('center_axis',(0.,0.,-1.));
#970=DIRECTION('ref_axis',(0.707106781186527,0.707106781186568,0.));
#971=DIRECTION('center_axis',(0.,0.,1.));
#972=DIRECTION('ref_axis',(1.,7.40148683083445E-16,0.));
#973=DIRECTION('',(0.,0.,-1.));
#974=DIRECTION('center_axis',(0.447213595499961,-0.894427190999914,-4.13755692207877E-17));
#975=DIRECTION('ref_axis',(-0.894427190999914,-0.447213595499961,0.));
#976=DIRECTION('center_axis',(0.,-1.,0.));
#977=DIRECTION('ref_axis',(-0.707106781186529,0.,-0.707106781186566));
#978=DIRECTION('',(0.,-1.,0.));
#979=DIRECTION('center_axis',(1.,0.,0.));
#980=DIRECTION('ref_axis',(0.,-0.70710678118655,-0.707106781186545));
#981=DIRECTION('',(-1.,0.,0.));
#982=DIRECTION('center_axis',(-0.447213595499957,-0.894427190999916,4.13755692207879E-17));
#983=DIRECTION('ref_axis',(0.894427190999916,-0.447213595499957,0.));
#984=DIRECTION('',(1.,0.,0.));
#985=DIRECTION('center_axis',(0.,0.,1.));
#986=DIRECTION('ref_axis',(-1.,4.73695157173405E-14,0.));
#987=DIRECTION('center_axis',(-0.447213595499958,0.894427190999916,0.));
#988=DIRECTION('ref_axis',(0.894427190999916,0.447213595499958,0.));
#989=DIRECTION('center_axis',(0.894427190999918,-0.447213595499954,0.));
#990=DIRECTION('ref_axis',(0.447213595499954,0.894427190999918,0.));
#991=DIRECTION('center_axis',(0.,0.,-1.));
#992=DIRECTION('ref_axis',(-0.707106781186522,-0.707106781186573,0.));
#993=DIRECTION('center_axis',(0.,0.,1.));
#994=DIRECTION('ref_axis',(-1.,0.,0.));
#995=DIRECTION('',(0.,0.,-1.));
#996=DIRECTION('',(0.,0.,1.));
#997=DIRECTION('center_axis',(0.,1.,0.));
#998=DIRECTION('ref_axis',(0.,0.,1.));
#999=DIRECTION('center_axis',(-0.166666666666664,3.94745964311159E-15,0.98601329718327));
#1000=DIRECTION('ref_axis',(-0.98601329718327,0.,-0.166666666666664));
#1001=DIRECTION('center_axis',(0.,1.,0.));
#1002=DIRECTION('ref_axis',(0.985598559653489,0.,0.169101978725764));
#1003=DIRECTION('center_axis',(0.,-1.,0.));
#1004=DIRECTION('ref_axis',(0.985598559653489,0.,0.169101978725764));
#1005=DIRECTION('center_axis',(0.,1.,0.));
#1006=DIRECTION('ref_axis',(0.707106781186543,0.,0.707106781186552));
#1007=DIRECTION('',(0.,1.,0.));
#1008=DIRECTION('center_axis',(0.894427190999918,0.447213595499955,0.));
#1009=DIRECTION('ref_axis',(0.447213595499955,-0.894427190999917,0.));
#1010=DIRECTION('',(0.,-1.,0.));
#1011=DIRECTION('center_axis',(-1.,0.,0.));
#1012=DIRECTION('ref_axis',(0.,1.,0.));
#1013=DIRECTION('',(0.,-1.,0.));
#1014=DIRECTION('',(0.,0.,-1.));
#1015=DIRECTION('center_axis',(0.,1.,0.));
#1016=DIRECTION('ref_axis',(0.707106781186562,0.,-0.707106781186533));
#1017=DIRECTION('',(0.,1.,0.));
#1018=DIRECTION('center_axis',(0.894427190999918,0.447213595499955,0.));
#1019=DIRECTION('ref_axis',(0.447213595499955,-0.894427190999917,0.));
#1020=DIRECTION('center_axis',(0.,0.,1.));
#1021=DIRECTION('ref_axis',(0.,1.,0.));
#1022=DIRECTION('center_axis',(0.,0.,-1.));
#1023=DIRECTION('ref_axis',(-0.707106781186543,0.707106781186552,0.));
#1024=DIRECTION('center_axis',(0.,0.,1.));
#1025=DIRECTION('ref_axis',(0.,1.,0.));
#1026=DIRECTION('',(0.,0.,1.));
#1027=DIRECTION('center_axis',(-0.447213595499957,-0.894427190999916,-1.32401821506521E-15));
#1028=DIRECTION('ref_axis',(0.894427190999916,-0.447213595499957,0.));
#1029=DIRECTION('center_axis',(0.,1.,0.));
#1030=DIRECTION('ref_axis',(1.,0.,0.));
#1031=DIRECTION('',(1.,0.,0.));
#1032=DIRECTION('center_axis',(0.,0.,-1.));
#1033=DIRECTION('ref_axis',(0.,1.,0.));
#1034=DIRECTION('center_axis',(-0.894427190999915,0.44721359549996,0.));
#1035=DIRECTION('ref_axis',(-0.447213595499959,-0.894427190999915,0.));
#1036=DIRECTION('center_axis',(0.447213595499957,-0.894427190999916,-4.13755692207878E-17));
#1037=DIRECTION('ref_axis',(-0.894427190999916,-0.447213595499957,0.));
#1038=DIRECTION('center_axis',(0.,0.,-1.));
#1039=DIRECTION('ref_axis',(0.707106781186544,0.707106781186551,0.));
#1040=DIRECTION('',(0.,0.,-1.));
#1041=DIRECTION('center_axis',(0.,0.,-1.));
#1042=DIRECTION('ref_axis',(0.,1.,0.));
#1043=DIRECTION('',(0.,0.,1.));
#1044=DIRECTION('center_axis',(0.447213595499957,-0.894427190999916,4.13755692207879E-17));
#1045=DIRECTION('ref_axis',(-0.894427190999916,-0.447213595499957,0.));
#1046=DIRECTION('center_axis',(-0.894427190999915,0.447213595499959,0.));
#1047=DIRECTION('ref_axis',(-0.447213595499959,-0.894427190999915,0.));
#1048=DIRECTION('center_axis',(0.,1.,0.));
#1049=DIRECTION('ref_axis',(1.,0.,0.));
#1050=DIRECTION('',(1.,0.,0.));
#1051=DIRECTION('',(0.,0.,1.));
#1052=DIRECTION('',(-1.,0.,0.));
#1053=DIRECTION('center_axis',(1.,0.,0.));
#1054=DIRECTION('ref_axis',(0.,-0.707106781186546,0.707106781186549));
#1055=DIRECTION('',(-1.,0.,0.));
#1056=DIRECTION('center_axis',(-0.447213595499958,-0.894427190999916,-4.13755692207878E-17));
#1057=DIRECTION('ref_axis',(0.894427190999916,-0.447213595499958,0.));
#1058=DIRECTION('center_axis',(0.,-1.,0.));
#1059=DIRECTION('ref_axis',(-0.707106781186552,0.,0.707106781186543));
#1060=DIRECTION('',(0.,-1.,0.));
#1061=DIRECTION('center_axis',(-0.894427190999916,-0.447213595499958,0.));
#1062=DIRECTION('ref_axis',(-0.447213595499958,0.894427190999916,0.));
#1063=DIRECTION('',(0.,1.,0.));
#1064=DIRECTION('center_axis',(0.,0.,1.));
#1065=DIRECTION('ref_axis',(0.,-1.,0.));
#1066=DIRECTION('center_axis',(-0.894427190999917,-0.447213595499956,0.));
#1067=DIRECTION('ref_axis',(-0.447213595499956,0.894427190999917,0.));
#1068=DIRECTION('center_axis',(0.447213595499958,0.894427190999916,0.));
#1069=DIRECTION('ref_axis',(-0.894427190999916,0.447213595499958,0.));
#1070=DIRECTION('center_axis',(0.,0.,-1.));
#1071=DIRECTION('ref_axis',(0.707106781186547,-0.707106781186547,0.));
#1072=DIRECTION('center_axis',(0.,0.,1.));
#1073=DIRECTION('ref_axis',(0.,-1.,0.));
#1074=DIRECTION('',(0.,0.,-1.));
#1075=DIRECTION('',(0.,0.,1.));
#1076=DIRECTION('center_axis',(0.447213595499958,0.894427190999916,0.));
#1077=DIRECTION('ref_axis',(-0.894427190999916,0.447213595499958,0.));
#1078=DIRECTION('center_axis',(0.,-1.,0.));
#1079=DIRECTION('ref_axis',(-1.,0.,0.));
#1080=DIRECTION('',(1.,0.,0.));
#1081=DIRECTION('',(0.,0.,-1.));
#1082=DIRECTION('',(-1.,0.,0.));
#1083=DIRECTION('center_axis',(-1.,0.,0.));
#1084=DIRECTION('ref_axis',(0.,0.707106781186554,-0.707106781186541));
#1085=DIRECTION('',(-1.,0.,0.));
#1086=DIRECTION('center_axis',(-0.447213595499959,0.894427190999915,2.64803643013043E-15));
#1087=DIRECTION('ref_axis',(0.894427190999915,0.447213595499959,0.));
#1088=DIRECTION('center_axis',(0.,-1.,0.));
#1089=DIRECTION('ref_axis',(-0.707106781186554,0.,-0.707106781186541));
#1090=DIRECTION('',(0.,-1.,0.));
#1091=DIRECTION('',(0.,1.,0.));
#1092=DIRECTION('center_axis',(0.,0.,-1.));
#1093=DIRECTION('ref_axis',(-1.,4.44089209850062E-15,0.));
#1094=DIRECTION('center_axis',(0.894427190999916,0.447213595499959,6.62009107532605E-15));
#1095=DIRECTION('ref_axis',(0.447213595499958,-0.894427190999916,0.));
#1096=DIRECTION('center_axis',(0.,0.,-1.));
#1097=DIRECTION('ref_axis',(-0.707106781186548,0.707106781186548,0.));
#1098=DIRECTION('',(0.,0.,-1.));
#1099=DIRECTION('center_axis',(0.,0.,-1.));
#1100=DIRECTION('ref_axis',(-1.,0.,0.));
#1101=DIRECTION('center_axis',(0.894427190999915,0.44721359549996,0.));
#1102=DIRECTION('ref_axis',(0.44721359549996,-0.894427190999915,0.));
#1103=DIRECTION('center_axis',(-0.447213595499958,-0.894427190999916,4.13755692207879E-17));
#1104=DIRECTION('ref_axis',(0.894427190999916,-0.447213595499958,0.));
#1105=DIRECTION('center_axis',(0.,1.,0.));
#1106=DIRECTION('ref_axis',(0.70710678118655,0.,-0.707106781186545));
#1107=DIRECTION('',(0.,-1.,0.));
#1108=DIRECTION('center_axis',(0.894427190999915,-0.44721359549996,0.));
#1109=DIRECTION('ref_axis',(0.44721359549996,0.894427190999915,0.));
#1110=DIRECTION('',(0.,1.,0.));
#1111=DIRECTION('center_axis',(-1.,0.,0.));
#1112=DIRECTION('ref_axis',(0.,1.,0.));
#1113=DIRECTION('',(0.,1.,0.));
#1114=DIRECTION('',(0.,0.,1.));
#1115=DIRECTION('center_axis',(0.,1.,0.));
#1116=DIRECTION('ref_axis',(0.707106781186548,0.,0.707106781186548));
#1117=DIRECTION('',(0.,-1.,0.));
#1118=DIRECTION('center_axis',(0.894427190999916,-0.447213595499958,0.));
#1119=DIRECTION('ref_axis',(0.447213595499958,0.894427190999916,0.));
#1120=DIRECTION('center_axis',(0.,0.,-1.));
#1121=DIRECTION('ref_axis',(-1.77635683940025E-14,-1.,0.));
#1122=DIRECTION('center_axis',(-0.44721359549996,0.894427190999915,0.));
#1123=DIRECTION('ref_axis',(0.894427190999915,0.44721359549996,0.));
#1124=DIRECTION('center_axis',(0.,0.,-1.));
#1125=DIRECTION('ref_axis',(-0.707106781186543,-0.707106781186552,0.));
#1126=DIRECTION('center_axis',(0.,0.,-1.));
#1127=DIRECTION('ref_axis',(-5.92118946466749E-15,-1.,0.));
#1128=DIRECTION('center_axis',(-1.,0.,0.));
#1129=DIRECTION('ref_axis',(0.,0.707106781186552,0.707106781186543));
#1130=DIRECTION('',(1.,0.,0.));
#1131=DIRECTION('center_axis',(1.,0.,0.));
#1132=DIRECTION('ref_axis',(0.,-1.,0.));
#1133=DIRECTION('center_axis',(0.,0.,1.));
#1134=DIRECTION('ref_axis',(1.,0.,0.));
#1135=DIRECTION('',(1.,0.,0.));
#1136=DIRECTION('',(0.,1.,0.));
#1137=DIRECTION('',(-1.,0.,0.));
#1138=DIRECTION('',(0.,-1.,0.));
#1139=DIRECTION('',(-1.,0.,0.));
#1140=DIRECTION('center_axis',(1.,0.,0.));
#1141=DIRECTION('ref_axis',(0.,-0.70710678118655,-0.707106781186545));
#1142=DIRECTION('',(1.,0.,0.));
#1143=DIRECTION('center_axis',(0.,0.,1.));
#1144=DIRECTION('ref_axis',(1.,0.,0.));
#1145=DIRECTION('',(1.,0.,0.));
#1146=DIRECTION('',(0.,-1.,0.));
#1147=DIRECTION('',(-1.,0.,0.));
#1148=DIRECTION('',(0.,1.,0.));
#1149=DIRECTION('',(-1.,0.,0.));
#1150=DIRECTION('center_axis',(0.,-1.,0.));
#1151=DIRECTION('ref_axis',(-1.,0.,0.));
#1152=DIRECTION('',(1.,0.,0.));
#1153=DIRECTION('center_axis',(1.,0.,0.));
#1154=DIRECTION('ref_axis',(0.,-0.707106781186546,0.707106781186549));
#1155=DIRECTION('center_axis',(-1.,0.,0.));
#1156=DIRECTION('ref_axis',(0.,0.707106781186554,-0.707106781186541));
#1157=DIRECTION('center_axis',(1.,0.,0.));
#1158=DIRECTION('ref_axis',(0.,1.,0.));
#1159=DIRECTION('',(0.,0.,1.));
#1160=DIRECTION('',(0.,0.,1.));
#1161=DIRECTION('center_axis',(0.,1.,0.));
#1162=DIRECTION('ref_axis',(-1.,0.,0.));
#1163=DIRECTION('',(0.,0.,1.));
#1164=DIRECTION('center_axis',(-1.,0.,0.));
#1165=DIRECTION('ref_axis',(0.,-1.,0.));
#1166=DIRECTION('',(0.,0.,1.));
#1167=DIRECTION('center_axis',(0.,-1.,0.));
#1168=DIRECTION('ref_axis',(1.,0.,0.));
#1169=CARTESIAN_POINT('',(0.,0.,0.));
#1170=CARTESIAN_POINT('Ctrl Pts',(349.448616734831,-103.06211031894,50.));
#1171=CARTESIAN_POINT('Ctrl Pts',(349.446068419587,-103.061179805776,50.));
#1172=CARTESIAN_POINT('Ctrl Pts',(349.443518026091,-103.060248010812,50.0000000926946));
#1173=CARTESIAN_POINT('Ctrl Pts',(348.708064925771,-102.791915024792,49.9986737092732));
#1174=CARTESIAN_POINT('Ctrl Pts',(347.698943412642,-102.421289363358,49.8596000873682));
#1175=CARTESIAN_POINT('Ctrl Pts',(346.769626510583,-102.114934384563,49.3849696263192));
#1176=CARTESIAN_POINT('Ctrl Pts',(346.545772531767,-102.062110318934,49.1306168387374));
#1177=CARTESIAN_POINT('Ctrl Pts',(346.490576843262,-102.06211031894,48.9999999999536));
#1178=CARTESIAN_POINT('Ctrl Pts',(349.448616734831,-103.06211031894,50.));
#1179=CARTESIAN_POINT('Ctrl Pts',(349.446310967095,-103.060899729522,50.0001623665731));
#1180=CARTESIAN_POINT('Ctrl Pts',(349.444003107922,-103.059730647741,49.9998395552485));
#1181=CARTESIAN_POINT('Ctrl Pts',(348.779099374935,-102.713334933471,50.0083341955205));
#1182=CARTESIAN_POINT('Ctrl Pts',(347.863987999444,-102.242372064016,49.7446401835196));
#1183=CARTESIAN_POINT('Ctrl Pts',(347.127789096449,-102.04462890426,49.193944403321));
#1184=CARTESIAN_POINT('Ctrl Pts',(346.974194328807,-102.052942997705,49.0069195803855));
#1185=CARTESIAN_POINT('Ctrl Pts',(346.933098576235,-102.062110318944,48.9252001748851));
#1186=CARTESIAN_POINT('Ctrl Pts',(349.448616734831,-103.06211031894,50.));
#1187=CARTESIAN_POINT('Ctrl Pts',(349.446756518661,-103.060448207073,50.0002841782691));
#1188=CARTESIAN_POINT('Ctrl Pts',(349.44483346767,-103.058784629342,49.9997193347504));
#1189=CARTESIAN_POINT('Ctrl Pts',(348.902974451978,-102.580051359324,50.0151421062596));
#1190=CARTESIAN_POINT('Ctrl Pts',(348.154154761239,-101.915844156343,49.6538809401322));
#1191=CARTESIAN_POINT('Ctrl Pts',(347.750497759756,-101.64572675078,48.99357460228));
#1192=CARTESIAN_POINT('Ctrl Pts',(347.716208029171,-101.670695218029,48.8423326156562));
#1193=CARTESIAN_POINT('Ctrl Pts',(347.698869034169,-101.685109887028,48.7957613427647));
#1194=CARTESIAN_POINT('Ctrl Pts',(349.448616734831,-103.06211031894,50.));
#1195=CARTESIAN_POINT('Ctrl Pts',(349.447156024159,-103.05997619981,50.0001189419312));
#1196=CARTESIAN_POINT('Ctrl Pts',(349.44570807317,-103.057860053291,49.9998826136609));
#1197=CARTESIAN_POINT('Ctrl Pts',(349.024838808208,-102.44456693774,50.0054462979076));
#1198=CARTESIAN_POINT('Ctrl Pts',(348.45045450392,-101.596795599876,49.7494848564009));
#1199=CARTESIAN_POINT('Ctrl Pts',(348.058697367398,-100.979504321109,49.1250998435354));
#1200=CARTESIAN_POINT('Ctrl Pts',(347.990303260707,-100.894366547136,48.8696382111194));
#1201=CARTESIAN_POINT('Ctrl Pts',(347.969596789049,-100.898709531826,48.7499999999572));
#1202=CARTESIAN_POINT('Ctrl Pts',(349.448616734831,-103.06211031894,50.));
#1203=CARTESIAN_POINT('Ctrl Pts',(349.447342577213,-103.059784036033,50.));
#1204=CARTESIAN_POINT('Ctrl Pts',(349.446067380461,-103.057454548621,50.0000001158683));
#1205=CARTESIAN_POINT('Ctrl Pts',(349.078340830296,-102.386622083565,49.9983421365915));
#1206=CARTESIAN_POINT('Ctrl Pts',(348.573780073736,-101.460057929985,49.8245001092095));
#1207=CARTESIAN_POINT('Ctrl Pts',(348.109121622706,-100.694170482996,49.2312120328985));
#1208=CARTESIAN_POINT('Ctrl Pts',(347.997194633299,-100.562110318925,48.9132710484202));
#1209=CARTESIAN_POINT('Ctrl Pts',(347.969596789047,-100.56211031894,48.749999999942));
#1210=CARTESIAN_POINT('',(347.969596789047,-100.56211031894,48.749999999942));
#1211=CARTESIAN_POINT('',(346.490576843262,-102.06211031894,48.9999999999768));
#1212=CARTESIAN_POINT('Origin',(346.490576843262,-100.56211031894,48.999999999884));
#1213=CARTESIAN_POINT('',(349.448616734831,-103.06211031894,50.));
#1214=CARTESIAN_POINT('Ctrl Pts',(346.490576843262,-102.06211031894,48.9999999999536));
#1215=CARTESIAN_POINT('Ctrl Pts',(346.545772531767,-102.062110318934,49.1306168387374));
#1216=CARTESIAN_POINT('Ctrl Pts',(346.769626510583,-102.114934384563,49.3849696263192));
#1217=CARTESIAN_POINT('Ctrl Pts',(347.698943412642,-102.421289363358,49.8596000873682));
#1218=CARTESIAN_POINT('Ctrl Pts',(348.708064925771,-102.791915024792,49.9986737092732));
#1219=CARTESIAN_POINT('Ctrl Pts',(349.443518026091,-103.060248010812,50.0000000926946));
#1220=CARTESIAN_POINT('Ctrl Pts',(349.446068419587,-103.061179805776,50.));
#1221=CARTESIAN_POINT('Ctrl Pts',(349.448616734831,-103.06211031894,50.));
#1222=CARTESIAN_POINT('Ctrl Pts',(349.448616734831,-103.06211031894,50.));
#1223=CARTESIAN_POINT('Ctrl Pts',(349.447342577213,-103.059784036033,50.));
#1224=CARTESIAN_POINT('Ctrl Pts',(349.446067380461,-103.057454548621,50.0000001158683));
#1225=CARTESIAN_POINT('Ctrl Pts',(349.078340830296,-102.386622083565,49.9983421365915));
#1226=CARTESIAN_POINT('Ctrl Pts',(348.573780073736,-101.460057929985,49.8245001092095));
#1227=CARTESIAN_POINT('Ctrl Pts',(348.109121622706,-100.694170482996,49.2312120328985));
#1228=CARTESIAN_POINT('Ctrl Pts',(347.997194633299,-100.562110318925,48.9132710484202));
#1229=CARTESIAN_POINT('Ctrl Pts',(347.969596789047,-100.56211031894,48.749999999942));
#1230=CARTESIAN_POINT('Origin',(349.448616734831,-100.56211031894,48.5));
#1231=CARTESIAN_POINT('',(347.948616734831,-100.56211031894,48.5));
#1232=CARTESIAN_POINT('',(346.448616734831,-102.06211031894,48.5));
#1233=CARTESIAN_POINT('Origin',(346.448616734831,-100.56211031894,48.5));
#1234=CARTESIAN_POINT('Origin',(349.448616734831,-102.06211031894,48.5));
#1235=CARTESIAN_POINT('Origin',(349.448616734831,-100.56211031894,48.5));
#1236=CARTESIAN_POINT('Origin',(346.448616734831,-100.56211031894,50.));
#1237=CARTESIAN_POINT('',(347.948616734831,-100.56211031894,36.5));
#1238=CARTESIAN_POINT('',(346.448616734831,-102.06211031894,36.5));
#1239=CARTESIAN_POINT('Origin',(346.448616734831,-100.56211031894,36.5));
#1240=CARTESIAN_POINT('',(346.448616734831,-102.06211031894,50.));
#1241=CARTESIAN_POINT('',(347.948616734831,-100.56211031894,50.));
#1242=CARTESIAN_POINT('Ctrl Pts',(346.448616734831,-102.06211031894,36.5));
#1243=CARTESIAN_POINT('Ctrl Pts',(346.448616734831,-102.06211031894,36.2756005247436));
#1244=CARTESIAN_POINT('Ctrl Pts',(346.602991158129,-102.139297530589,35.9394417168802));
#1245=CARTESIAN_POINT('Ctrl Pts',(347.203529730716,-102.439566816883,35.4612274029988));
#1246=CARTESIAN_POINT('Ctrl Pts',(348.102376662492,-102.88899028277,35.1024865879382));
#1247=CARTESIAN_POINT('Ctrl Pts',(348.999817784319,-103.337710843684,35.));
#1248=CARTESIAN_POINT('Ctrl Pts',(349.448616734831,-103.56211031894,35.));
#1249=CARTESIAN_POINT('Ctrl Pts',(346.897415685344,-102.06211031894,36.5));
#1250=CARTESIAN_POINT('Ctrl Pts',(346.897415685344,-102.06211031894,36.3437701146093));
#1251=CARTESIAN_POINT('Ctrl Pts',(346.994227155916,-102.08535637432,36.0951299958694));
#1252=CARTESIAN_POINT('Ctrl Pts',(347.458455532037,-102.304732486521,35.6022506918481));
#1253=CARTESIAN_POINT('Ctrl Pts',(348.229365514193,-102.758706392276,35.1448090266562));
#1254=CARTESIAN_POINT('Ctrl Pts',(349.04256054151,-103.294968086492,35.));
#1255=CARTESIAN_POINT('Ctrl Pts',(349.448616734831,-103.56211031894,35.));
#1256=CARTESIAN_POINT('Ctrl Pts',(347.674335845629,-101.685424810896,36.5));
#1257=CARTESIAN_POINT('Ctrl Pts',(347.674335845629,-101.685424810896,36.4023430905305));
#1258=CARTESIAN_POINT('Ctrl Pts',(347.674672976288,-101.695996867257,36.2268883538406));
#1259=CARTESIAN_POINT('Ctrl Pts',(347.907049649444,-101.95750964264,35.7140727808081));
#1260=CARTESIAN_POINT('Ctrl Pts',(348.453625764235,-102.535229093542,35.1755574893818));
#1261=CARTESIAN_POINT('Ctrl Pts',(349.117360366596,-103.220168261407,35.));
#1262=CARTESIAN_POINT('Ctrl Pts',(349.448616734831,-103.56211031894,35.));
#1263=CARTESIAN_POINT('Ctrl Pts',(347.948616734831,-100.898709531825,36.5));
#1264=CARTESIAN_POINT('Ctrl Pts',(347.948616734831,-100.898709531825,36.3260027240181));
#1265=CARTESIAN_POINT('Ctrl Pts',(347.985530952415,-101.010088840664,36.0548457070041));
#1266=CARTESIAN_POINT('Ctrl Pts',(348.226151597655,-101.509345026559,35.5664700318409));
#1267=CARTESIAN_POINT('Ctrl Pts',(348.67856964231,-102.311844426803,35.1343810115869));
#1268=CARTESIAN_POINT('Ctrl Pts',(349.192160191681,-103.145368436321,35.));
#1269=CARTESIAN_POINT('Ctrl Pts',(349.448616734831,-103.56211031894,35.));
#1270=CARTESIAN_POINT('Ctrl Pts',(347.948616734831,-100.56211031894,36.5));
#1271=CARTESIAN_POINT('Ctrl Pts',(347.948616734831,-100.56211031894,36.2756005247436));
#1272=CARTESIAN_POINT('Ctrl Pts',(348.02580394648,-100.716484742238,35.9394417168802));
#1273=CARTESIAN_POINT('Ctrl Pts',(348.326073232774,-101.317023314825,35.4612274029988));
#1274=CARTESIAN_POINT('Ctrl Pts',(348.775496698662,-102.2158702466,35.1024865879382));
#1275=CARTESIAN_POINT('Ctrl Pts',(349.224217259575,-103.113311368427,35.));
#1276=CARTESIAN_POINT('Ctrl Pts',(349.448616734831,-103.56211031894,35.));
#1277=CARTESIAN_POINT('',(349.448616734831,-103.56211031894,35.));
#1278=CARTESIAN_POINT('Origin',(349.448616734831,-103.56211031894,36.5));
#1279=CARTESIAN_POINT('Origin',(349.448616734831,-103.56211031894,36.5));
#1280=CARTESIAN_POINT('Origin',(347.948616734831,-2.06211031894018,50.));
#1281=CARTESIAN_POINT('',(347.948616734831,-3.56211031894018,48.5));
#1282=CARTESIAN_POINT('',(347.948616734831,-26.0310551594701,48.5));
#1283=CARTESIAN_POINT('',(347.948616734831,-3.56211031894017,36.5));
#1284=CARTESIAN_POINT('',(347.948616734831,-3.56211031894018,50.));
#1285=CARTESIAN_POINT('',(347.948616734831,-26.0310551594701,36.5));
#1286=CARTESIAN_POINT('Origin',(349.448616734831,-26.0310551594701,48.5));
#1287=CARTESIAN_POINT('',(349.448616734831,-0.562110318940179,50.));
#1288=CARTESIAN_POINT('',(349.448616734831,-26.0310551594701,50.));
#1289=CARTESIAN_POINT('Origin',(349.448616734831,-0.562110318940179,48.5));
#1290=CARTESIAN_POINT('Origin',(271.474308367416,-103.06211031894,49.));
#1291=CARTESIAN_POINT('',(249.406656626381,-102.06211031894,49.));
#1292=CARTESIAN_POINT('',(271.474308367416,-102.06211031894,49.));
#1293=CARTESIAN_POINT('',(246.448616734831,-103.06211031894,50.));
#1294=CARTESIAN_POINT('Ctrl Pts',(246.448616734831,-103.06211031894,50.));
#1295=CARTESIAN_POINT('Ctrl Pts',(246.451165048926,-103.061179806196,50.));
#1296=CARTESIAN_POINT('Ctrl Pts',(246.453713763156,-103.060249153897,49.9999985931455));
#1297=CARTESIAN_POINT('Ctrl Pts',(246.700794038653,-102.970027317741,49.9997618561497));
#1298=CARTESIAN_POINT('Ctrl Pts',(247.195833915919,-102.789272086622,49.9750911035484));
#1299=CARTESIAN_POINT('Ctrl Pts',(247.791952520214,-102.573731186488,49.8819085519719));
#1300=CARTESIAN_POINT('Ctrl Pts',(248.240791614796,-102.414528940883,49.7669167650257));
#1301=CARTESIAN_POINT('Ctrl Pts',(248.559965756152,-102.303707313667,49.6582030715878));
#1302=CARTESIAN_POINT('Ctrl Pts',(248.848052061733,-102.20719781091,49.5274233992254));
#1303=CARTESIAN_POINT('Ctrl Pts',(249.1835930928,-102.101856873076,49.3208508008341));
#1304=CARTESIAN_POINT('Ctrl Pts',(249.351460937831,-102.06211031894,49.1306168388587));
#1305=CARTESIAN_POINT('Ctrl Pts',(249.406656626381,-102.06211031894,49.));
#1306=CARTESIAN_POINT('',(271.474308367416,-103.06211031894,50.));
#1307=CARTESIAN_POINT('Ctrl Pts',(349.448616734831,-0.562110318940174,35.));
#1308=CARTESIAN_POINT('Ctrl Pts',(348.775418309062,-0.898709531824795,35.));
#1309=CARTESIAN_POINT('Ctrl Pts',(347.657632726101,-1.45760232330551,35.1968322863037));
#1310=CARTESIAN_POINT('Ctrl Pts',(346.653984177126,-1.9594265977931,35.8276672333241));
#1311=CARTESIAN_POINT('Ctrl Pts',(346.448616734831,-2.06211031894017,36.2756005247436));
#1312=CARTESIAN_POINT('Ctrl Pts',(346.448616734831,-2.06211031894017,36.5));
#1313=CARTESIAN_POINT('Ctrl Pts',(349.448616734831,-0.562110318940174,35.));
#1314=CARTESIAN_POINT('Ctrl Pts',(348.83953244485,-0.962823667612342,35.));
#1315=CARTESIAN_POINT('Ctrl Pts',(347.826688001899,-1.6275511479155,35.2867692686095));
#1316=CARTESIAN_POINT('Ctrl Pts',(347.023071448509,-2.03576827538647,36.013434067862));
#1317=CARTESIAN_POINT('Ctrl Pts',(346.897415685344,-2.06211031894017,36.3437701146093));
#1318=CARTESIAN_POINT('Ctrl Pts',(346.897415685344,-2.06211031894017,36.5));
#1319=CARTESIAN_POINT('Ctrl Pts',(349.448616734831,-0.562110318940174,35.));
#1320=CARTESIAN_POINT('Ctrl Pts',(348.951732182478,-1.07502340524055,35.));
#1321=CARTESIAN_POINT('Ctrl Pts',(348.127408092358,-1.92657383215874,35.3524209816243));
#1322=CARTESIAN_POINT('Ctrl Pts',(347.667209481201,-2.43194772060343,36.1688274981665));
#1323=CARTESIAN_POINT('Ctrl Pts',(347.674345601797,-2.43878411488801,36.4023430905305));
#1324=CARTESIAN_POINT('Ctrl Pts',(347.674345601797,-2.43878411488801,36.5));
#1325=CARTESIAN_POINT('Ctrl Pts',(349.448616734831,-0.562110318940174,35.));
#1326=CARTESIAN_POINT('Ctrl Pts',(349.063931920106,-1.18722314286876,35.));
#1327=CARTESIAN_POINT('Ctrl Pts',(348.427303607237,-2.22477259534006,35.2645222017231));
#1328=CARTESIAN_POINT('Ctrl Pts',(347.994564676335,-3.07943335160518,35.9655166509446));
#1329=CARTESIAN_POINT('Ctrl Pts',(347.948616734831,-3.22551110605555,36.3260027240181));
#1330=CARTESIAN_POINT('Ctrl Pts',(347.948616734831,-3.22551110605555,36.5));
#1331=CARTESIAN_POINT('Ctrl Pts',(349.448616734831,-0.562110318940174,35.));
#1332=CARTESIAN_POINT('Ctrl Pts',(349.112017521947,-1.23530874470942,35.));
#1333=CARTESIAN_POINT('Ctrl Pts',(348.553124730466,-2.35309432767085,35.1968322863037));
#1334=CARTESIAN_POINT('Ctrl Pts',(348.051300455978,-3.35674287664602,35.8276672333241));
#1335=CARTESIAN_POINT('Ctrl Pts',(347.948616734831,-3.56211031894017,36.2756005247436));
#1336=CARTESIAN_POINT('Ctrl Pts',(347.948616734831,-3.56211031894017,36.5));
#1337=CARTESIAN_POINT('',(346.448616734831,-2.06211031894018,36.5));
#1338=CARTESIAN_POINT('Origin',(346.448616734831,-3.56211031894017,36.5));
#1339=CARTESIAN_POINT('',(349.448616734831,-0.562110318940174,35.));
#1340=CARTESIAN_POINT('Origin',(349.448616734831,-0.562110318940174,36.5));
#1341=CARTESIAN_POINT('Origin',(349.448616734831,-0.562110318940174,36.5));
#1342=CARTESIAN_POINT('Origin',(346.448616734831,-3.56211031894018,50.));
#1343=CARTESIAN_POINT('',(346.448616734831,-2.06211031894018,48.5));
#1344=CARTESIAN_POINT('Origin',(346.448616734831,-3.56211031894018,48.5));
#1345=CARTESIAN_POINT('',(346.448616734831,-2.06211031894018,50.));
#1346=CARTESIAN_POINT('Ctrl Pts',(346.448616734831,-2.06211031894018,48.5));
#1347=CARTESIAN_POINT('Ctrl Pts',(346.448616734831,-2.06211031894018,48.7243994752564));
#1348=CARTESIAN_POINT('Ctrl Pts',(346.653985202784,-1.95942608496375,49.172331914204));
#1349=CARTESIAN_POINT('Ctrl Pts',(347.65763416891,-1.45760160190083,49.8031660266956));
#1350=CARTESIAN_POINT('Ctrl Pts',(348.775418309062,-0.898709531824801,50.));
#1351=CARTESIAN_POINT('Ctrl Pts',(349.448616734831,-0.562110318940179,50.));
#1352=CARTESIAN_POINT('Ctrl Pts',(346.897415685344,-2.06211031894018,48.5));
#1353=CARTESIAN_POINT('Ctrl Pts',(346.897415685344,-2.06211031894018,48.6562298853907));
#1354=CARTESIAN_POINT('Ctrl Pts',(347.023068909381,-2.03577357330228,48.9865640436302));
#1355=CARTESIAN_POINT('Ctrl Pts',(347.826684660226,-1.62755842107967,49.7132266742778));
#1356=CARTESIAN_POINT('Ctrl Pts',(348.83953244485,-0.962823667612346,50.));
#1357=CARTESIAN_POINT('Ctrl Pts',(349.448616734831,-0.562110318940179,50.));
#1358=CARTESIAN_POINT('Ctrl Pts',(347.674344109339,-2.43878590655598,48.5));
#1359=CARTESIAN_POINT('Ctrl Pts',(347.674344109339,-2.43878590655598,48.5976569094695));
#1360=CARTESIAN_POINT('Ctrl Pts',(347.667204566299,-2.43195228323732,48.8311774619382));
#1361=CARTESIAN_POINT('Ctrl Pts',(348.127403589168,-1.92657778005555,49.6475789546592));
#1362=CARTESIAN_POINT('Ctrl Pts',(348.951732182478,-1.07502340524055,50.));
#1363=CARTESIAN_POINT('Ctrl Pts',(349.448616734831,-0.56211031894018,50.));
#1364=CARTESIAN_POINT('Ctrl Pts',(347.948616734831,-3.22551110605556,48.5));
#1365=CARTESIAN_POINT('Ctrl Pts',(347.948616734831,-3.22551110605556,48.6739972759819));
#1366=CARTESIAN_POINT('Ctrl Pts',(347.994562590111,-3.07943334850857,49.034483655278));
#1367=CARTESIAN_POINT('Ctrl Pts',(348.427301382178,-2.22477188753827,49.7354755524374));
#1368=CARTESIAN_POINT('Ctrl Pts',(349.063931920106,-1.18722314286875,50.));
#1369=CARTESIAN_POINT('Ctrl Pts',(349.448616734831,-0.562110318940181,50.));
#1370=CARTESIAN_POINT('Ctrl Pts',(347.948616734831,-3.56211031894018,48.5));
#1371=CARTESIAN_POINT('Ctrl Pts',(347.948616734831,-3.56211031894018,48.7243994752564));
#1372=CARTESIAN_POINT('Ctrl Pts',(348.051300968808,-3.35674185098731,49.172331914204));
#1373=CARTESIAN_POINT('Ctrl Pts',(348.553125451871,-2.35309288486149,49.8031660266956));
#1374=CARTESIAN_POINT('Ctrl Pts',(349.112017521947,-1.23530874470941,50.));
#1375=CARTESIAN_POINT('Ctrl Pts',(349.448616734831,-0.562110318940181,50.));
#1376=CARTESIAN_POINT('Origin',(349.448616734831,-0.562110318940179,48.5));
#1377=CARTESIAN_POINT('Origin',(349.448616734831,-26.0310551594701,36.5));
#1378=CARTESIAN_POINT('',(349.448616734831,-26.0310551594701,35.));
#1379=CARTESIAN_POINT('Origin',(221.474308367416,-0.562110318940174,36.5));
#1380=CARTESIAN_POINT('',(249.448616734831,-2.06211031894018,36.5));
#1381=CARTESIAN_POINT('',(221.474308367416,-2.06211031894018,36.5));
#1382=CARTESIAN_POINT('',(246.448616734831,-0.562110318940174,35.));
#1383=CARTESIAN_POINT('Origin',(246.448616734831,-0.562110318940174,36.5));
#1384=CARTESIAN_POINT('',(221.474308367416,-0.562110318940174,35.));
#1385=CARTESIAN_POINT('Ctrl Pts',(246.448616734831,-103.56211031894,35.));
#1386=CARTESIAN_POINT('Ctrl Pts',(247.121815160601,-103.225511106056,35.));
#1387=CARTESIAN_POINT('Ctrl Pts',(248.239600743562,-102.666618314575,35.1968322863037));
#1388=CARTESIAN_POINT('Ctrl Pts',(249.243249292537,-102.164794040087,35.8276672333241));
#1389=CARTESIAN_POINT('Ctrl Pts',(249.448616734831,-102.06211031894,36.2756005247436));
#1390=CARTESIAN_POINT('Ctrl Pts',(249.448616734831,-102.06211031894,36.5));
#1391=CARTESIAN_POINT('Ctrl Pts',(246.448616734831,-103.56211031894,35.));
#1392=CARTESIAN_POINT('Ctrl Pts',(247.057701024813,-103.161396970268,35.));
#1393=CARTESIAN_POINT('Ctrl Pts',(248.070545467764,-102.496669489965,35.2867692686095));
#1394=CARTESIAN_POINT('Ctrl Pts',(248.874162021154,-102.088452362494,36.013434067862));
#1395=CARTESIAN_POINT('Ctrl Pts',(248.999817784319,-102.06211031894,36.3437701146093));
#1396=CARTESIAN_POINT('Ctrl Pts',(248.999817784319,-102.06211031894,36.5));
#1397=CARTESIAN_POINT('Ctrl Pts',(246.448616734831,-103.56211031894,35.));
#1398=CARTESIAN_POINT('Ctrl Pts',(246.945501287185,-103.04919723264,35.));
#1399=CARTESIAN_POINT('Ctrl Pts',(247.769825377305,-102.197646805722,35.3524209816243));
#1400=CARTESIAN_POINT('Ctrl Pts',(248.230023988462,-101.692272917277,36.1688274981665));
#1401=CARTESIAN_POINT('Ctrl Pts',(248.222887867866,-101.685436522992,36.4023430905305));
#1402=CARTESIAN_POINT('Ctrl Pts',(248.222887867866,-101.685436522992,36.5));
#1403=CARTESIAN_POINT('Ctrl Pts',(246.448616734831,-103.56211031894,35.));
#1404=CARTESIAN_POINT('Ctrl Pts',(246.833301549557,-102.936997495012,35.));
#1405=CARTESIAN_POINT('Ctrl Pts',(247.469929862426,-101.89944804254,35.2645222017231));
#1406=CARTESIAN_POINT('Ctrl Pts',(247.902668793328,-101.044787286275,35.9655166509446));
#1407=CARTESIAN_POINT('Ctrl Pts',(247.948616734831,-100.898709531825,36.3260027240181));
#1408=CARTESIAN_POINT('Ctrl Pts',(247.948616734831,-100.898709531825,36.5));
#1409=CARTESIAN_POINT('Ctrl Pts',(246.448616734831,-103.56211031894,35.));
#1410=CARTESIAN_POINT('Ctrl Pts',(246.785215947716,-102.888911893171,35.));
#1411=CARTESIAN_POINT('Ctrl Pts',(247.344108739197,-101.771126310209,35.1968322863037));
#1412=CARTESIAN_POINT('Ctrl Pts',(247.845933013684,-100.767477761234,35.8276672333241));
#1413=CARTESIAN_POINT('Ctrl Pts',(247.948616734831,-100.56211031894,36.2756005247436));
#1414=CARTESIAN_POINT('Ctrl Pts',(247.948616734831,-100.56211031894,36.5));
#1415=CARTESIAN_POINT('',(247.948616734831,-100.56211031894,36.5));
#1416=CARTESIAN_POINT('',(249.448616734831,-102.06211031894,36.5));
#1417=CARTESIAN_POINT('Origin',(249.448616734831,-100.56211031894,36.5));
#1418=CARTESIAN_POINT('',(246.448616734831,-103.56211031894,35.));
#1419=CARTESIAN_POINT('Origin',(246.448616734831,-103.56211031894,36.5));
#1420=CARTESIAN_POINT('Origin',(246.448616734831,-103.56211031894,36.5));
#1421=CARTESIAN_POINT('Origin',(249.448616734831,-100.56211031894,50.));
#1422=CARTESIAN_POINT('',(247.948616734831,-100.56211031894,48.5));
#1423=CARTESIAN_POINT('',(249.448616734831,-102.06211031894,48.5));
#1424=CARTESIAN_POINT('Origin',(249.448616734831,-100.56211031894,48.5));
#1425=CARTESIAN_POINT('',(249.448616734831,-102.06211031894,50.));
#1426=CARTESIAN_POINT('',(247.948616734831,-100.56211031894,50.));
#1427=CARTESIAN_POINT('Origin',(246.448616734831,-100.56211031894,48.5));
#1428=CARTESIAN_POINT('',(247.927636680606,-100.56211031894,48.75));
#1429=CARTESIAN_POINT('Origin',(249.406656626381,-100.56211031894,49.));
#1430=CARTESIAN_POINT('Origin',(246.448616734831,-102.06211031894,48.5));
#1431=CARTESIAN_POINT('Origin',(246.448616734831,-100.56211031894,48.5));
#1432=CARTESIAN_POINT('Ctrl Pts',(249.406656626381,-102.06211031894,49.));
#1433=CARTESIAN_POINT('Ctrl Pts',(249.351460937831,-102.06211031894,49.1306168388587));
#1434=CARTESIAN_POINT('Ctrl Pts',(249.1835930928,-102.101856873076,49.3208508008341));
#1435=CARTESIAN_POINT('Ctrl Pts',(248.848052061733,-102.20719781091,49.5274233992254));
#1436=CARTESIAN_POINT('Ctrl Pts',(248.559965756152,-102.303707313667,49.6582030715878));
#1437=CARTESIAN_POINT('Ctrl Pts',(248.240791614796,-102.414528940883,49.7669167650257));
#1438=CARTESIAN_POINT('Ctrl Pts',(247.791952520214,-102.573731186488,49.8819085519719));
#1439=CARTESIAN_POINT('Ctrl Pts',(247.195833915919,-102.789272086622,49.9750911035484));
#1440=CARTESIAN_POINT('Ctrl Pts',(246.700794038653,-102.970027317741,49.9997618561497));
#1441=CARTESIAN_POINT('Ctrl Pts',(246.453713763156,-103.060249153897,49.9999985931455));
#1442=CARTESIAN_POINT('Ctrl Pts',(246.451165048926,-103.061179806196,50.));
#1443=CARTESIAN_POINT('Ctrl Pts',(246.448616734831,-103.06211031894,50.));
#1444=CARTESIAN_POINT('Ctrl Pts',(248.964134893414,-102.06211031894,48.9252001749145));
#1445=CARTESIAN_POINT('Ctrl Pts',(248.923502820254,-102.052036340697,49.0071709808413));
#1446=CARTESIAN_POINT('Ctrl Pts',(248.807687393657,-102.046991268367,49.1462677237074));
#1447=CARTESIAN_POINT('Ctrl Pts',(248.549282711951,-102.101661688071,49.3588122523981));
#1448=CARTESIAN_POINT('Ctrl Pts',(248.315476481441,-102.175186322933,49.513243459821));
#1449=CARTESIAN_POINT('Ctrl Pts',(248.046143891689,-102.279222624726,49.6562603734939));
#1450=CARTESIAN_POINT('Ctrl Pts',(247.656694514174,-102.449832368818,49.8184779705359));
#1451=CARTESIAN_POINT('Ctrl Pts',(247.125280729937,-102.709829270791,49.9608016570134));
#1452=CARTESIAN_POINT('Ctrl Pts',(246.676845913328,-102.94355307878,49.9996402613585));
#1453=CARTESIAN_POINT('Ctrl Pts',(246.45322785138,-103.059718543291,49.9999976903268));
#1454=CARTESIAN_POINT('Ctrl Pts',(246.450922352345,-103.060913945412,50.));
#1455=CARTESIAN_POINT('Ctrl Pts',(246.448616734831,-103.06211031894,50.));
#1456=CARTESIAN_POINT('Ctrl Pts',(248.19807313182,-101.685434736895,48.7957121034754));
#1457=CARTESIAN_POINT('Ctrl Pts',(248.181663505427,-101.669895162673,48.8450843238318));
#1458=CARTESIAN_POINT('Ctrl Pts',(248.15374222608,-101.653805313521,48.957259965977));
#1459=CARTESIAN_POINT('Ctrl Pts',(248.026106966813,-101.726380509814,49.1935070361948));
#1460=CARTESIAN_POINT('Ctrl Pts',(247.885833147842,-101.828003082001,49.3782892936156));
#1461=CARTESIAN_POINT('Ctrl Pts',(247.702995981022,-101.973854073837,49.5570244630433));
#1462=CARTESIAN_POINT('Ctrl Pts',(247.417708714641,-102.212511928692,49.7639996111617));
#1463=CARTESIAN_POINT('Ctrl Pts',(247.000010263877,-102.575163588971,49.9488201320952));
#1464=CARTESIAN_POINT('Ctrl Pts',(246.634743024944,-102.897697185774,49.999516578871));
#1465=CARTESIAN_POINT('Ctrl Pts',(246.452378855016,-103.058786668941,49.9999970937394));
#1466=CARTESIAN_POINT('Ctrl Pts',(246.450497633328,-103.060448689041,50.));
#1467=CARTESIAN_POINT('Ctrl Pts',(246.448616734831,-103.06211031894,50.));
#1468=CARTESIAN_POINT('Ctrl Pts',(247.927636680606,-100.898709531825,48.75));
#1469=CARTESIAN_POINT('Ctrl Pts',(247.907348719903,-100.894094524498,48.8705215158553));
#1470=CARTESIAN_POINT('Ctrl Pts',(247.855324219575,-100.958931040407,49.0613766519807));
#1471=CARTESIAN_POINT('Ctrl Pts',(247.721586893869,-101.165320896041,49.3130354827342));
#1472=CARTESIAN_POINT('Ctrl Pts',(247.592803222206,-101.364802192931,49.4866613146923));
#1473=CARTESIAN_POINT('Ctrl Pts',(247.437286425802,-101.602556779977,49.6414818519204));
#1474=CARTESIAN_POINT('Ctrl Pts',(247.204661221104,-101.95274629998,49.8130809351689));
#1475=CARTESIAN_POINT('Ctrl Pts',(246.875955921707,-102.438702379038,49.9599084118137));
#1476=CARTESIAN_POINT('Ctrl Pts',(246.592760540392,-102.851656435011,49.9996255377407));
#1477=CARTESIAN_POINT('Ctrl Pts',(246.45152902449,-103.05785607847,49.9999976828246));
#1478=CARTESIAN_POINT('Ctrl Pts',(246.450072914311,-103.05998343267,50.));
#1479=CARTESIAN_POINT('Ctrl Pts',(246.448616734831,-103.06211031894,50.));
#1480=CARTESIAN_POINT('Ctrl Pts',(247.927636680606,-100.56211031894,48.75));
#1481=CARTESIAN_POINT('Ctrl Pts',(247.900038836331,-100.56211031894,48.9132710485742));
#1482=CARTESIAN_POINT('Ctrl Pts',(247.816104913816,-100.66147670428,49.1510635010429));
#1483=CARTESIAN_POINT('Ctrl Pts',(247.648334398283,-100.924829048865,49.4092792490321));
#1484=CARTESIAN_POINT('Ctrl Pts',(247.504291245493,-101.166102805757,49.5727538394851));
#1485=CARTESIAN_POINT('Ctrl Pts',(247.344704174815,-101.443156873796,49.7086459562825));
#1486=CARTESIAN_POINT('Ctrl Pts',(247.120284627524,-101.841162487809,49.8523856899652));
#1487=CARTESIAN_POINT('Ctrl Pts',(246.822225325376,-102.380014738145,49.9688638794357));
#1488=CARTESIAN_POINT('Ctrl Pts',(246.574705386746,-102.831902815939,49.9997023201876));
#1489=CARTESIAN_POINT('Ctrl Pts',(246.451165248993,-103.057457406331,49.9999982414318));
#1490=CARTESIAN_POINT('Ctrl Pts',(246.449890891875,-103.059784037082,50.));
#1491=CARTESIAN_POINT('Ctrl Pts',(246.448616734831,-103.06211031894,50.));
#1492=CARTESIAN_POINT('Ctrl Pts',(247.927636680606,-100.56211031894,48.75));
#1493=CARTESIAN_POINT('Ctrl Pts',(247.900038836331,-100.56211031894,48.9132710485742));
#1494=CARTESIAN_POINT('Ctrl Pts',(247.816104913816,-100.66147670428,49.1510635010429));
#1495=CARTESIAN_POINT('Ctrl Pts',(247.648334398283,-100.924829048865,49.4092792490321));
#1496=CARTESIAN_POINT('Ctrl Pts',(247.504291245493,-101.166102805757,49.5727538394851));
#1497=CARTESIAN_POINT('Ctrl Pts',(247.344704174815,-101.443156873796,49.7086459562825));
#1498=CARTESIAN_POINT('Ctrl Pts',(247.120284627524,-101.841162487809,49.8523856899652));
#1499=CARTESIAN_POINT('Ctrl Pts',(246.822225325376,-102.380014738145,49.9688638794357));
#1500=CARTESIAN_POINT('Ctrl Pts',(246.574705386746,-102.831902815939,49.9997023201876));
#1501=CARTESIAN_POINT('Ctrl Pts',(246.451165248993,-103.057457406331,49.9999982414318));
#1502=CARTESIAN_POINT('Ctrl Pts',(246.449890891875,-103.059784037082,50.));
#1503=CARTESIAN_POINT('Ctrl Pts',(246.448616734831,-103.06211031894,50.));
#1504=CARTESIAN_POINT('Origin',(246.448616734831,-76.0310551594701,48.5));
#1505=CARTESIAN_POINT('',(247.948616734831,-3.56211031894018,48.5));
#1506=CARTESIAN_POINT('',(247.948616734831,-76.0310551594701,48.5));
#1507=CARTESIAN_POINT('',(246.448616734831,-0.562110318940174,50.));
#1508=CARTESIAN_POINT('Origin',(246.448616734831,-0.562110318940183,48.5));
#1509=CARTESIAN_POINT('',(246.448616734831,-76.0310551594701,50.));
#1510=CARTESIAN_POINT('Origin',(247.948616734831,-102.06211031894,50.));
#1511=CARTESIAN_POINT('',(247.948616734831,-3.56211031894023,36.5));
#1512=CARTESIAN_POINT('',(247.948616734831,-76.0310551594701,36.5));
#1513=CARTESIAN_POINT('',(247.948616734831,-3.56211031894018,50.));
#1514=CARTESIAN_POINT('Origin',(246.448616734831,-76.0310551594701,36.5));
#1515=CARTESIAN_POINT('',(246.448616734831,-76.0310551594701,35.));
#1516=CARTESIAN_POINT('Origin',(246.448616734831,-0.562110318940174,36.5));
#1517=CARTESIAN_POINT('Ctrl Pts',(246.448616734831,-0.562110318940174,35.));
#1518=CARTESIAN_POINT('Ctrl Pts',(246.785215947716,-1.23530874470941,35.));
#1519=CARTESIAN_POINT('Ctrl Pts',(247.344116479429,-2.35310980813494,35.1968141402297));
#1520=CARTESIAN_POINT('Ctrl Pts',(247.845938522217,-3.35675389371216,35.8276581199679));
#1521=CARTESIAN_POINT('Ctrl Pts',(247.948616734831,-3.56211031894017,36.2756005247436));
#1522=CARTESIAN_POINT('Ctrl Pts',(247.948616734831,-3.56211031894017,36.5));
#1523=CARTESIAN_POINT('Ctrl Pts',(246.448616734831,-0.562110318940174,35.));
#1524=CARTESIAN_POINT('Ctrl Pts',(246.849330083504,-1.17119460892187,35.));
#1525=CARTESIAN_POINT('Ctrl Pts',(247.513979543967,-2.1840032192623,35.2867256073865));
#1526=CARTESIAN_POINT('Ctrl Pts',(247.922217767976,-2.98762831084557,36.0134139072359));
#1527=CARTESIAN_POINT('Ctrl Pts',(247.948616734831,-3.11331136842734,36.3437701146093));
#1528=CARTESIAN_POINT('Ctrl Pts',(247.948616734831,-3.11331136842734,36.5));
#1529=CARTESIAN_POINT('Ctrl Pts',(246.448616734831,-0.562110318940174,35.));
#1530=CARTESIAN_POINT('Ctrl Pts',(246.961529821132,-1.05899487129366,35.));
#1531=CARTESIAN_POINT('Ctrl Pts',(247.813038162076,-1.88327090612934,35.3524197720514));
#1532=CARTESIAN_POINT('Ctrl Pts',(248.318404928363,-2.34346458392719,36.1688815942473));
#1533=CARTESIAN_POINT('Ctrl Pts',(248.325270996493,-2.33636517992731,36.4023430905305));
#1534=CARTESIAN_POINT('Ctrl Pts',(248.325270996493,-2.33636517992731,36.5));
#1535=CARTESIAN_POINT('Ctrl Pts',(246.448616734831,-0.562110318940174,35.));
#1536=CARTESIAN_POINT('Ctrl Pts',(247.07372955876,-0.946795133665451,35.));
#1537=CARTESIAN_POINT('Ctrl Pts',(248.11128667125,-1.58339963933112,35.2644978551056));
#1538=CARTESIAN_POINT('Ctrl Pts',(248.965939738128,-2.01613990517509,35.9655201785294));
#1539=CARTESIAN_POINT('Ctrl Pts',(249.112017521947,-2.06211031894015,36.3260027240181));
#1540=CARTESIAN_POINT('Ctrl Pts',(249.112017521947,-2.06211031894015,36.5));
#1541=CARTESIAN_POINT('Ctrl Pts',(246.448616734831,-0.562110318940174,35.));
#1542=CARTESIAN_POINT('Ctrl Pts',(247.121815160601,-0.89870953182479,35.));
#1543=CARTESIAN_POINT('Ctrl Pts',(248.239616224026,-1.45761006353754,35.1968141402297));
#1544=CARTESIAN_POINT('Ctrl Pts',(249.243260309603,-1.95943210632615,35.8276581199679));
#1545=CARTESIAN_POINT('Ctrl Pts',(249.448616734831,-2.06211031894015,36.2756005247436));
#1546=CARTESIAN_POINT('Ctrl Pts',(249.448616734831,-2.06211031894015,36.5));
#1547=CARTESIAN_POINT('Origin',(249.448616734831,-3.56211031894017,36.5));
#1548=CARTESIAN_POINT('Origin',(249.448616734831,-3.56211031894018,50.));
#1549=CARTESIAN_POINT('',(249.448616734831,-2.06211031894018,48.5));
#1550=CARTESIAN_POINT('Origin',(249.448616734831,-3.56211031894018,48.5));
#1551=CARTESIAN_POINT('',(249.448616734831,-2.06211031894018,50.));
#1552=CARTESIAN_POINT('Ctrl Pts',(247.948616734831,-3.56211031894018,48.5));
#1553=CARTESIAN_POINT('Ctrl Pts',(247.948616734831,-3.56211031894018,48.7243994752564));
#1554=CARTESIAN_POINT('Ctrl Pts',(247.871437277527,-3.4077514043311,49.0605644664514));
#1555=CARTESIAN_POINT('Ctrl Pts',(247.571166003868,-2.80720885701415,49.5387778925039));
#1556=CARTESIAN_POINT('Ctrl Pts',(247.121742719891,-1.90836228905899,49.8975213381479));
#1557=CARTESIAN_POINT('Ctrl Pts',(246.673016210088,-1.01090926945301,50.));
#1558=CARTESIAN_POINT('Ctrl Pts',(246.448616734831,-0.562110318940183,50.));
#1559=CARTESIAN_POINT('Ctrl Pts',(247.948616734831,-3.11331136842735,48.5));
#1560=CARTESIAN_POINT('Ctrl Pts',(247.948616734831,-3.11331136842735,48.6562298853907));
#1561=CARTESIAN_POINT('Ctrl Pts',(247.925282846757,-3.01646382633342,48.9048743085495));
#1562=CARTESIAN_POINT('Ctrl Pts',(247.705917636571,-2.5522402549879,49.3977529230465));
#1563=CARTESIAN_POINT('Ctrl Pts',(247.251923901412,-1.78132151961662,49.8551926387781));
#1564=CARTESIAN_POINT('Ctrl Pts',(246.715758967279,-0.968166512261314,50.));
#1565=CARTESIAN_POINT('Ctrl Pts',(246.448616734831,-0.562110318940183,50.));
#1566=CARTESIAN_POINT('Ctrl Pts',(248.325274061381,-2.33636773297709,48.5));
#1567=CARTESIAN_POINT('Ctrl Pts',(248.325274061381,-2.33636773297709,48.5976569094695));
#1568=CARTESIAN_POINT('Ctrl Pts',(248.314682603069,-2.33599944155773,48.7729670298055));
#1569=CARTESIAN_POINT('Ctrl Pts',(248.053186941216,-2.10364070205058,49.2858319588995));
#1570=CARTESIAN_POINT('Ctrl Pts',(247.475472112522,-1.55706581293821,49.8243533200177));
#1571=CARTESIAN_POINT('Ctrl Pts',(246.790558792365,-0.893366687175842,50.));
#1572=CARTESIAN_POINT('Ctrl Pts',(246.448616734831,-0.562110318940182,50.));
#1573=CARTESIAN_POINT('Ctrl Pts',(249.112017521947,-2.06211031894016,48.5));
#1574=CARTESIAN_POINT('Ctrl Pts',(249.112017521947,-2.06211031894016,48.6739972759819));
#1575=CARTESIAN_POINT('Ctrl Pts',(249.000646202658,-2.02516535104634,48.9451180683464));
#1576=CARTESIAN_POINT('Ctrl Pts',(248.50139138473,-1.78455111380866,49.4335072936271));
#1577=CARTESIAN_POINT('Ctrl Pts',(247.69889311086,-1.33212641558419,49.8656008461315));
#1578=CARTESIAN_POINT('Ctrl Pts',(246.86535861745,-0.818566862090372,50.));
#1579=CARTESIAN_POINT('Ctrl Pts',(246.448616734831,-0.562110318940182,50.));
#1580=CARTESIAN_POINT('Ctrl Pts',(249.448616734831,-2.06211031894016,48.5));
#1581=CARTESIAN_POINT('Ctrl Pts',(249.448616734831,-2.06211031894016,48.7243994752564));
#1582=CARTESIAN_POINT('Ctrl Pts',(249.294257820222,-1.98493086163563,49.0605644664514));
#1583=CARTESIAN_POINT('Ctrl Pts',(248.693715272905,-1.68465958797715,49.5387778925039));
#1584=CARTESIAN_POINT('Ctrl Pts',(247.79486870495,-1.23523630399958,49.8975213381479));
#1585=CARTESIAN_POINT('Ctrl Pts',(246.897415685344,-0.786509794196599,50.));
#1586=CARTESIAN_POINT('Ctrl Pts',(246.448616734831,-0.562110318940181,50.));
#1587=CARTESIAN_POINT('Origin',(246.448616734831,-0.562110318940179,48.5));
#1588=CARTESIAN_POINT('Origin',(247.948616734831,-2.06211031894018,50.));
#1589=CARTESIAN_POINT('',(221.474308367416,-2.06211031894018,48.5));
#1590=CARTESIAN_POINT('Ctrl Pts',(149.448616734831,-0.562110318940183,50.));
#1591=CARTESIAN_POINT('Ctrl Pts',(149.112017521947,-1.23530874470942,50.));
#1592=CARTESIAN_POINT('Ctrl Pts',(148.55310473172,-2.35313432516284,49.803214778357));
#1593=CARTESIAN_POINT('Ctrl Pts',(148.051286198942,-3.35677139071839,49.1723561823874));
#1594=CARTESIAN_POINT('Ctrl Pts',(147.948616734831,-3.56211031894017,48.7243994752564));
#1595=CARTESIAN_POINT('Ctrl Pts',(147.948616734831,-3.56211031894017,48.5));
#1596=CARTESIAN_POINT('Ctrl Pts',(149.448616734831,-0.562110318940183,50.));
#1597=CARTESIAN_POINT('Ctrl Pts',(149.047903386159,-1.17119460892188,50.));
#1598=CARTESIAN_POINT('Ctrl Pts',(148.383377422619,-2.18394655462025,49.7133440572013));
#1599=CARTESIAN_POINT('Ctrl Pts',(147.975106168737,-2.98758488180308,48.9866176197222));
#1600=CARTESIAN_POINT('Ctrl Pts',(147.948616734831,-3.11331136842734,48.6562298853907));
#1601=CARTESIAN_POINT('Ctrl Pts',(147.948616734831,-3.11331136842734,48.5));
#1602=CARTESIAN_POINT('Ctrl Pts',(149.448616734831,-0.562110318940182,50.));
#1603=CARTESIAN_POINT('Ctrl Pts',(148.935703648531,-1.05899487129367,50.));
#1604=CARTESIAN_POINT('Ctrl Pts',(148.08426088624,-1.88319582886561,49.647584237706));
#1605=CARTESIAN_POINT('Ctrl Pts',(147.578907477942,-2.34337965675684,48.8310292663196));
#1606=CARTESIAN_POINT('Ctrl Pts',(147.571994622773,-2.33633839932972,48.5976569094695));
#1607=CARTESIAN_POINT('Ctrl Pts',(147.571994622773,-2.33633839932972,48.5));
#1608=CARTESIAN_POINT('Ctrl Pts',(149.448616734831,-0.562110318940181,50.));
#1609=CARTESIAN_POINT('Ctrl Pts',(148.823503910903,-0.946795133665465,50.));
#1610=CARTESIAN_POINT('Ctrl Pts',(147.785934407477,-1.58336219666652,49.7355416908441));
#1611=CARTESIAN_POINT('Ctrl Pts',(146.931294025096,-2.01610396623498,49.0344732795288));
#1612=CARTESIAN_POINT('Ctrl Pts',(146.785215947716,-2.06211031894017,48.6739972759819));
#1613=CARTESIAN_POINT('Ctrl Pts',(146.785215947716,-2.06211031894017,48.5));
#1614=CARTESIAN_POINT('Ctrl Pts',(149.448616734831,-0.562110318940181,50.));
#1615=CARTESIAN_POINT('Ctrl Pts',(148.775418309062,-0.898709531824806,50.));
#1616=CARTESIAN_POINT('Ctrl Pts',(147.657592728609,-1.4576223220515,49.803214778357));
#1617=CARTESIAN_POINT('Ctrl Pts',(146.653955663053,-1.95944085482928,49.1723561823874));
#1618=CARTESIAN_POINT('Ctrl Pts',(146.448616734831,-2.06211031894017,48.7243994752564));
#1619=CARTESIAN_POINT('Ctrl Pts',(146.448616734831,-2.06211031894017,48.5));
#1620=CARTESIAN_POINT('',(146.448616734831,-2.06211031894018,48.5));
#1621=CARTESIAN_POINT('',(147.948616734831,-3.56211031894017,48.5));
#1622=CARTESIAN_POINT('Origin',(146.448616734831,-3.56211031894017,48.5));
#1623=CARTESIAN_POINT('',(149.448616734831,-0.562110318940179,50.));
#1624=CARTESIAN_POINT('Origin',(149.448616734831,-0.562110318940179,48.5));
#1625=CARTESIAN_POINT('Origin',(149.448616734831,-0.562110318940179,48.5));
#1626=CARTESIAN_POINT('Origin',(146.448616734831,-3.56211031894018,50.));
#1627=CARTESIAN_POINT('',(146.448616734831,-2.06211031894018,36.5));
#1628=CARTESIAN_POINT('',(146.448616734831,-2.06211031894018,50.));
#1629=CARTESIAN_POINT('',(147.948616734831,-3.56211031894018,36.5));
#1630=CARTESIAN_POINT('Origin',(146.448616734831,-3.56211031894018,36.5));
#1631=CARTESIAN_POINT('',(147.948616734831,-3.56211031894018,50.));
#1632=CARTESIAN_POINT('Ctrl Pts',(149.448616734831,-0.562110318940174,35.));
#1633=CARTESIAN_POINT('Ctrl Pts',(148.775418309062,-0.898709531824795,35.));
#1634=CARTESIAN_POINT('Ctrl Pts',(147.657587563053,-1.45762490482957,35.1967790988951));
#1635=CARTESIAN_POINT('Ctrl Pts',(146.65395196847,-1.95944270212071,35.8276408258924));
#1636=CARTESIAN_POINT('Ctrl Pts',(146.448616734831,-2.06211031894017,36.2756005247436));
#1637=CARTESIAN_POINT('Ctrl Pts',(146.448616734831,-2.06211031894017,36.5));
#1638=CARTESIAN_POINT('Ctrl Pts',(149.448616734831,-0.562110318940174,35.));
#1639=CARTESIAN_POINT('Ctrl Pts',(148.83953244485,-0.962823667612343,35.));
#1640=CARTESIAN_POINT('Ctrl Pts',(147.826792423904,-1.627323622236,35.2866411793847));
#1641=CARTESIAN_POINT('Ctrl Pts',(147.023151355584,-2.03560177203959,36.0133758044354));
#1642=CARTESIAN_POINT('Ctrl Pts',(146.897415685344,-2.06211031894017,36.3437701146093));
#1643=CARTESIAN_POINT('Ctrl Pts',(146.897415685344,-2.06211031894017,36.5));
#1644=CARTESIAN_POINT('Ctrl Pts',(149.448616734831,-0.562110318940175,35.));
#1645=CARTESIAN_POINT('Ctrl Pts',(148.951732182478,-1.07502340524055,35.));
#1646=CARTESIAN_POINT('Ctrl Pts',(148.127546872677,-1.92645252845956,35.3524145671662));
#1647=CARTESIAN_POINT('Ctrl Pts',(147.667365457672,-2.43180277780132,36.1689900895055));
#1648=CARTESIAN_POINT('Ctrl Pts',(147.674394462138,-2.43872545896858,36.4023430905305));
#1649=CARTESIAN_POINT('Ctrl Pts',(147.674394462138,-2.43872545896858,36.5));
#1650=CARTESIAN_POINT('Ctrl Pts',(149.448616734831,-0.562110318940174,35.));
#1651=CARTESIAN_POINT('Ctrl Pts',(149.063931920106,-1.18722314286876,35.));
#1652=CARTESIAN_POINT('Ctrl Pts',(148.427372702622,-2.22479529996873,35.2644498135198));
#1653=CARTESIAN_POINT('Ctrl Pts',(147.994630717393,-3.07943292588524,35.9655282570919));
#1654=CARTESIAN_POINT('Ctrl Pts',(147.948616734831,-3.22551110605555,36.3260027240181));
#1655=CARTESIAN_POINT('Ctrl Pts',(147.948616734831,-3.22551110605555,36.5));
#1656=CARTESIAN_POINT('Ctrl Pts',(149.448616734831,-0.562110318940174,35.));
#1657=CARTESIAN_POINT('Ctrl Pts',(149.112017521947,-1.23530874470942,35.));
#1658=CARTESIAN_POINT('Ctrl Pts',(148.553102148942,-2.35313949071895,35.1967790988951));
#1659=CARTESIAN_POINT('Ctrl Pts',(148.051284351651,-3.35677508530124,35.8276408258924));
#1660=CARTESIAN_POINT('Ctrl Pts',(147.948616734831,-3.56211031894017,36.2756005247436));
#1661=CARTESIAN_POINT('Ctrl Pts',(147.948616734831,-3.56211031894017,36.5));
#1662=CARTESIAN_POINT('',(149.448616734831,-0.562110318940174,35.));
#1663=CARTESIAN_POINT('Origin',(149.448616734831,-0.562110318940174,36.5));
#1664=CARTESIAN_POINT('Origin',(149.448616734831,-0.562110318940174,36.5));
#1665=CARTESIAN_POINT('Origin',(47.9486167348314,-2.06211031894018,50.));
#1666=CARTESIAN_POINT('',(49.4486167348314,-2.06211031894018,48.5));
#1667=CARTESIAN_POINT('',(121.474308367416,-2.06211031894018,48.5));
#1668=CARTESIAN_POINT('',(49.4486167348314,-2.06211031894018,36.5));
#1669=CARTESIAN_POINT('',(49.4486167348314,-2.06211031894018,50.));
#1670=CARTESIAN_POINT('',(121.474308367416,-2.06211031894018,36.5));
#1671=CARTESIAN_POINT('Origin',(121.474308367416,-0.562110318940179,48.5));
#1672=CARTESIAN_POINT('',(46.4486167348314,-0.562110318940174,50.));
#1673=CARTESIAN_POINT('',(121.474308367416,-0.562110318940179,50.));
#1674=CARTESIAN_POINT('Origin',(46.4486167348314,-0.562110318940179,48.5));
#1675=CARTESIAN_POINT('Origin',(149.448616734831,-26.0310551594701,48.5));
#1676=CARTESIAN_POINT('',(147.948616734831,-100.56211031894,48.5));
#1677=CARTESIAN_POINT('',(147.948616734831,-26.0310551594701,48.5));
#1678=CARTESIAN_POINT('',(149.448616734831,-103.56211031894,50.));
#1679=CARTESIAN_POINT('Origin',(149.448616734831,-103.56211031894,48.5));
#1680=CARTESIAN_POINT('',(149.448616734831,-26.0310551594701,50.));
#1681=CARTESIAN_POINT('Ctrl Pts',(149.448616734831,-103.56211031894,35.));
#1682=CARTESIAN_POINT('Ctrl Pts',(149.112017521947,-102.888911893171,35.));
#1683=CARTESIAN_POINT('Ctrl Pts',(148.553116990234,-101.771110829745,35.1968141402297));
#1684=CARTESIAN_POINT('Ctrl Pts',(148.051294947445,-100.767466744168,35.8276581199679));
#1685=CARTESIAN_POINT('Ctrl Pts',(147.948616734831,-100.56211031894,36.2756005247436));
#1686=CARTESIAN_POINT('Ctrl Pts',(147.948616734831,-100.56211031894,36.5));
#1687=CARTESIAN_POINT('Ctrl Pts',(149.448616734831,-103.56211031894,35.));
#1688=CARTESIAN_POINT('Ctrl Pts',(149.047903386159,-102.953026028958,35.));
#1689=CARTESIAN_POINT('Ctrl Pts',(148.383253925695,-101.940217418618,35.2867256073865));
#1690=CARTESIAN_POINT('Ctrl Pts',(147.975015701686,-101.136592327035,36.0134139072359));
#1691=CARTESIAN_POINT('Ctrl Pts',(147.948616734831,-101.010909269453,36.3437701146093));
#1692=CARTESIAN_POINT('Ctrl Pts',(147.948616734831,-101.010909269453,36.5));
#1693=CARTESIAN_POINT('Ctrl Pts',(149.448616734831,-103.56211031894,35.));
#1694=CARTESIAN_POINT('Ctrl Pts',(148.935703648531,-103.065225766587,35.));
#1695=CARTESIAN_POINT('Ctrl Pts',(148.084195307587,-102.240949731751,35.3524197720514));
#1696=CARTESIAN_POINT('Ctrl Pts',(147.578828541299,-101.780756053953,36.1688815942473));
#1697=CARTESIAN_POINT('Ctrl Pts',(147.57196247317,-101.787855457953,36.4023430905305));
#1698=CARTESIAN_POINT('Ctrl Pts',(147.57196247317,-101.787855457953,36.5));
#1699=CARTESIAN_POINT('Ctrl Pts',(149.448616734831,-103.56211031894,35.));
#1700=CARTESIAN_POINT('Ctrl Pts',(148.823503910903,-103.177425504215,35.));
#1701=CARTESIAN_POINT('Ctrl Pts',(147.785946798413,-102.540820998549,35.2644978551057));
#1702=CARTESIAN_POINT('Ctrl Pts',(146.931293731535,-102.108080732705,35.9655201785294));
#1703=CARTESIAN_POINT('Ctrl Pts',(146.785215947716,-102.06211031894,36.3260027240181));
#1704=CARTESIAN_POINT('Ctrl Pts',(146.785215947716,-102.06211031894,36.5));
#1705=CARTESIAN_POINT('Ctrl Pts',(149.448616734831,-103.56211031894,35.));
#1706=CARTESIAN_POINT('Ctrl Pts',(148.775418309062,-103.225511106056,35.));
#1707=CARTESIAN_POINT('Ctrl Pts',(147.657617245637,-102.666610574343,35.1968141402297));
#1708=CARTESIAN_POINT('Ctrl Pts',(146.653973160059,-102.164788531554,35.8276581199679));
#1709=CARTESIAN_POINT('Ctrl Pts',(146.448616734831,-102.06211031894,36.2756005247436));
#1710=CARTESIAN_POINT('Ctrl Pts',(146.448616734831,-102.06211031894,36.5));
#1711=CARTESIAN_POINT('',(146.448616734831,-102.06211031894,36.5));
#1712=CARTESIAN_POINT('',(147.948616734831,-100.56211031894,36.5));
#1713=CARTESIAN_POINT('Origin',(146.448616734831,-100.56211031894,36.5));
#1714=CARTESIAN_POINT('',(149.448616734831,-103.56211031894,35.));
#1715=CARTESIAN_POINT('Origin',(149.448616734831,-103.56211031894,36.5));
#1716=CARTESIAN_POINT('Origin',(149.448616734831,-103.56211031894,36.5));
#1717=CARTESIAN_POINT('Origin',(146.448616734831,-100.56211031894,50.));
#1718=CARTESIAN_POINT('',(146.448616734831,-102.06211031894,48.5));
#1719=CARTESIAN_POINT('Origin',(146.448616734831,-100.56211031894,48.5));
#1720=CARTESIAN_POINT('',(147.948616734831,-100.56211031894,50.));
#1721=CARTESIAN_POINT('',(146.448616734831,-102.06211031894,50.));
#1722=CARTESIAN_POINT('Ctrl Pts',(147.948616734831,-100.56211031894,48.5));
#1723=CARTESIAN_POINT('Ctrl Pts',(147.948616734831,-100.56211031894,48.6121997376282));
#1724=CARTESIAN_POINT('Ctrl Pts',(147.986203828873,-100.637284507024,48.9488593282931));
#1725=CARTESIAN_POINT('Ctrl Pts',(148.235690133224,-101.136257115726,49.4671739347765));
#1726=CARTESIAN_POINT('Ctrl Pts',(148.775588718462,-102.216054286202,49.8975077841744));
#1727=CARTESIAN_POINT('Ctrl Pts',(149.224217259575,-103.113311368427,50.));
#1728=CARTESIAN_POINT('Ctrl Pts',(149.448616734831,-103.56211031894,50.));
#1729=CARTESIAN_POINT('Ctrl Pts',(147.948616734831,-101.010909269453,48.5));
#1730=CARTESIAN_POINT('Ctrl Pts',(147.948616734831,-101.010909269453,48.5781149426954));
#1731=CARTESIAN_POINT('Ctrl Pts',(147.960629735887,-101.057989250721,48.808835698593));
#1732=CARTESIAN_POINT('Ctrl Pts',(148.100214509668,-101.416716707425,49.3010165399242));
#1733=CARTESIAN_POINT('Ctrl Pts',(148.645773281393,-102.343484918442,49.8567437380575));
#1734=CARTESIAN_POINT('Ctrl Pts',(149.181474502383,-103.156054125619,50.));
#1735=CARTESIAN_POINT('Ctrl Pts',(149.448616734831,-103.56211031894,50.));
#1736=CARTESIAN_POINT('Ctrl Pts',(147.571958750991,-101.787852357381,48.5));
#1737=CARTESIAN_POINT('Ctrl Pts',(147.571958750991,-101.787852357381,48.5488284547348));
#1738=CARTESIAN_POINT('Ctrl Pts',(147.576873866088,-101.787966699223,48.6881832641803));
#1739=CARTESIAN_POINT('Ctrl Pts',(147.72696616829,-101.909856726003,49.1677673080923));
#1740=CARTESIAN_POINT('Ctrl Pts',(148.423006530347,-102.56838487234,49.8274109453686));
#1741=CARTESIAN_POINT('Ctrl Pts',(149.106674677298,-103.230853950705,50.));
#1742=CARTESIAN_POINT('Ctrl Pts',(149.448616734831,-103.56211031894,50.));
#1743=CARTESIAN_POINT('Ctrl Pts',(146.785215947716,-102.06211031894,48.5));
#1744=CARTESIAN_POINT('Ctrl Pts',(146.785215947716,-102.06211031894,48.5869986379909));
#1745=CARTESIAN_POINT('Ctrl Pts',(146.839370171046,-102.080566062779,48.8452717878787));
#1746=CARTESIAN_POINT('Ctrl Pts',(147.234163401389,-102.248701866913,49.3432983432228));
#1747=CARTESIAN_POINT('Ctrl Pts',(148.198857392251,-102.792497794218,49.8667490750091));
#1748=CARTESIAN_POINT('Ctrl Pts',(149.031874852212,-103.30565377579,50.));
#1749=CARTESIAN_POINT('Ctrl Pts',(149.448616734831,-103.56211031894,50.));
#1750=CARTESIAN_POINT('Ctrl Pts',(146.448616734831,-102.06211031894,48.5));
#1751=CARTESIAN_POINT('Ctrl Pts',(146.448616734831,-102.06211031894,48.6121997376282));
#1752=CARTESIAN_POINT('Ctrl Pts',(146.523790922915,-102.099697412982,48.9488593282931));
#1753=CARTESIAN_POINT('Ctrl Pts',(147.022763531617,-102.349183717333,49.4671739347765));
#1754=CARTESIAN_POINT('Ctrl Pts',(148.102560702093,-102.889082302571,49.8975077841744));
#1755=CARTESIAN_POINT('Ctrl Pts',(148.999817784319,-103.337710843684,50.));
#1756=CARTESIAN_POINT('Ctrl Pts',(149.448616734831,-103.56211031894,50.));
#1757=CARTESIAN_POINT('Origin',(149.448616734831,-103.56211031894,48.5));
#1758=CARTESIAN_POINT('Origin',(147.948616734831,-102.06211031894,50.));
#1759=CARTESIAN_POINT('',(49.4486167348314,-102.06211031894,36.5));
#1760=CARTESIAN_POINT('',(171.474308367416,-102.06211031894,36.5));
#1761=CARTESIAN_POINT('',(49.4486167348313,-102.06211031894,48.5));
#1762=CARTESIAN_POINT('',(49.4486167348314,-102.06211031894,50.));
#1763=CARTESIAN_POINT('',(171.474308367416,-102.06211031894,48.5));
#1764=CARTESIAN_POINT('Origin',(171.474308367416,-103.56211031894,36.5));
#1765=CARTESIAN_POINT('',(46.4486167348314,-103.56211031894,35.));
#1766=CARTESIAN_POINT('',(171.474308367416,-103.56211031894,35.));
#1767=CARTESIAN_POINT('Origin',(46.4486167348314,-103.56211031894,36.5));
#1768=CARTESIAN_POINT('Origin',(149.448616734831,-26.0310551594701,36.5));
#1769=CARTESIAN_POINT('',(149.448616734831,-26.0310551594701,35.));
#1770=CARTESIAN_POINT('',(147.948616734831,-26.0310551594701,36.5));
#1771=CARTESIAN_POINT('Ctrl Pts',(46.4486167348314,-0.562110318940176,50.));
#1772=CARTESIAN_POINT('Ctrl Pts',(47.1218151606006,-0.898709531824798,50.));
#1773=CARTESIAN_POINT('Ctrl Pts',(48.2397094794061,-1.45765669122757,49.8032972189505));
#1774=CARTESIAN_POINT('Ctrl Pts',(49.243327232533,-1.95946556779097,49.172395291818));
#1775=CARTESIAN_POINT('Ctrl Pts',(49.4486167348314,-2.06211031894018,48.7243994752564));
#1776=CARTESIAN_POINT('Ctrl Pts',(49.4486167348314,-2.06211031894018,48.5));
#1777=CARTESIAN_POINT('Ctrl Pts',(46.4486167348314,-0.562110318940176,50.));
#1778=CARTESIAN_POINT('Ctrl Pts',(47.0577010248131,-0.962823667612344,50.));
#1779=CARTESIAN_POINT('Ctrl Pts',(48.0702947423574,-1.62700388402491,49.7135432848476));
#1780=CARTESIAN_POINT('Ctrl Pts',(48.8739680087336,-2.03536485628472,48.9867029679233));
#1781=CARTESIAN_POINT('Ctrl Pts',(48.9998177843185,-2.06211031894018,48.6562298853907));
#1782=CARTESIAN_POINT('Ctrl Pts',(48.9998177843185,-2.06211031894018,48.5));
#1783=CARTESIAN_POINT('Ctrl Pts',(46.4486167348314,-0.562110318940176,50.));
#1784=CARTESIAN_POINT('Ctrl Pts',(46.9455012871849,-1.07502340524055,50.));
#1785=CARTESIAN_POINT('Ctrl Pts',(47.7694995205728,-1.92629041249704,49.6476117122919));
#1786=CARTESIAN_POINT('Ctrl Pts',(48.2296403107807,-2.43159062687196,48.8307530562133));
#1787=CARTESIAN_POINT('Ctrl Pts',(48.2227623380209,-2.43863341867229,48.5976569094695));
#1788=CARTESIAN_POINT('Ctrl Pts',(48.2227623380209,-2.43863341867229,48.5));
#1789=CARTESIAN_POINT('Ctrl Pts',(46.4486167348314,-0.562110318940176,50.));
#1790=CARTESIAN_POINT('Ctrl Pts',(46.8333015495567,-1.18722314286875,50.));
#1791=CARTESIAN_POINT('Ctrl Pts',(47.4697656154407,-2.22482935021008,49.7356600367435));
#1792=CARTESIAN_POINT('Ctrl Pts',(47.9025069812019,-3.07943033606154,49.0344477096522));
#1793=CARTESIAN_POINT('Ctrl Pts',(47.9486167348314,-3.22551110605556,48.6739972759819));
#1794=CARTESIAN_POINT('Ctrl Pts',(47.9486167348314,-3.22551110605556,48.5));
#1795=CARTESIAN_POINT('Ctrl Pts',(46.4486167348314,-0.562110318940176,50.));
#1796=CARTESIAN_POINT('Ctrl Pts',(46.785215947716,-1.23530874470941,50.));
#1797=CARTESIAN_POINT('Ctrl Pts',(47.3441631071187,-2.35320306351496,49.8032972189505));
#1798=CARTESIAN_POINT('Ctrl Pts',(47.8459719836822,-3.35682081664176,49.172395291818));
#1799=CARTESIAN_POINT('Ctrl Pts',(47.9486167348314,-3.56211031894018,48.7243994752564));
#1800=CARTESIAN_POINT('Ctrl Pts',(47.9486167348314,-3.56211031894018,48.5));
#1801=CARTESIAN_POINT('',(47.9486167348314,-3.56211031894017,48.5));
#1802=CARTESIAN_POINT('Origin',(49.4486167348314,-3.56211031894018,48.5));
#1803=CARTESIAN_POINT('Origin',(46.4486167348314,-0.562110318940179,48.5));
#1804=CARTESIAN_POINT('Origin',(49.4486167348314,-3.56211031894018,50.));
#1805=CARTESIAN_POINT('',(47.9486167348314,-3.56211031894018,36.5));
#1806=CARTESIAN_POINT('',(47.9486167348314,-3.56211031894018,50.));
#1807=CARTESIAN_POINT('Origin',(49.4486167348314,-3.56211031894018,36.5));
#1808=CARTESIAN_POINT('Ctrl Pts',(46.4486167348314,-0.562110318940174,35.));
#1809=CARTESIAN_POINT('Ctrl Pts',(46.785215947716,-1.23530874470941,35.));
#1810=CARTESIAN_POINT('Ctrl Pts',(47.3441712931274,-2.35321943553223,35.1966828010559));
#1811=CARTESIAN_POINT('Ctrl Pts',(47.8459779165268,-3.35683268233096,35.8275956435644));
#1812=CARTESIAN_POINT('Ctrl Pts',(47.9486167348314,-3.56211031894016,36.2756005247436));
#1813=CARTESIAN_POINT('Ctrl Pts',(47.9486167348314,-3.56211031894016,36.5));
#1814=CARTESIAN_POINT('Ctrl Pts',(46.4486167348314,-0.562110318940174,35.));
#1815=CARTESIAN_POINT('Ctrl Pts',(46.8493300835035,-1.17119460892187,35.));
#1816=CARTESIAN_POINT('Ctrl Pts',(47.5134280770052,-2.18375080236399,35.2864082745993));
#1817=CARTESIAN_POINT('Ctrl Pts',(47.9218096879538,-2.98743184179256,36.0132774738441));
#1818=CARTESIAN_POINT('Ctrl Pts',(47.9486167348314,-3.11331136842734,36.3437701146093));
#1819=CARTESIAN_POINT('Ctrl Pts',(47.9486167348314,-3.11331136842734,36.5));
#1820=CARTESIAN_POINT('Ctrl Pts',(46.4486167348314,-0.562110318940174,35.));
#1821=CARTESIAN_POINT('Ctrl Pts',(46.9615298211317,-1.05899487129366,35.));
#1822=CARTESIAN_POINT('Ctrl Pts',(47.8127570118169,-1.88294677939791,35.3523775399764));
#1823=CARTESIAN_POINT('Ctrl Pts',(48.3180405711962,-2.34307341620512,36.1693193976427));
#1824=CARTESIAN_POINT('Ctrl Pts',(48.3251140837445,-2.33623447171507,36.4023430905305));
#1825=CARTESIAN_POINT('Ctrl Pts',(48.3251140837445,-2.33623447171507,36.5));
#1826=CARTESIAN_POINT('Ctrl Pts',(46.4486167348314,-0.562110318940174,35.));
#1827=CARTESIAN_POINT('Ctrl Pts',(47.0737295587599,-0.946795133665451,35.));
#1828=CARTESIAN_POINT('Ctrl Pts',(48.1113450048211,-1.58323516883668,35.2643098861148));
#1829=CARTESIAN_POINT('Ctrl Pts',(48.9659356377565,-2.01597526991987,35.9655602088125));
#1830=CARTESIAN_POINT('Ctrl Pts',(49.1120175219467,-2.06211031894017,36.3260027240181));
#1831=CARTESIAN_POINT('Ctrl Pts',(49.1120175219467,-2.06211031894017,36.5));
#1832=CARTESIAN_POINT('Ctrl Pts',(46.4486167348314,-0.562110318940174,35.));
#1833=CARTESIAN_POINT('Ctrl Pts',(47.1218151606006,-0.89870953182479,35.));
#1834=CARTESIAN_POINT('Ctrl Pts',(48.2397258514234,-1.4576648772362,35.1966828010559));
#1835=CARTESIAN_POINT('Ctrl Pts',(49.2433390982222,-1.95947150063557,35.8275956435644));
#1836=CARTESIAN_POINT('Ctrl Pts',(49.4486167348314,-2.06211031894017,36.2756005247436));
#1837=CARTESIAN_POINT('Ctrl Pts',(49.4486167348314,-2.06211031894017,36.5));
#1838=CARTESIAN_POINT('',(46.4486167348314,-0.562110318940174,35.));
#1839=CARTESIAN_POINT('Origin',(46.4486167348314,-0.562110318940174,36.5));
#1840=CARTESIAN_POINT('Origin',(46.4486167348314,-0.562110318940174,36.5));
#1841=CARTESIAN_POINT('Origin',(46.4486167348314,-76.0310551594701,36.5));
#1842=CARTESIAN_POINT('',(47.9486167348314,-100.56211031894,36.5));
#1843=CARTESIAN_POINT('',(47.9486167348314,-76.0310551594701,36.5));
#1844=CARTESIAN_POINT('Origin',(46.4486167348314,-103.56211031894,36.5));
#1845=CARTESIAN_POINT('',(46.4486167348314,-76.0310551594701,35.));
#1846=CARTESIAN_POINT('Origin',(47.9486167348314,-102.06211031894,50.));
#1847=CARTESIAN_POINT('',(47.9486167348314,-100.56211031894,48.5));
#1848=CARTESIAN_POINT('',(47.9486167348314,-76.0310551594701,48.5));
#1849=CARTESIAN_POINT('',(47.9486167348314,-100.56211031894,50.));
#1850=CARTESIAN_POINT('Origin',(46.4486167348314,-76.0310551594701,48.5));
#1851=CARTESIAN_POINT('',(46.4486167348314,-103.56211031894,50.));
#1852=CARTESIAN_POINT('',(46.4486167348314,-76.0310551594701,50.));
#1853=CARTESIAN_POINT('Origin',(46.4486167348314,-103.56211031894,48.5));
#1854=CARTESIAN_POINT('Ctrl Pts',(46.4486167348314,-103.56211031894,50.));
#1855=CARTESIAN_POINT('Ctrl Pts',(46.785215947716,-102.888911893171,50.));
#1856=CARTESIAN_POINT('Ctrl Pts',(47.3441287379427,-101.771086312718,49.803214778357));
#1857=CARTESIAN_POINT('Ctrl Pts',(47.8459472707205,-100.767449247162,49.1723561823874));
#1858=CARTESIAN_POINT('Ctrl Pts',(47.9486167348314,-100.56211031894,48.7243994752564));
#1859=CARTESIAN_POINT('Ctrl Pts',(47.9486167348314,-100.56211031894,48.5));
#1860=CARTESIAN_POINT('Ctrl Pts',(46.4486167348314,-103.56211031894,50.));
#1861=CARTESIAN_POINT('Ctrl Pts',(46.8493300835035,-102.953026028958,50.));
#1862=CARTESIAN_POINT('Ctrl Pts',(47.5138560470432,-101.94027408326,49.7133440572013));
#1863=CARTESIAN_POINT('Ctrl Pts',(47.9221273009253,-101.136635756077,48.9866176197222));
#1864=CARTESIAN_POINT('Ctrl Pts',(47.9486167348314,-101.010909269453,48.6562298853907));
#1865=CARTESIAN_POINT('Ctrl Pts',(47.9486167348314,-101.010909269453,48.5));
#1866=CARTESIAN_POINT('Ctrl Pts',(46.4486167348314,-103.56211031894,50.));
#1867=CARTESIAN_POINT('Ctrl Pts',(46.9615298211317,-103.065225766587,50.));
#1868=CARTESIAN_POINT('Ctrl Pts',(47.8129725834227,-102.241024809015,49.647584237706));
#1869=CARTESIAN_POINT('Ctrl Pts',(48.318325991721,-101.780840981124,48.8310292663196));
#1870=CARTESIAN_POINT('Ctrl Pts',(48.3252388468895,-101.787882238551,48.5976569094695));
#1871=CARTESIAN_POINT('Ctrl Pts',(48.3252388468895,-101.787882238551,48.5));
#1872=CARTESIAN_POINT('Ctrl Pts',(46.4486167348314,-103.56211031894,50.));
#1873=CARTESIAN_POINT('Ctrl Pts',(47.07372955876,-103.177425504215,50.));
#1874=CARTESIAN_POINT('Ctrl Pts',(48.111299062186,-102.540858441214,49.7355416908441));
#1875=CARTESIAN_POINT('Ctrl Pts',(48.9659394445667,-102.108116671645,49.0344732795288));
#1876=CARTESIAN_POINT('Ctrl Pts',(49.1120175219467,-102.06211031894,48.6739972759819));
#1877=CARTESIAN_POINT('Ctrl Pts',(49.1120175219467,-102.06211031894,48.5));
#1878=CARTESIAN_POINT('Ctrl Pts',(46.4486167348314,-103.56211031894,50.));
#1879=CARTESIAN_POINT('Ctrl Pts',(47.1218151606006,-103.225511106056,50.));
#1880=CARTESIAN_POINT('Ctrl Pts',(48.239640741054,-102.666598315829,49.803214778357));
#1881=CARTESIAN_POINT('Ctrl Pts',(49.2432778066096,-102.164779783051,49.1723561823874));
#1882=CARTESIAN_POINT('Ctrl Pts',(49.4486167348314,-102.06211031894,48.7243994752564));
#1883=CARTESIAN_POINT('Ctrl Pts',(49.4486167348314,-102.06211031894,48.5));
#1884=CARTESIAN_POINT('Origin',(49.4486167348314,-100.56211031894,48.5));
#1885=CARTESIAN_POINT('Origin',(46.4486167348314,-103.56211031894,48.5));
#1886=CARTESIAN_POINT('Origin',(49.4486167348314,-100.56211031894,50.));
#1887=CARTESIAN_POINT('Origin',(49.4486167348314,-100.56211031894,36.5));
#1888=CARTESIAN_POINT('Ctrl Pts',(47.9486167348314,-100.56211031894,36.5));
#1889=CARTESIAN_POINT('Ctrl Pts',(47.9486167348314,-100.56211031894,36.3878002623718));
#1890=CARTESIAN_POINT('Ctrl Pts',(47.9110291091318,-100.637285570339,36.051137970635));
#1891=CARTESIAN_POINT('Ctrl Pts',(47.6615427279144,-101.136258332774,35.5328219292903));
#1892=CARTESIAN_POINT('Ctrl Pts',(47.121644307126,-102.216055174351,35.1024846954619));
#1893=CARTESIAN_POINT('Ctrl Pts',(46.6730162100878,-103.113311368427,35.));
#1894=CARTESIAN_POINT('Ctrl Pts',(46.4486167348314,-103.56211031894,35.));
#1895=CARTESIAN_POINT('Ctrl Pts',(47.9486167348314,-101.010909269453,36.5));
#1896=CARTESIAN_POINT('Ctrl Pts',(47.9486167348314,-101.010909269453,36.4218850573046));
#1897=CARTESIAN_POINT('Ctrl Pts',(47.9365476824168,-101.058017046189,36.1910957358591));
#1898=CARTESIAN_POINT('Ctrl Pts',(47.7969219910173,-101.416762564479,35.6989049918837));
#1899=CARTESIAN_POINT('Ctrl Pts',(47.25135219282,-102.34353415138,35.1431960762138));
#1900=CARTESIAN_POINT('Ctrl Pts',(46.7157589672795,-103.156054125619,35.));
#1901=CARTESIAN_POINT('Ctrl Pts',(46.4486167348314,-103.56211031894,35.));
#1902=CARTESIAN_POINT('Ctrl Pts',(48.3252318748598,-101.787888046247,36.5));
#1903=CARTESIAN_POINT('Ctrl Pts',(48.3252318748598,-101.787888046247,36.4511715452652));
#1904=CARTESIAN_POINT('Ctrl Pts',(48.3203231330313,-101.788003092632,36.3118171351873));
#1905=CARTESIAN_POINT('Ctrl Pts',(48.1702500372499,-101.909880283875,35.8322213448607));
#1906=CARTESIAN_POINT('Ctrl Pts',(47.4742203289407,-102.568400898336,35.1725697750935));
#1907=CARTESIAN_POINT('Ctrl Pts',(46.7905587923649,-103.230853950705,35.));
#1908=CARTESIAN_POINT('Ctrl Pts',(46.4486167348314,-103.56211031894,35.));
#1909=CARTESIAN_POINT('Ctrl Pts',(49.1120175219467,-102.06211031894,36.5));
#1910=CARTESIAN_POINT('Ctrl Pts',(49.1120175219467,-102.06211031894,36.4130013620091));
#1911=CARTESIAN_POINT('Ctrl Pts',(49.0578661920627,-102.080582682849,36.1547150749032));
#1912=CARTESIAN_POINT('Ctrl Pts',(48.6630788497232,-102.248728377627,35.656681869197));
#1913=CARTESIAN_POINT('Ctrl Pts',(47.6983865373362,-102.792528016402,35.1332277205865));
#1914=CARTESIAN_POINT('Ctrl Pts',(46.8653586174504,-103.30565377579,35.));
#1915=CARTESIAN_POINT('Ctrl Pts',(46.4486167348314,-103.56211031894,35.));
#1916=CARTESIAN_POINT('Ctrl Pts',(49.4486167348314,-102.06211031894,36.5));
#1917=CARTESIAN_POINT('Ctrl Pts',(49.4486167348314,-102.06211031894,36.3878002623718));
#1918=CARTESIAN_POINT('Ctrl Pts',(49.3734414834322,-102.09969794464,36.051137970635));
#1919=CARTESIAN_POINT('Ctrl Pts',(48.8744687209974,-102.349184325857,35.5328219292903));
#1920=CARTESIAN_POINT('Ctrl Pts',(47.7946718794206,-102.889082746646,35.1024846954619));
#1921=CARTESIAN_POINT('Ctrl Pts',(46.8974156853442,-103.337710843684,35.));
#1922=CARTESIAN_POINT('Ctrl Pts',(46.4486167348314,-103.56211031894,35.));
#1923=CARTESIAN_POINT('Origin',(171.474308367416,-103.56211031894,48.5));
#1924=CARTESIAN_POINT('',(171.474308367416,-103.56211031894,50.));
#1925=CARTESIAN_POINT('Origin',(147.948616734831,-2.06211031894018,50.));
#1926=CARTESIAN_POINT('Origin',(195.,-50.,50.));
#1927=CARTESIAN_POINT('',(-75.,-125.,50.));
#1928=CARTESIAN_POINT('',(465.,-125.,50.));
#1929=CARTESIAN_POINT('',(465.,-125.,50.));
#1930=CARTESIAN_POINT('',(465.,25.,50.));
#1931=CARTESIAN_POINT('',(465.,25.,50.));
#1932=CARTESIAN_POINT('',(-75.,25.,50.));
#1933=CARTESIAN_POINT('',(-75.,25.,50.));
#1934=CARTESIAN_POINT('',(-75.,-125.,50.));
#1935=CARTESIAN_POINT('',(221.474308367416,-0.562110318940179,50.));
#1936=CARTESIAN_POINT('Origin',(121.474308367416,-0.562110318940174,36.5));
#1937=CARTESIAN_POINT('',(121.474308367416,-0.562110318940174,35.));
#1938=CARTESIAN_POINT('Origin',(195.,-50.,35.));
#1939=CARTESIAN_POINT('',(-75.,-125.,35.));
#1940=CARTESIAN_POINT('',(465.,-125.,35.));
#1941=CARTESIAN_POINT('',(60.,-125.,35.));
#1942=CARTESIAN_POINT('',(-75.,25.,35.));
#1943=CARTESIAN_POINT('',(-75.,-12.5,35.));
#1944=CARTESIAN_POINT('',(465.,25.,35.));
#1945=CARTESIAN_POINT('',(330.,25.,35.));
#1946=CARTESIAN_POINT('',(465.,-87.5,35.));
#1947=CARTESIAN_POINT('',(271.474308367416,-103.56211031894,35.));
#1948=CARTESIAN_POINT('Origin',(347.948616734831,-102.06211031894,50.));
#1949=CARTESIAN_POINT('',(271.474308367416,-102.06211031894,36.5));
#1950=CARTESIAN_POINT('Origin',(221.474308367416,-0.562110318940179,48.5));
#1951=CARTESIAN_POINT('Origin',(271.474308367416,-103.56211031894,36.5));
#1952=CARTESIAN_POINT('Origin',(465.,-125.,0.));
#1953=CARTESIAN_POINT('',(465.,25.,0.));
#1954=CARTESIAN_POINT('',(465.,-125.,0.));
#1955=CARTESIAN_POINT('Origin',(465.,25.,0.));
#1956=CARTESIAN_POINT('',(-75.,25.,0.));
#1957=CARTESIAN_POINT('Origin',(-75.,25.,0.));
#1958=CARTESIAN_POINT('',(-75.,-125.,0.));
#1959=CARTESIAN_POINT('Origin',(-75.,-125.,0.));
#1960=UNCERTAINTY_MEASURE_WITH_UNIT(LENGTH_MEASURE(0.01),#1964,
'DISTANCE_ACCURACY_VALUE',
'Maximum model space distance between geometric entities at asserted c
onnectivities');
#1961=UNCERTAINTY_MEASURE_WITH_UNIT(LENGTH_MEASURE(0.01),#1964,
'DISTANCE_ACCURACY_VALUE',
'Maximum model space distance between geometric entities at asserted c
onnectivities');
#1962=(
GEOMETRIC_REPRESENTATION_CONTEXT(3)
GLOBAL_UNCERTAINTY_ASSIGNED_CONTEXT((#1960))
GLOBAL_UNIT_ASSIGNED_CONTEXT((#1964,#1966,#1967))
REPRESENTATION_CONTEXT('','3D')
);
#1963=(
GEOMETRIC_REPRESENTATION_CONTEXT(3)
GLOBAL_UNCERTAINTY_ASSIGNED_CONTEXT((#1961))
GLOBAL_UNIT_ASSIGNED_CONTEXT((#1964,#1966,#1967))
REPRESENTATION_CONTEXT('','3D')
);
#1964=(
LENGTH_UNIT()
NAMED_UNIT(*)
SI_UNIT(.MILLI.,.METRE.)
);
#1965=(
LENGTH_UNIT()
NAMED_UNIT(*)
SI_UNIT($,.METRE.)
);
#1966=(
NAMED_UNIT(*)
PLANE_ANGLE_UNIT()
SI_UNIT($,.RADIAN.)
);
#1967=(
NAMED_UNIT(*)
SI_UNIT($,.STERADIAN.)
SOLID_ANGLE_UNIT()
);
#1968=SHAPE_DEFINITION_REPRESENTATION(#1969,#1970);
#1969=PRODUCT_DEFINITION_SHAPE('',$,#1972);
#1970=SHAPE_REPRESENTATION('',(#836),#1962);
#1971=PRODUCT_DEFINITION_CONTEXT('part definition',#1976,'design');
#1972=PRODUCT_DEFINITION('2026-09-20-21-52-52-701','Cooling_Holder',#1973,
#1971);
#1973=PRODUCT_DEFINITION_FORMATION('',$,#1978);
#1974=PRODUCT_RELATED_PRODUCT_CATEGORY('Cooling_Holder',
'Cooling_Holder',(#1978));
#1975=APPLICATION_PROTOCOL_DEFINITION('international standard',
'automotive_design',2009,#1976);
#1976=APPLICATION_CONTEXT(
'Core Data for Automotive Mechanical Design Process');
#1977=PRODUCT_CONTEXT('part definition',#1976,'mechanical');
#1978=PRODUCT('2026-09-20-21-52-52-701','Cooling_Holder',$,(#1977));
#1979=PRESENTATION_STYLE_ASSIGNMENT((#1980));
#1980=SURFACE_STYLE_USAGE(.BOTH.,#1981);
#1981=SURFACE_SIDE_STYLE('',(#1982));
#1982=SURFACE_STYLE_FILL_AREA(#1983);
#1983=FILL_AREA_STYLE('Steel - Satin',(#1984));
#1984=FILL_AREA_STYLE_COLOUR('Steel - Satin',#1985);
#1985=COLOUR_RGB('Steel - Satin',0.627450980392157,0.627450980392157,0.627450980392157);
ENDSEC;
END-ISO-10303-21;
