ISO-10303-21;
HEADER;
FILE_DESCRIPTION (( 'STEP AP214' ),
    '1' );
FILE_NAME ('Self-Tapping Screw M3x10 Hexagonal Socket Large Flat Head.STEP',
    '2026-09-13T08:30:04',
    ( '' ),
    ( '' ),
    'SwSTEP 2.0',
    'SolidWorks 2025',
    '' );
FILE_SCHEMA (( 'AUTOMOTIVE_DESIGN' ));
ENDSEC;

DATA;
#1 = CARTESIAN_POINT ( 'NONE',  ( 1.128237762093723839, -1.414508159514583197, -2.598409334876022102E-16 ) ) ;
#2 = ORIENTED_EDGE ( 'NONE', *, *, #777, .F. ) ;
#3 = ORIENTED_EDGE ( 'NONE', *, *, #2653, .T. ) ;
#4 = DIRECTION ( 'NONE',  ( 1.000000000000000000, 0.000000000000000000, 0.000000000000000000 ) ) ;
#5 = CYLINDRICAL_SURFACE ( 'NONE', #2948, 1.225000000000000089 ) ;
#6 = EDGE_CURVE ( 'NONE', #3190, #1478, #1770, .T. ) ;
#7 = VERTEX_POINT ( 'NONE', #3706 ) ;
#8 = CARTESIAN_POINT ( 'NONE',  ( 7.253237760728131533, 1.414508159514583197, 8.661364449586740749E-17 ) ) ;
#9 = CARTESIAN_POINT ( 'NONE',  ( 1.409487761410928242, 1.831622089608728481E-16, -1.495632937500000148 ) ) ;
#10 = EDGE_CURVE ( 'NONE', #1972, #1744, #2256, .T. ) ;
#11 = CARTESIAN_POINT ( 'NONE',  ( 2.513654428077594982, 0.8635040790744962225, -1.495632937499999704 ) ) ;
#12 = ORIENTED_EDGE ( 'NONE', *, *, #2612, .T. ) ;
#13 = CARTESIAN_POINT ( 'NONE',  ( 7.211571095427056655, -0.7072540797572911542, -1.225000000000000533 ) ) ;
#14 = CARTESIAN_POINT ( 'NONE',  ( 7.961571094061463683, -1.060881119635938008, 0.6124999999999992673 ) ) ;
#15 = CARTESIAN_POINT ( 'NONE',  ( 5.867821094744261501, -0.8635040790744952233, -1.495632937500000592 ) ) ;
#16 = CARTESIAN_POINT ( 'NONE',  ( 5.294904428760388804, 0.7072540797572945959, -1.224999999999996092 ) ) ;
#17 = CARTESIAN_POINT ( 'NONE',  ( 5.305321094744260613, -1.295256118611744389, 0.7478164687499990748 ) ) ;
#18 = CARTESIAN_POINT ( 'NONE',  ( 2.919904428760390136, 1.060881119635937564, 0.6125000000000001554 ) ) ;
#19 =( BOUNDED_CURVE ( )  B_SPLINE_CURVE ( 2, ( #330, #1199, #1743, #1480, #3209, #937, #2614 ),
 .UNSPECIFIED., .F., .T. ) 
 B_SPLINE_CURVE_WITH_KNOTS ( ( 3, 2, 2, 3 ),
 ( 0.3888888888888888395, 0.3981481481481480844, 0.4074074074074073293, 0.4166666666666666297 ),
 .UNSPECIFIED. ) 
 CURVE ( )  GEOMETRIC_REPRESENTATION_ITEM ( )  RATIONAL_B_SPLINE_CURVE ( ( 1.000000000000000888, 0.8660254037844379305, 1.000000000000000000, 0.8660254037844387076, 1.000000000000000000, 0.8660254037844394848, 0.9999999999999992228 ) ) 
 REPRESENTATION_ITEM ( '' )  );
#20 = CARTESIAN_POINT ( 'NONE',  ( 8.680321094744261501, 0.8635040790744956674, 1.495632937500000148 ) ) ;
#21 = CARTESIAN_POINT ( 'NONE',  ( 2.461571094061463683, -1.060881119635938008, 0.6124999999999992673 ) ) ;
#22 = ORIENTED_EDGE ( 'NONE', *, *, #1828, .T. ) ;
#23 = CARTESIAN_POINT ( 'NONE',  ( 0.7532377620937235063, 1.500192328955507931E-16, -1.225000000000000089 ) ) ;
#24 = CARTESIAN_POINT ( 'NONE',  ( 5.961571094061463683, -1.060881119635938008, 0.6124999999999992673 ) ) ;
#25 = ORIENTED_EDGE ( 'NONE', *, *, #1701, .T. ) ;
#26 = CARTESIAN_POINT ( 'NONE',  ( 3.253237762093724061, 1.500192328955507931E-16, -1.225000000000000089 ) ) ;
#27 = CARTESIAN_POINT ( 'NONE',  ( 1.305321094744261723, -1.295256118611744389, 0.7478164687499990748 ) ) ;
#28 = CARTESIAN_POINT ( 'NONE',  ( 3.138654428077594538, 1.295256118611743723, 0.7478164687500002961 ) ) ;
#29 = ORIENTED_EDGE ( 'NONE', *, *, #1812, .F. ) ;
#30 = CARTESIAN_POINT ( 'NONE',  ( 8.169904427394797608, 0.7072540797572920424, -1.224999999999999867 ) ) ;
#31 = CARTESIAN_POINT ( 'NONE',  ( 6.534487761410927575, 1.727008158148991557, 1.057487506489264306E-16 ) ) ;
#32 = AXIS2_PLACEMENT_3D ( 'NONE', #462, #2251, #181 ) ;
#33 = CARTESIAN_POINT ( 'NONE',  ( -4.666666666666662522, 1.500192328955507931E-16, -1.225000000000000089 ) ) ;
#34 = CARTESIAN_POINT ( 'NONE',  ( 5.555321094744261501, 1.295256118611743723, -0.7478164687499997410 ) ) ;
#35 = CARTESIAN_POINT ( 'NONE',  ( 4.961571095427055766, 0.7072540797572914872, 1.225000000000000089 ) ) ;
#36 = CIRCLE ( 'NONE', #1667, 1.225000000000000089 ) ;
#37 = CARTESIAN_POINT ( 'NONE',  ( 7.638654428077594538, 1.295256118611743723, 0.7478164687500002961 ) ) ;
#38 = DIRECTION ( 'NONE',  ( 0.000000000000000000, 0.000000000000000000, 1.000000000000000000 ) ) ;
#39 =( BOUNDED_CURVE ( )  B_SPLINE_CURVE ( 2, ( #1835, #732, #103, #1505, #1259, #370, #3613 ),
 .UNSPECIFIED., .F., .T. ) 
 B_SPLINE_CURVE_WITH_KNOTS ( ( 3, 2, 2, 3 ),
 ( 0.2777777777777777901, 0.2870370370370370350, 0.2962962962962962243, 0.3055555555555555247 ),
 .UNSPECIFIED. ) 
 CURVE ( )  GEOMETRIC_REPRESENTATION_ITEM ( )  RATIONAL_B_SPLINE_CURVE ( ( 1.000000000000000000, 0.8660254037844387076, 1.000000000000000000, 0.8660254037844387076, 1.000000000000000000, 0.8660254037844394848, 0.9999999999999992228 ) ) 
 REPRESENTATION_ITEM ( '' )  );
#40 = ORIENTED_EDGE ( 'NONE', *, *, #923, .F. ) ;
#41 = EDGE_CURVE ( 'NONE', #2583, #257, #341, .T. ) ;
#42 = CARTESIAN_POINT ( 'NONE',  ( 4.211571094061464571, 1.060881119635937564, -0.6124999999999997113 ) ) ;
#43 = CARTESIAN_POINT ( 'NONE',  ( 6.044904427394796720, -1.060881119635937342, -0.6125000000000005995 ) ) ;
#44 = ORIENTED_EDGE ( 'NONE', *, *, #10, .T. ) ;
#45 = CARTESIAN_POINT ( 'NONE',  ( 1.826154428077594982, -1.295256118611743501, -0.7478164687500007402 ) ) ;
#46 = CARTESIAN_POINT ( 'NONE',  ( 7.378237760728130645, 0.000000000000000000, 1.225000000000000089 ) ) ;
#47 = CARTESIAN_POINT ( 'NONE',  ( 2.096987761410928020, 1.727008158148991557, 1.057487506489264306E-16 ) ) ;
#48 = EDGE_CURVE ( 'NONE', #2715, #2100, #2371, .T. ) ;
#49 = CARTESIAN_POINT ( 'NONE',  ( 1.680321094744261279, 0.8635040790744956674, 1.495632937500000148 ) ) ;
#50 = VERTEX_POINT ( 'NONE', #606 ) ;
#51 = AXIS2_PLACEMENT_3D ( 'NONE', #810, #3099, #3116 ) ;
#52 = CARTESIAN_POINT ( 'NONE',  ( 7.650705785665874004, -1.056692453862420500, 0.8548040440278127372 ) ) ;
#53 = CARTESIAN_POINT ( 'NONE',  ( 5.128237760728130645, 1.500192328955507931E-16, -1.225000000000000089 ) ) ;
#54 = CARTESIAN_POINT ( 'NONE',  ( 5.034487761410927575, 1.727008158148991557, 1.057487506489264306E-16 ) ) ;
#55 = CARTESIAN_POINT ( 'NONE',  ( 3.961571094061464127, -1.060881119635938008, 0.6124999999999992673 ) ) ;
#56 = CARTESIAN_POINT ( 'NONE',  ( 3.763654428077594982, -0.8635040790744966666, 1.495632937499999704 ) ) ;
#57 = CARTESIAN_POINT ( 'NONE',  ( 4.763654428077595426, -0.8635040790744966666, 1.495632937499999704 ) ) ;
#58 = CARTESIAN_POINT ( 'NONE',  ( 3.503237762093723173, 0.000000000000000000, 1.225000000000000089 ) ) ;
#59 = CARTESIAN_POINT ( 'NONE',  ( 6.044904428760390580, -0.7072540797572921534, 1.224999999999999645 ) ) ;
#60 = ORIENTED_EDGE ( 'NONE', *, *, #3290, .F. ) ;
#61 = CARTESIAN_POINT ( 'NONE',  ( 1.586571094061464793, -0.7072540797572813842, -1.225000000000017186 ) ) ;
#62 = CARTESIAN_POINT ( 'NONE',  ( 1.586571095427057099, -1.060881119635938008, 0.6124999999999992673 ) ) ;
#63 = EDGE_LOOP ( 'NONE', ( #1459, #2938, #2898, #1541 ) ) ;
#64 = CARTESIAN_POINT ( 'NONE',  ( 2.409487761410928464, 1.831622089608728481E-16, -1.495632937500000148 ) ) ;
#65 = CARTESIAN_POINT ( 'NONE',  ( 0.000000000000000000, 0.000000000000000000, 0.000000000000000000 ) ) ;
#66 = CARTESIAN_POINT ( 'NONE',  ( 2.805321094744261501, -1.295256118611744389, 0.7478164687499990748 ) ) ;
#67 = CARTESIAN_POINT ( 'NONE',  ( 0.6803210947442621670, 0.8635040790744956674, 1.495632937500000148 ) ) ;
#68 = ORIENTED_EDGE ( 'NONE', *, *, #1491, .F. ) ;
#69 = CARTESIAN_POINT ( 'NONE',  ( 5.294904427394796720, 1.060881119635937564, 0.6125000000000001554 ) ) ;
#70 = CARTESIAN_POINT ( 'NONE',  ( 4.326154428077594538, -1.295256118611743501, -0.7478164687500007402 ) ) ;
#71 = CARTESIAN_POINT ( 'NONE',  ( 7.367821094744260613, -0.8635040790744952233, -1.495632937500000592 ) ) ;
#72 = CARTESIAN_POINT ( 'NONE',  ( 5.461571095427056655, 0.7072540797572914872, 1.225000000000000089 ) ) ;
#73 = CARTESIAN_POINT ( 'NONE',  ( 3.888654428077594094, -1.295256118611743501, -0.7478164687500007402 ) ) ;
#74 = CARTESIAN_POINT ( 'NONE',  ( 0.003237762093724616541, 0.000000000000000000, 1.225000000000000089 ) ) ;
#75 = CARTESIAN_POINT ( 'NONE',  ( 4.794904428760390580, 0.7072540797572920424, -1.224999999999999867 ) ) ;
#76 = CARTESIAN_POINT ( 'NONE',  ( 3.753237762093723617, 1.500192328955507931E-16, -1.225000000000000089 ) ) ;
#77 = CARTESIAN_POINT ( 'NONE',  ( 1.128237760728130423, 1.500192328955507931E-16, -1.225000000000000089 ) ) ;
#78 = CARTESIAN_POINT ( 'NONE',  ( 1.919904428760390136, 1.060881119635937564, 0.6125000000000001554 ) ) ;
#79 = DIRECTION ( 'NONE',  ( 0.000000000000000000, 0.000000000000000000, 1.000000000000000000 ) ) ;
#80 = ORIENTED_EDGE ( 'NONE', *, *, #3693, .T. ) ;
#81 = CARTESIAN_POINT ( 'NONE',  ( 1.659487761410927575, 0.000000000000000000, 1.495632937500000148 ) ) ;
#82 = CARTESIAN_POINT ( 'NONE',  ( 0.5449044287603905801, -0.7072540797572921534, 1.224999999999999645 ) ) ;
#83 = CARTESIAN_POINT ( 'NONE',  ( 1.430321094744261057, -0.8635040790744952233, -1.495632937500000592 ) ) ;
#84 = EDGE_CURVE ( 'NONE', #2059, #1168, #2762, .T. ) ;
#85 = ORIENTED_EDGE ( 'NONE', *, *, #3518, .F. ) ;
#86 = FACE_OUTER_BOUND ( 'NONE', #3688, .T. ) ;
#87 = CARTESIAN_POINT ( 'NONE',  ( 3.919904427394797608, -0.7072540797572921534, 1.224999999999999867 ) ) ;
#88 = CARTESIAN_POINT ( 'NONE',  ( 1.909487761410927797, 1.831622089608728481E-16, -1.495632937500000148 ) ) ;
#89 = CARTESIAN_POINT ( 'NONE',  ( 6.201154428077593650, -0.8635040790744966666, 1.495632937499999704 ) ) ;
#90 = LINE ( 'NONE', #1529, #3378 ) ;
#91 = CARTESIAN_POINT ( 'NONE',  ( 0.7219877614109276864, 0.000000000000000000, 1.495632937500000148 ) ) ;
#92 = CARTESIAN_POINT ( 'NONE',  ( 1.628237762093723617, -1.414508159514583197, -2.598409334876022102E-16 ) ) ;
#93 = CARTESIAN_POINT ( 'NONE',  ( 7.803180594618969401, 0.4020326056658852787, -1.205700099855714580 ) ) ;
#94 = AXIS2_PLACEMENT_3D ( 'NONE', #136, #936, #2077 ) ;
#95 = CARTESIAN_POINT ( 'NONE',  ( 2.003237760728130201, -1.414508159514583197, -2.598409334876022102E-16 ) ) ;
#96 = CARTESIAN_POINT ( 'NONE',  ( 1.451154428077594760, 0.8635040790744962225, -1.495632937499999704 ) ) ;
#97 = CARTESIAN_POINT ( 'NONE',  ( 3.128237760728130645, 1.500192328955507931E-16, -1.225000000000000089 ) ) ;
#98 = DIRECTION ( 'NONE',  ( 1.000000000000000000, 0.000000000000000000, 0.000000000000000000 ) ) ;
#99 = AXIS2_PLACEMENT_3D ( 'NONE', #307, #1234, #1477 ) ;
#100 = EDGE_LOOP ( 'NONE', ( #869, #3650, #2305, #2032 ) ) ;
#101 = CARTESIAN_POINT ( 'NONE',  ( -0.04884557192240575330, 0.8635040790744962225, -1.495632937499999704 ) ) ;
#102 = EDGE_CURVE ( 'NONE', #1356, #2180, #2616, .T. ) ;
#103 = CARTESIAN_POINT ( 'NONE',  ( 5.919904428760390580, 1.060881119635937564, 0.6125000000000001554 ) ) ;
#104 = CARTESIAN_POINT ( 'NONE',  ( 0.8886544280775950932, -1.295256118611743501, -0.7478164687500007402 ) ) ;
#105 = ORIENTED_EDGE ( 'NONE', *, *, #3001, .F. ) ;
#106 = DIRECTION ( 'NONE',  ( 0.000000000000000000, 1.224646799147351482E-16, 1.000000000000000000 ) ) ;
#107 = CARTESIAN_POINT ( 'NONE',  ( 3.492821094744261057, 1.295256118611743723, -0.7478164687499997410 ) ) ;
#108 = VECTOR ( 'NONE', #1268, 1000.000000000000000 ) ;
#109 = CARTESIAN_POINT ( 'NONE',  ( 5.784487761410928464, -1.727008158148991557, -3.172462519467792547E-16 ) ) ;
#110 = FACE_OUTER_BOUND ( 'NONE', #123, .T. ) ;
#111 = ADVANCED_FACE ( 'NONE', ( #3238 ), #644, .T. ) ;
#112 = CARTESIAN_POINT ( 'NONE',  ( 8.409487761410927575, 1.831622089608728481E-16, -1.495632937500000148 ) ) ;
#113 = CARTESIAN_POINT ( 'NONE',  ( 0.6282377620937233953, -1.414508159514583197, -2.598409334876022102E-16 ) ) ;
#114 = CARTESIAN_POINT ( 'NONE',  ( 0.1803210947442616952, 0.8635040790744956674, 1.495632937500000148 ) ) ;
#115 = CARTESIAN_POINT ( 'NONE',  ( 2.378237760728130645, 0.000000000000000000, 1.225000000000000089 ) ) ;
#116 = CARTESIAN_POINT ( 'NONE',  ( 1.326154428077594538, -1.295256118611743501, -0.7478164687500007402 ) ) ;
#117 = CARTESIAN_POINT ( 'NONE',  ( 4.128237760728130645, 1.500192328955507931E-16, -1.225000000000000089 ) ) ;
#118 = CARTESIAN_POINT ( 'NONE',  ( 5.284487761410928464, -1.727008158148991335, -3.172462519467792547E-16 ) ) ;
#119 = ORIENTED_EDGE ( 'NONE', *, *, #1330, .F. ) ;
#120 = CARTESIAN_POINT ( 'NONE',  ( 1.253237762093724061, 1.500192328955507931E-16, -1.225000000000000089 ) ) ;
#121 = CARTESIAN_POINT ( 'NONE',  ( 1.169904427394798718, 0.7072540797572970384, -1.224999999999991207 ) ) ;
#122 = DIRECTION ( 'NONE',  ( -1.000000000000000000, -0.000000000000000000, -0.000000000000000000 ) ) ;
#123 = EDGE_LOOP ( 'NONE', ( #1704, #1242, #851, #2024 ) ) ;
#124 = CARTESIAN_POINT ( 'NONE',  ( 2.794904427394797608, 1.060881119635937564, 0.6125000000000001554 ) ) ;
#125 = CARTESIAN_POINT ( 'NONE',  ( 3.576154428077594982, 1.295256118611743723, 0.7478164687500002961 ) ) ;
#126 = EDGE_CURVE ( 'NONE', #1089, #943, #1172, .T. ) ;
#127 = CARTESIAN_POINT ( 'NONE',  ( 6.617821094744261501, 0.8635040790744956674, 1.495632937500000148 ) ) ;
#128 = CYLINDRICAL_SURFACE ( 'NONE', #962, 1.225000000000000089 ) ;
#129 = CARTESIAN_POINT ( 'NONE',  ( 1.596987761410928242, 1.727008158148991557, 1.057487506489264306E-16 ) ) ;
#130 = CARTESIAN_POINT ( 'NONE',  ( 0.2949044287603903580, 0.7072540797572920424, -1.224999999999999867 ) ) ;
#131 = CARTESIAN_POINT ( 'NONE',  ( 0.2636544280775945381, -0.8635040790744965555, 1.495632937499999704 ) ) ;
#132 = EDGE_CURVE ( 'NONE', #3051, #1833, #569, .T. ) ;
#133 = PRODUCT_CONTEXT ( 'NONE', #2378, 'mechanical' ) ;
#134 = CARTESIAN_POINT ( 'NONE',  ( 1.419904427394797164, -0.7072540797572921534, 1.224999999999999867 ) ) ;
#135 = CARTESIAN_POINT ( 'NONE',  ( 8.253237762093723617, 1.500192328955507931E-16, -1.225000000000000089 ) ) ;
#136 = CARTESIAN_POINT ( 'NONE',  ( -990.0000000000000000, 0.000000000000000000, 0.000000000000000000 ) ) ;
#137 = CARTESIAN_POINT ( 'NONE',  ( -4.292150467422869277E-16, 0.3071848767645794509, -1.459309617022221284 ) ) ;
#138 = ORIENTED_EDGE ( 'NONE', *, *, #2391, .T. ) ;
#139 = CARTESIAN_POINT ( 'NONE',  ( 4.836571094061464571, 0.7072540797572914872, 1.225000000000000089 ) ) ;
#140 = CARTESIAN_POINT ( 'NONE',  ( 6.628237760728129757, 1.500192328955507931E-16, -1.225000000000000089 ) ) ;
#141 =( BOUNDED_CURVE ( )  B_SPLINE_CURVE ( 2, ( #158, #747, #3357, #1891, #3592 ),
 .UNSPECIFIED., .F., .F. ) 
 B_SPLINE_CURVE_WITH_KNOTS ( ( 3, 2, 3 ),
 ( 0.06944444458601872761, 0.07407407407407405608, 0.08333333333333330095 ),
 .UNSPECIFIED. ) 
 CURVE ( )  GEOMETRIC_REPRESENTATION_ITEM ( )  RATIONAL_B_SPLINE_CURVE ( ( 0.9330127018922194093, 0.9330127039406940215, 1.000000000000000000, 0.8660254037844391517, 0.9999999999999995559 ) ) 
 REPRESENTATION_ITEM ( '' )  );
#142 = CARTESIAN_POINT ( 'NONE',  ( 0.2636544280775945381, -0.8635040790744966666, 1.495632937499999704 ) ) ;
#143 = ORIENTED_EDGE ( 'NONE', *, *, #2161, .F. ) ;
#144 = CARTESIAN_POINT ( 'NONE',  ( 2.544904428760390580, -0.7072540797572921534, 1.224999999999999645 ) ) ;
#145 = CARTESIAN_POINT ( 'NONE',  ( 2.201154428077594538, -0.8635040790744966666, 1.495632937499999704 ) ) ;
#146 = CARTESIAN_POINT ( 'NONE',  ( 8.076154428077593650, 1.295256118611743723, 0.7478164687500002961 ) ) ;
#147 = CARTESIAN_POINT ( 'NONE',  ( 6.846987761410927575, -1.727008158148991335, -3.172462519467792547E-16 ) ) ;
#148 = CARTESIAN_POINT ( 'NONE',  ( 1.846987761410927797, -1.727008158148991557, -3.172462519467792547E-16 ) ) ;
#149 = CARTESIAN_POINT ( 'NONE',  ( 0.8782377620937236173, 1.414508159514583197, 8.661364449586740749E-17 ) ) ;
#150 = CARTESIAN_POINT ( 'NONE',  ( 0.4303210947442619450, -0.8635040790744953343, -1.495632937500000592 ) ) ;
#151 = EDGE_CURVE ( 'NONE', #591, #1332, #3541, .T. ) ;
#152 = DIRECTION ( 'NONE',  ( 0.000000000000000000, 0.000000000000000000, 1.000000000000000000 ) ) ;
#153 = CARTESIAN_POINT ( 'NONE',  ( 0.4199044273947970529, -0.7072540797572921534, 1.224999999999999867 ) ) ;
#154 = CARTESIAN_POINT ( 'NONE',  ( 0.9928210947442615009, 1.295256118611743723, -0.7478164687499997410 ) ) ;
#155 = CARTESIAN_POINT ( 'NONE',  ( 4.128237762093723617, -1.414508159514583197, -2.598409334876022102E-16 ) ) ;
#156 = CARTESIAN_POINT ( 'NONE',  ( 6.034487761410928464, 1.727008158148991335, 1.057487506489264306E-16 ) ) ;
#157 = ORIENTED_EDGE ( 'NONE', *, *, #1716, .T. ) ;
#158 = CARTESIAN_POINT ( 'NONE',  ( 7.878237760728073802, 1.224999999999999867, -2.007505150318885833E-08 ) ) ;
#159 = CARTESIAN_POINT ( 'NONE',  ( 5.930321094744262389, -0.8635040790744952233, -1.495632937500000592 ) ) ;
#160 = CARTESIAN_POINT ( 'NONE',  ( -0.2500000000000002220, 0.000000000000000000, 3.250000000000000444 ) ) ;
#161 = CARTESIAN_POINT ( 'NONE',  ( 3.461571094061463683, -1.060881119635938008, 0.6124999999999992673 ) ) ;
#162 = DIRECTION ( 'NONE',  ( -1.000000000000000000, -0.000000000000000000, -0.000000000000000000 ) ) ;
#163 = ORIENTED_EDGE ( 'NONE', *, *, #267, .F. ) ;
#164 =( BOUNDED_CURVE ( )  B_SPLINE_CURVE ( 2, ( #2546, #519, #3114, #1355, #3712, #2010, #1424 ),
 .UNSPECIFIED., .F., .F. ) 
 B_SPLINE_CURVE_WITH_KNOTS ( ( 3, 2, 2, 3 ),
 ( 0.2222222222222222099, 0.2314814814814814825, 0.2407407407407407274, 0.2500000000000000000 ),
 .UNSPECIFIED. ) 
 CURVE ( )  GEOMETRIC_REPRESENTATION_ITEM ( )  RATIONAL_B_SPLINE_CURVE ( ( 1.000000000000000000, 0.8660254037844387076, 1.000000000000000000, 0.8660254037844387076, 1.000000000000000000, 0.8660254037844387076, 1.000000000000000000 ) ) 
 REPRESENTATION_ITEM ( '' )  );
#165 = CARTESIAN_POINT ( 'NONE',  ( -4.666666666666662522, 0.000000000000000000, 0.000000000000000000 ) ) ;
#166 = CARTESIAN_POINT ( 'NONE',  ( 1.659487761410927575, 0.000000000000000000, 1.495632937500000148 ) ) ;
#167 = CARTESIAN_POINT ( 'NONE',  ( 3.409487761410928464, 1.831622089608728481E-16, -1.495632937500000148 ) ) ;
#168 = DIRECTION ( 'NONE',  ( -1.000000000000000000, 0.000000000000000000, -0.000000000000000000 ) ) ;
#169 = CARTESIAN_POINT ( 'NONE',  ( 8.576154428077595426, 1.295256118611743723, 0.7478164687500002961 ) ) ;
#170 = CARTESIAN_POINT ( 'NONE',  ( 4.336571095427056655, 1.060881119635937564, -0.6124999999999997113 ) ) ;
#171 = CARTESIAN_POINT ( 'NONE',  ( 7.861492677567250453, 1.200842152592124013, -0.3302616370973664450 ) ) ;
#172 = VECTOR ( 'NONE', #2454, 1000.000000000000000 ) ;
#173 = CARTESIAN_POINT ( 'NONE',  ( 6.596987761410929352, 1.727008158148991557, 1.057487506489264306E-16 ) ) ;
#174 = CARTESIAN_POINT ( 'NONE',  ( 0.9094877614109277975, 1.831622089608728481E-16, -1.495632937500000148 ) ) ;
#175 = AXIS2_PLACEMENT_3D ( 'NONE', #2160, #1860, #1803 ) ;
#176 = CYLINDRICAL_SURFACE ( 'NONE', #345, 1.225000000000000089 ) ;
#177 = CARTESIAN_POINT ( 'NONE',  ( -0.7999999999999999334, 0.000000000000000000, 0.000000000000000000 ) ) ;
#178 = EDGE_LOOP ( 'NONE', ( #3079, #143, #2915, #1765 ) ) ;
#179 = LINE ( 'NONE', #3611, #3428 ) ;
#180 = CARTESIAN_POINT ( 'NONE',  ( 5.138654428077594538, 1.295256118611743723, 0.7478164687500002961 ) ) ;
#181 = DIRECTION ( 'NONE',  ( 0.000000000000000000, -1.224646799147351482E-16, 1.000000000000000000 ) ) ;
#182 = CARTESIAN_POINT ( 'NONE',  ( 4.628237760728130645, 1.500192328955507931E-16, -1.225000000000000089 ) ) ;
#183 = DIRECTION ( 'NONE',  ( 0.000000000000000000, 0.000000000000000000, 1.000000000000000000 ) ) ;
#184 = ORIENTED_EDGE ( 'NONE', *, *, #3024, .F. ) ;
#185 = ORIENTED_EDGE ( 'NONE', *, *, #2107, .T. ) ;
#186 = CARTESIAN_POINT ( 'NONE',  ( 2.044904428760390136, -0.7072540797572921534, 1.224999999999999645 ) ) ;
#187 =( BOUNDED_CURVE ( )  B_SPLINE_CURVE ( 2, ( #955, #1236, #2098, #2116, #671, #3569, #97 ),
 .UNSPECIFIED., .F., .F. ) 
 B_SPLINE_CURVE_WITH_KNOTS ( ( 3, 2, 2, 3 ),
 ( 0.6111111111111110494, 0.6203703703703702388, 0.6296296296296296502, 0.6388888888888888395 ),
 .UNSPECIFIED. ) 
 CURVE ( )  GEOMETRIC_REPRESENTATION_ITEM ( )  RATIONAL_B_SPLINE_CURVE ( ( 1.000000000000001554, 0.8660254037844371533, 1.000000000000000000, 0.8660254037844387076, 1.000000000000000000, 0.8660254037844387076, 1.000000000000000000 ) ) 
 REPRESENTATION_ITEM ( '' )  );
#188 = CARTESIAN_POINT ( 'NONE',  ( 5.409487761410928464, 1.831622089608728481E-16, -1.495632937500000148 ) ) ;
#189 = CARTESIAN_POINT ( 'NONE',  ( 3.763654428077594982, -0.8635040790744965555, 1.495632937499999704 ) ) ;
#190 = CARTESIAN_POINT ( 'NONE',  ( 7.128237760728130645, 1.500192328955507931E-16, -1.225000000000000089 ) ) ;
#191 = CARTESIAN_POINT ( 'NONE',  ( 4.253237762093723617, 1.500192328955507931E-16, -1.225000000000000089 ) ) ;
#192 = DIRECTION ( 'NONE',  ( 0.000000000000000000, 0.000000000000000000, 1.000000000000000000 ) ) ;
#193 = CARTESIAN_POINT ( 'NONE',  ( 8.138654428077595426, 1.295256118611743723, 0.7478164687500002961 ) ) ;
#194 = CARTESIAN_POINT ( 'NONE',  ( 5.253237762093724506, 1.500192328955507931E-16, -1.225000000000000089 ) ) ;
#195 = CARTESIAN_POINT ( 'NONE',  ( 4.044904428760390580, -0.7072540797572921534, 1.224999999999999645 ) ) ;
#196 = CARTESIAN_POINT ( 'NONE',  ( 4.992821094744260613, 1.295256118611743723, -0.7478164687499997410 ) ) ;
#197 = ORIENTED_EDGE ( 'NONE', *, *, #1274, .F. ) ;
#198 = B_SPLINE_CURVE_WITH_KNOTS ( 'NONE', 3,
 ( #2505, #256, #1707, #1076, #3135, #1687, #2213, #1671, #3382, #1407, #1092, #2527, #542, #2233, #2846, #2564, #2828, #2863, #3730, #2582, #1127, #2273 ),
 .UNSPECIFIED., .F., .F.,
 ( 4, 2, 2, 2, 2, 2, 2, 2, 2, 2, 4 ),
 ( 0.001138974536372696755, 0.001400595183142872751, 0.001662215829913048747, 0.002185457123453400305, 0.002708698416993751863, 0.003231939710534103422, 0.003493560357304279634, 0.003755181004074455847, 0.004278422297614808273, 0.004801663591155160699, 0.005324904884695513124 ),
 .UNSPECIFIED. ) ;
#199 = CARTESIAN_POINT ( 'NONE',  ( 0.2532377620937231177, 1.500192328955507931E-16, -1.225000000000000089 ) ) ;
#200 = CARTESIAN_POINT ( 'NONE',  ( 4.805321094744261501, -1.295256118611744389, 0.7478164687499990748 ) ) ;
#201 = CARTESIAN_POINT ( 'NONE',  ( 0.2532377607281314225, 1.414508159514583197, 8.661364449586740749E-17 ) ) ;
#202 = CARTESIAN_POINT ( 'NONE',  ( 2.711571094061463683, 1.060881119635937564, -0.6124999999999997113 ) ) ;
#203 = CARTESIAN_POINT ( 'NONE',  ( -990.0000000000000000, 0.000000000000000000, 0.000000000000000000 ) ) ;
#204 = ORIENTED_EDGE ( 'NONE', *, *, #1331, .T. ) ;
#205 = CARTESIAN_POINT ( 'NONE',  ( 7.378237762093723617, 1.414508159514583197, 8.661364449586740749E-17 ) ) ;
#206 = CARTESIAN_POINT ( 'NONE',  ( 3.367821094744261501, -0.8635040790744952233, -1.495632937500000592 ) ) ;
#207 = CARTESIAN_POINT ( 'NONE',  ( 5.721987761410927575, 0.000000000000000000, 1.495632937500000148 ) ) ;
#208 = CARTESIAN_POINT ( 'NONE',  ( 7.794904427394796720, 1.060881119635937564, 0.6125000000000001554 ) ) ;
#209 = CARTESIAN_POINT ( 'NONE',  ( -1.293446068048931684E-15, 1.445551727998605207, -0.07116073190460701914 ) ) ;
#210 = DIRECTION ( 'NONE',  ( -1.000000000000000000, -0.000000000000000000, -0.000000000000000000 ) ) ;
#211 = CARTESIAN_POINT ( 'NONE',  ( 7.263654428077594538, -0.8635040790744966666, 1.495632937499999704 ) ) ;
#212 = CARTESIAN_POINT ( 'NONE',  ( 6.878237762093723617, 1.414508159514583197, 8.661364449586740749E-17 ) ) ;
#213 = CARTESIAN_POINT ( 'NONE',  ( -1.500000000000000000, 0.000000000000000000, 0.000000000000000000 ) ) ;
#214 = EDGE_CURVE ( 'NONE', #3445, #2543, #1854, .T. ) ;
#215 = CARTESIAN_POINT ( 'NONE',  ( 3.742821094744261501, -1.295256118611744389, 0.7478164687499990748 ) ) ;
#216 = ORIENTED_EDGE ( 'NONE', *, *, #1655, .F. ) ;
#217 = CARTESIAN_POINT ( 'NONE',  ( -4.666666666666662522, 0.000000000000000000, 1.225000000000000089 ) ) ;
#218 = CARTESIAN_POINT ( 'NONE',  ( 6.680321094744261501, 0.8635040790744956674, 1.495632937500000148 ) ) ;
#219 = CARTESIAN_POINT ( 'NONE',  ( 1.044904427394797608, -1.060881119635937342, -0.6125000000000005995 ) ) ;
#220 = CARTESIAN_POINT ( 'NONE',  ( 0.1282377607281313114, 1.500192328955507931E-16, -1.225000000000000089 ) ) ;
#221 = AXIS2_PLACEMENT_3D ( 'NONE', #3017, #1577, #484 ) ;
#222 = CARTESIAN_POINT ( 'NONE',  ( 6.628237762093723617, -1.414508159514583197, -2.598409334876022102E-16 ) ) ;
#223 = CARTESIAN_POINT ( 'NONE',  ( 1.201154428077594538, -0.8635040790744965555, 1.495632937499999704 ) ) ;
#224 = CARTESIAN_POINT ( 'NONE',  ( 5.076154428077594538, 1.295256118611743723, 0.7478164687500002961 ) ) ;
#225 = CARTESIAN_POINT ( 'NONE',  ( 5.805321094744261501, -1.295256118611744389, 0.7478164687499990748 ) ) ;
#226 = CARTESIAN_POINT ( 'NONE',  ( 0.6282377607281299792, 1.500192328955507931E-16, -1.225000000000000089 ) ) ;
#227 = FACE_OUTER_BOUND ( 'NONE', #1432, .T. ) ;
#228 = CARTESIAN_POINT ( 'NONE',  ( -1.499999999999999778, 1.154700538379251684, 4.601041607915416270E-18 ) ) ;
#229 = ADVANCED_FACE ( 'NONE', ( #110 ), #3329, .T. ) ;
#230 = CARTESIAN_POINT ( 'NONE',  ( 8.221987761410927575, 0.000000000000000000, 1.495632937500000148 ) ) ;
#231 = CARTESIAN_POINT ( 'NONE',  ( 5.503237762093723617, 0.000000000000000000, 1.225000000000000089 ) ) ;
#232 = CARTESIAN_POINT ( 'NONE',  ( 3.867821094744261945, -0.8635040790744953343, -1.495632937500000592 ) ) ;
#233 = DIRECTION ( 'NONE',  ( 1.000000000000000000, 0.000000000000000000, 0.000000000000000000 ) ) ;
#234 = AXIS2_PLACEMENT_3D ( 'NONE', #3369, #1396, #2240 ) ;
#235 = DIRECTION ( 'NONE',  ( 0.000000000000000000, -1.000000000000000000, 0.000000000000000000 ) ) ;
#236 = CARTESIAN_POINT ( 'NONE',  ( 6.846987761410927575, -1.727008158148991557, -3.172462519467792547E-16 ) ) ;
#237 = CARTESIAN_POINT ( 'NONE',  ( 7.409487762776461039, -0.9085563130361681283, -1.203981916139559072 ) ) ;
#238 = DIRECTION ( 'NONE',  ( -1.000000000000000000, -0.000000000000000000, -0.000000000000000000 ) ) ;
#239 = CARTESIAN_POINT ( 'NONE',  ( -4.666666666666662522, 4.286263797015736595E-16, -3.500000000000000000 ) ) ;
#240 = CARTESIAN_POINT ( 'NONE',  ( 0.5344877614109275754, 1.727008158148991335, 1.057487506489264306E-16 ) ) ;
#241 = CARTESIAN_POINT ( 'NONE',  ( 5.201154428077594538, -0.8635040790744966666, 1.495632937499999704 ) ) ;
#242 = CARTESIAN_POINT ( 'NONE',  ( 4.513654428077594538, 0.8635040790744962225, -1.495632937499999704 ) ) ;
#243 = CARTESIAN_POINT ( 'NONE',  ( 7.784487761752311386, 1.566478280651627437E-16, -1.279126587145184235 ) ) ;
#244 = CARTESIAN_POINT ( 'NONE',  ( -0.3717622379062757165, -1.414508159514583197, -2.598409334876022102E-16 ) ) ;
#245 = CARTESIAN_POINT ( 'NONE',  ( 8.242821094744261501, -1.295256118611744389, 0.7478164687499990748 ) ) ;
#246 = CARTESIAN_POINT ( 'NONE',  ( 6.846987761410927575, -1.727008158148991557, -3.172462519467792547E-16 ) ) ;
#247 = CARTESIAN_POINT ( 'NONE',  ( 5.753237762093723617, 1.500192328955507931E-16, -1.225000000000000089 ) ) ;
#248 = CARTESIAN_POINT ( 'NONE',  ( 7.846987761410927575, -1.727008158148991557, -3.172462519467792547E-16 ) ) ;
#249 = ADVANCED_FACE ( 'NONE', ( #1807, #3292 ), #682, .F. ) ;
#250 = CARTESIAN_POINT ( 'NONE',  ( 3.242821094744261057, -1.295256118611744389, 0.7478164687499990748 ) ) ;
#251 = ADVANCED_FACE ( 'NONE', ( #2126 ), #128, .T. ) ;
#252 = CARTESIAN_POINT ( 'NONE',  ( 0.000000000000000000, 0.000000000000000000, 1.225000000000000089 ) ) ;
#253 = VERTEX_POINT ( 'NONE', #1565 ) ;
#254 = CARTESIAN_POINT ( 'NONE',  ( 3.471987761410928464, 1.831622089608728481E-16, -1.495632937500000148 ) ) ;
#255 = CARTESIAN_POINT ( 'NONE',  ( -1.499999999999999778, 2.665772485184049412, 0.000000000000000000 ) ) ;
#256 = CARTESIAN_POINT ( 'NONE',  ( 7.509776880070079486, 0.08707534000435963872, -1.437730988635384177 ) ) ;
#257 = VERTEX_POINT ( 'NONE', #2144 ) ;
#258 = CARTESIAN_POINT ( 'NONE',  ( 2.086571094061464127, -0.7072540797572911542, -1.225000000000000533 ) ) ;
#259 = CARTESIAN_POINT ( 'NONE',  ( 0.8261544280775949822, -1.295256118611743501, -0.7478164687500007402 ) ) ;
#260 = CARTESIAN_POINT ( 'NONE',  ( 0.4094877614109274089, 1.831622089608728481E-16, -1.495632937500000148 ) ) ;
#261 = CARTESIAN_POINT ( 'NONE',  ( 4.096987761410928464, 1.727008158148991335, 1.057487506489264306E-16 ) ) ;
#262 = CARTESIAN_POINT ( 'NONE',  ( 7.003237762093723617, 0.000000000000000000, 1.225000000000000089 ) ) ;
#263 = CARTESIAN_POINT ( 'NONE',  ( 6.878237760728130645, 0.000000000000000000, 1.225000000000000089 ) ) ;
#264 = CARTESIAN_POINT ( 'NONE',  ( 7.284487761410928464, -1.727008158148991557, -3.172462519467792547E-16 ) ) ;
#265 = CARTESIAN_POINT ( 'NONE',  ( 3.930321094744261501, -0.8635040790744952233, -1.495632937500000592 ) ) ;
#266 = CARTESIAN_POINT ( 'NONE',  ( 6.628237762093722729, -1.414508159514583197, -2.598409334876022102E-16 ) ) ;
#267 = EDGE_CURVE ( 'NONE', #3434, #317, #90, .T. ) ;
#268 = CARTESIAN_POINT ( 'NONE',  ( 2.836571095427057099, 1.060881119635937564, -0.6124999999999997113 ) ) ;
#269 = CARTESIAN_POINT ( 'NONE',  ( 3.784487761410928020, -1.727008158148991335, -3.172462519467792547E-16 ) ) ;
#270 = CARTESIAN_POINT ( 'NONE',  ( 7.878237760728131533, 0.000000000000000000, 0.000000000000000000 ) ) ;
#271 = VERTEX_POINT ( 'NONE', #1844 ) ;
#272 = CARTESIAN_POINT ( 'NONE',  ( 1.888654428077595204, -1.295256118611743501, -0.7478164687500007402 ) ) ;
#273 = CARTESIAN_POINT ( 'NONE',  ( 4.128237760728130645, 1.500192328955507931E-16, -1.225000000000000089 ) ) ;
#274 = CARTESIAN_POINT ( 'NONE',  ( -4.666666666666662522, 0.000000000000000000, 0.000000000000000000 ) ) ;
#275 = EDGE_LOOP ( 'NONE', ( #2, #2275, #138, #3615 ) ) ;
#276 = CARTESIAN_POINT ( 'NONE',  ( 7.169904427394796720, 0.7072540797572932636, -1.224999999999997646 ) ) ;
#277 = CARTESIAN_POINT ( 'NONE',  ( 0.4094877614109274089, 1.831622089608728481E-16, -1.495632937500000148 ) ) ;
#278 = VECTOR ( 'NONE', #1710, 1000.000000000000000 ) ;
#279 = CARTESIAN_POINT ( 'NONE',  ( 1.805321094744261501, -1.295256118611744389, 0.7478164687499990748 ) ) ;
#280 = EDGE_LOOP ( 'NONE', ( #2325, #2950, #1721, #3552 ) ) ;
#281 = CARTESIAN_POINT ( 'NONE',  ( 3.562447640696576570E-16, 0.8767630098640490921, -1.227424995438796129 ) ) ;
#282 = CARTESIAN_POINT ( 'NONE',  ( 6.003237760728130645, -1.414508159514583197, -2.598409334876022102E-16 ) ) ;
#283 = CARTESIAN_POINT ( 'NONE',  ( 6.451154428077594538, 0.8635040790744962225, -1.495632937499999704 ) ) ;
#284 = AXIS2_PLACEMENT_3D ( 'NONE', #270, #2859, #1090 ) ;
#285 = CARTESIAN_POINT ( 'NONE',  ( 5.430321094744261501, -0.8635040790744952233, -1.495632937500000592 ) ) ;
#286 = CARTESIAN_POINT ( 'NONE',  ( 3.794904428760390136, 0.7072540797572920424, -1.224999999999999867 ) ) ;
#287 =( BOUNDED_CURVE ( )  B_SPLINE_CURVE ( 2, ( #1039, #503, #2528, #222, #2848, #3384, #3639 ),
 .UNSPECIFIED., .F., .T. ) 
 B_SPLINE_CURVE_WITH_KNOTS ( ( 3, 2, 2, 3 ),
 ( 0.1944444444444444198, 0.2037037037037036646, 0.2129629629629629650, 0.2222222222222222099 ),
 .UNSPECIFIED. ) 
 CURVE ( )  GEOMETRIC_REPRESENTATION_ITEM ( )  RATIONAL_B_SPLINE_CURVE ( ( 1.000000000000000444, 0.8660254037844383745, 1.000000000000000000, 0.8660254037844387076, 1.000000000000000000, 0.8660254037844387076, 1.000000000000000000 ) ) 
 REPRESENTATION_ITEM ( '' )  );
#288 = EDGE_CURVE ( 'NONE', #1037, #2159, #3562, .T. ) ;
#289 = DIRECTION ( 'NONE',  ( 0.6427876096865376976, 0.000000000000000000, -0.7660444431189793457 ) ) ;
#290 = FACE_OUTER_BOUND ( 'NONE', #3609, .T. ) ;
#291 = ORIENTED_EDGE ( 'NONE', *, *, #664, .T. ) ;
#292 = CARTESIAN_POINT ( 'NONE',  ( 4.378237760728130645, 0.000000000000000000, 1.225000000000000089 ) ) ;
#293 = CARTESIAN_POINT ( 'NONE',  ( 7.409487762776461039, 2.829943561418909628E-08, -1.495632937500000148 ) ) ;
#294 = CONICAL_SURFACE ( 'NONE', #657, 577.3502691896277383, 0.5235987755983003700 ) ;
#295 = EDGE_LOOP ( 'NONE', ( #119, #2879, #1052, #2748 ) ) ;
#296 = LINE ( 'NONE', #904, #2993 ) ;
#297 = CARTESIAN_POINT ( 'NONE',  ( 1.284487761410928242, -1.727008158148991335, -3.172462519467792547E-16 ) ) ;
#298 = CARTESIAN_POINT ( 'NONE',  ( 3.346987761410928908, -1.727008158148991335, -3.172462519467792547E-16 ) ) ;
#299 = EDGE_LOOP ( 'NONE', ( #1238, #2228, #3189, #2924 ) ) ;
#300 = CARTESIAN_POINT ( 'NONE',  ( 7.684682223756046149, -1.333310026698289796, 0.1293629045760096019 ) ) ;
#301 = CARTESIAN_POINT ( 'NONE',  ( 6.294904427394796720, 1.060881119635937564, 0.6125000000000001554 ) ) ;
#302 = CARTESIAN_POINT ( 'NONE',  ( 5.826154428077594538, -1.295256118611743501, -0.7478164687500007402 ) ) ;
#303 = CARTESIAN_POINT ( 'NONE',  ( 4.086571094061463683, -0.7072540797572911542, -1.225000000000000533 ) ) ;
#304 = CARTESIAN_POINT ( 'NONE',  ( 5.138654428077594538, 1.295256118611743723, 0.7478164687500002961 ) ) ;
#305 = CARTESIAN_POINT ( 'NONE',  ( 4.044904428760390580, -0.7072540797572921534, 1.224999999999999867 ) ) ;
#306 = CARTESIAN_POINT ( 'NONE',  ( -0.7999999999999999334, 0.000000000000000000, -3.500000000000000000 ) ) ;
#307 = CARTESIAN_POINT ( 'NONE',  ( -4.666666666666662522, 0.000000000000000000, 0.000000000000000000 ) ) ;
#308 =( BOUNDED_CURVE ( )  B_SPLINE_CURVE ( 2, ( #1931, #3097, #500, #2809, #1461, #1162, #956 ),
 .UNSPECIFIED., .F., .F. ) 
 B_SPLINE_CURVE_WITH_KNOTS ( ( 3, 2, 2, 3 ),
 ( 0.3611111111111110494, 0.3703703703703702943, 0.3796296296296295947, 0.3888888888888888395 ),
 .UNSPECIFIED. ) 
 CURVE ( )  GEOMETRIC_REPRESENTATION_ITEM ( )  RATIONAL_B_SPLINE_CURVE ( ( 1.000000000000000888, 0.8660254037844379305, 1.000000000000000000, 0.8660254037844387076, 1.000000000000000000, 0.8660254037844394848, 0.9999999999999992228 ) ) 
 REPRESENTATION_ITEM ( '' )  );
#309 = VERTEX_POINT ( 'NONE', #2451 ) ;
#310 = EDGE_LOOP ( 'NONE', ( #2179, #3713, #636, #611 ) ) ;
#311 = CARTESIAN_POINT ( 'NONE',  ( 7.461571094061463683, -1.060881119635938008, 0.6124999999999992673 ) ) ;
#312 = DIRECTION ( 'NONE',  ( 0.000000000000000000, 0.000000000000000000, 1.000000000000000000 ) ) ;
#313 = ORIENTED_EDGE ( 'NONE', *, *, #2488, .F. ) ;
#314 = CARTESIAN_POINT ( 'NONE',  ( 2.168404344971008868E-16, 0.5773502691896256200, -1.000000000000000000 ) ) ;
#315 = CARTESIAN_POINT ( 'NONE',  ( 3.513654428077594982, 0.8635040790744962225, -1.495632937499999704 ) ) ;
#316 = CARTESIAN_POINT ( 'NONE',  ( 2.305321094744261057, -1.295256118611744389, 0.7478164687499990748 ) ) ;
#317 = VERTEX_POINT ( 'NONE', #1001 ) ;
#318 = CARTESIAN_POINT ( 'NONE',  ( 7.600390068083446415, -0.08720836002105883389, 1.385415440142096832 ) ) ;
#319 = CARTESIAN_POINT ( 'NONE',  ( 5.878237760728130645, 0.000000000000000000, 1.225000000000000089 ) ) ;
#320 = CARTESIAN_POINT ( 'NONE',  ( 6.951154428077595426, 0.8635040790744962225, -1.495632937499999704 ) ) ;
#321 = EDGE_CURVE ( 'NONE', #441, #2100, #3004, .T. ) ;
#322 = CARTESIAN_POINT ( 'NONE',  ( -4.666666666666662522, 0.000000000000000000, 0.000000000000000000 ) ) ;
#323 = CARTESIAN_POINT ( 'NONE',  ( 6.013654428077593650, 0.8635040790744962225, -1.495632937499999704 ) ) ;
#324 = CARTESIAN_POINT ( 'NONE',  ( 5.044904428760391468, -0.7072540797572921534, 1.224999999999999867 ) ) ;
#325 = LINE ( 'NONE', #879, #649 ) ;
#326 = CARTESIAN_POINT ( 'NONE',  ( 6.128237762093722729, -1.414508159514583197, -2.598409334876022102E-16 ) ) ;
#327 = ORIENTED_EDGE ( 'NONE', *, *, #2346, .T. ) ;
#328 = EDGE_CURVE ( 'NONE', #2935, #614, #1339, .T. ) ;
#329 = CARTESIAN_POINT ( 'NONE',  ( -1.500000000000000000, 0.000000000000000000, 0.000000000000000000 ) ) ;
#330 = CARTESIAN_POINT ( 'NONE',  ( 5.003237762093723617, 0.000000000000000000, 1.225000000000000089 ) ) ;
#331 = ORIENTED_EDGE ( 'NONE', *, *, #3183, .F. ) ;
#332 = CARTESIAN_POINT ( 'NONE',  ( 0.6594877614109275754, 0.000000000000000000, 1.495632937500000148 ) ) ;
#333 = FACE_OUTER_BOUND ( 'NONE', #2692, .T. ) ;
#334 = CARTESIAN_POINT ( 'NONE',  ( 1.055321094744261501, 1.295256118611743723, -0.7478164687499997410 ) ) ;
#335 = CARTESIAN_POINT ( 'NONE',  ( 3.096987761410928020, 1.727008158148991335, 1.057487506489264306E-16 ) ) ;
#336 = ORIENTED_EDGE ( 'NONE', *, *, #1040, .F. ) ;
#337 = CARTESIAN_POINT ( 'NONE',  ( 7.128237760728130645, 1.500192328955507931E-16, -1.225000000000000089 ) ) ;
#338 = CARTESIAN_POINT ( 'NONE',  ( 6.211571094061464571, 1.060881119635937564, -0.6124999999999997113 ) ) ;
#339 = CARTESIAN_POINT ( 'NONE',  ( 5.201154428077594538, -0.8635040790744966666, 1.495632937499999704 ) ) ;
#340 = VECTOR ( 'NONE', #1948, 1000.000000000000000 ) ;
#341 = LINE ( 'NONE', #536, #592 ) ;
#342 = CARTESIAN_POINT ( 'NONE',  ( 4.513654428077595426, 0.8635040790744962225, -1.495632937499999704 ) ) ;
#343 = CARTESIAN_POINT ( 'NONE',  ( 4.805321094744261501, -1.295256118611744389, 0.7478164687499990748 ) ) ;
#344 = CARTESIAN_POINT ( 'NONE',  ( 3.169904428760390136, -1.060881119635937342, -0.6125000000000005995 ) ) ;
#345 = AXIS2_PLACEMENT_3D ( 'NONE', #3470, #841, #2895 ) ;
#346 = CARTESIAN_POINT ( 'NONE',  ( 7.555321094744261501, 1.295256118611743723, -0.7478164687499997410 ) ) ;
#347 = CARTESIAN_POINT ( 'NONE',  ( -1.499999999999999778, 0.5773502691896258421, 0.9999999999999997780 ) ) ;
#348 = EDGE_LOOP ( 'NONE', ( #29, #3520, #1818, #22 ) ) ;
#349 = CARTESIAN_POINT ( 'NONE',  ( 3.461571095427057099, 0.7072540797572914872, 1.225000000000000089 ) ) ;
#350 = VERTEX_POINT ( 'NONE', #2167 ) ;
#351 = CARTESIAN_POINT ( 'NONE',  ( 0.2844877614109272979, -1.727008158148991557, -3.172462519467792547E-16 ) ) ;
#352 = CARTESIAN_POINT ( 'NONE',  ( 3.221987761410928020, 0.000000000000000000, 1.495632937500000148 ) ) ;
#353 = COLOUR_RGB ( '',0.7921568627450980005, 0.8196078431372548767, 0.9333333333333333481 ) ;
#354 = CARTESIAN_POINT ( 'NONE',  ( 1.138654428077594538, 1.295256118611743723, 0.7478164687500002961 ) ) ;
#355 = ORIENTED_EDGE ( 'NONE', *, *, #2388, .T. ) ;
#356 = DIRECTION ( 'NONE',  ( 0.000000000000000000, 0.000000000000000000, 1.000000000000000000 ) ) ;
#357 = CARTESIAN_POINT ( 'NONE',  ( 4.211571094061464571, 1.060881119635937564, -0.6124999999999997113 ) ) ;
#358 = CARTESIAN_POINT ( 'NONE',  ( 4.951154428077595426, 0.8635040790744962225, -1.495632937499999704 ) ) ;
#359 = CARTESIAN_POINT ( 'NONE',  ( 6.159487761410927575, 0.000000000000000000, 1.495632937500000148 ) ) ;
#360 = CARTESIAN_POINT ( 'NONE',  ( 4.128237760728130645, 1.500192328955507931E-16, -1.225000000000000089 ) ) ;
#361 = CARTESIAN_POINT ( 'NONE',  ( 3.346987761410928020, -1.727008158148991557, -3.172462519467792547E-16 ) ) ;
#362 = CARTESIAN_POINT ( 'NONE',  ( 1.003237762093723839, 0.000000000000000000, 1.225000000000000089 ) ) ;
#363 = CARTESIAN_POINT ( 'NONE',  ( 2.628237762093723173, -1.414508159514583197, -2.598409334876022102E-16 ) ) ;
#364 = CARTESIAN_POINT ( 'NONE',  ( -4.666666666666662522, 0.000000000000000000, 0.000000000000000000 ) ) ;
#365 = EDGE_CURVE ( 'NONE', #1897, #2467, #3696, .T. ) ;
#366 = CARTESIAN_POINT ( 'NONE',  ( 2.003237762093723617, 0.000000000000000000, 1.225000000000000089 ) ) ;
#367 = CARTESIAN_POINT ( 'NONE',  ( 1.503237762093723395, 0.000000000000000000, 1.225000000000000089 ) ) ;
#368 = ORIENTED_EDGE ( 'NONE', *, *, #84, .F. ) ;
#369 = CARTESIAN_POINT ( 'NONE',  ( 2.367821094744261501, -0.8635040790744952233, -1.495632937500000592 ) ) ;
#370 = CARTESIAN_POINT ( 'NONE',  ( 5.794904428760389692, 0.7072540797572945959, -1.224999999999996092 ) ) ;
#371 = CARTESIAN_POINT ( 'NONE',  ( 2.180321094744261501, 0.8635040790744956674, 1.495632937500000148 ) ) ;
#372 = ORIENTED_EDGE ( 'NONE', *, *, #2612, .F. ) ;
#373 = CYLINDRICAL_SURFACE ( 'NONE', #1502, 1.225000000000000089 ) ;
#374 = CARTESIAN_POINT ( 'NONE',  ( 3.836571094061464127, 0.7072540797572914872, 1.225000000000000089 ) ) ;
#375 = CARTESIAN_POINT ( 'NONE',  ( 2.159487761410928020, 0.000000000000000000, 1.495632937500000148 ) ) ;
#376 = CARTESIAN_POINT ( 'NONE',  ( 5.742821094744261501, -1.295256118611744389, 0.7478164687499990748 ) ) ;
#377 = CARTESIAN_POINT ( 'NONE',  ( 6.346987761410927575, -1.727008158148991335, -3.172462519467792547E-16 ) ) ;
#378 = CARTESIAN_POINT ( 'NONE',  ( 1.638654428077594982, 1.295256118611743723, 0.7478164687500002961 ) ) ;
#379 = CARTESIAN_POINT ( 'NONE',  ( 0.7115710954270572097, -0.7072540797572911542, -1.225000000000000533 ) ) ;
#380 = CARTESIAN_POINT ( 'NONE',  ( -0.2500000000000002220, 0.000000000000000000, 0.000000000000000000 ) ) ;
#381 = ADVANCED_FACE ( 'NONE', ( #723 ), #1324, .T. ) ;
#382 = CARTESIAN_POINT ( 'NONE',  ( 0.08657109406146404340, -0.7072540797572911542, -1.225000000000000533 ) ) ;
#383 = FACE_OUTER_BOUND ( 'NONE', #3708, .T. ) ;
#384 = CARTESIAN_POINT ( 'NONE',  ( 5.409487761410928464, 1.831622089608728481E-16, -1.495632937500000148 ) ) ;
#385 = EDGE_LOOP ( 'NONE', ( #2351, #1185, #2561, #3093 ) ) ;
#386 = CARTESIAN_POINT ( 'NONE',  ( 0.5761544280775947602, 1.295256118611743723, 0.7478164687500002961 ) ) ;
#387 = CARTESIAN_POINT ( 'NONE',  ( 3.378237760728130645, 0.000000000000000000, 1.225000000000000089 ) ) ;
#388 = CARTESIAN_POINT ( 'NONE',  ( 1.138654428077594538, 1.295256118611743723, 0.7478164687500002961 ) ) ;
#389 = VERTEX_POINT ( 'NONE', #2112 ) ;
#390 = DIRECTION ( 'NONE',  ( -1.000000000000000000, -0.000000000000000000, -0.000000000000000000 ) ) ;
#391 = CARTESIAN_POINT ( 'NONE',  ( 5.003237760728130645, -1.414508159514583197, -2.598409334876022102E-16 ) ) ;
#392 = CARTESIAN_POINT ( 'NONE',  ( 4.159487761410928464, 0.000000000000000000, 1.495632937500000148 ) ) ;
#393 = ADVANCED_BREP_SHAPE_REPRESENTATION ( 'Self-Tapping Screw M3x10 Hexagonal Socket Large Flat Head', ( #1473, #831 ), #3741 ) ;
#394 = CARTESIAN_POINT ( 'NONE',  ( 7.576154428077593650, 1.295256118611743723, 0.7478164687500002961 ) ) ;
#395 = CARTESIAN_POINT ( 'NONE',  ( 6.221987761410927575, 0.000000000000000000, 1.495632937500000148 ) ) ;
#396 = CARTESIAN_POINT ( 'NONE',  ( 1.555321094744261279, 1.295256118611743723, -0.7478164687499997410 ) ) ;
#397 = CARTESIAN_POINT ( 'NONE',  ( 2.378237762093724061, 1.414508159514583197, 8.661364449586740749E-17 ) ) ;
#398 = DIRECTION ( 'NONE',  ( -0.8660254037844379305, 0.000000000000000000, 0.5000000000000013323 ) ) ;
#399 = VECTOR ( 'NONE', #870, 1000.000000000000000 ) ;
#400 = CIRCLE ( 'NONE', #1663, 3.250000000000000444 ) ;
#401 = CARTESIAN_POINT ( 'NONE',  ( 2.336571094061464571, 0.7072540797572914872, 1.225000000000000089 ) ) ;
#402 = CARTESIAN_POINT ( 'NONE',  ( -0.2571789052557387212, -1.295256118611744389, 0.7478164687499990748 ) ) ;
#403 = CARTESIAN_POINT ( 'NONE',  ( 3.336571095427056655, 1.060881119635937564, -0.6124999999999997113 ) ) ;
#404 = CARTESIAN_POINT ( 'NONE',  ( 6.659487761410927575, 0.000000000000000000, 1.495632937500000148 ) ) ;
#405 = ORIENTED_EDGE ( 'NONE', *, *, #2910, .F. ) ;
#406 = CARTESIAN_POINT ( 'NONE',  ( 0.5032377620937232843, 0.000000000000000000, 1.225000000000000089 ) ) ;
#407 = EDGE_CURVE ( 'NONE', #3206, #1554, #1569, .T. ) ;
#408 = PRODUCT_RELATED_PRODUCT_CATEGORY ( 'part', '', ( #1492 ) ) ;
#409 = CARTESIAN_POINT ( 'NONE',  ( 1.378237760728130645, 0.000000000000000000, 1.225000000000000089 ) ) ;
#410 =( BOUNDED_CURVE ( )  B_SPLINE_CURVE ( 2, ( #3657, #1951, #1094, #1077, #1059, #186, #1620 ),
 .UNSPECIFIED., .F., .F. ) 
 B_SPLINE_CURVE_WITH_KNOTS ( ( 3, 2, 2, 3 ),
 ( 0.6944444444444443088, 0.7037037037037036091, 0.7129629629629629095, 0.7222222222222222099 ),
 .UNSPECIFIED. ) 
 CURVE ( )  GEOMETRIC_REPRESENTATION_ITEM ( )  RATIONAL_B_SPLINE_CURVE ( ( 1.000000000000001554, 0.8660254037844371533, 1.000000000000000000, 0.8660254037844387076, 1.000000000000000000, 0.8660254037844387076, 1.000000000000000000 ) ) 
 REPRESENTATION_ITEM ( '' )  );
#411 = CARTESIAN_POINT ( 'NONE',  ( 7.517843284199896559, 1.406025481435337454, 0.3354437526507624279 ) ) ;
#412 = ORIENTED_EDGE ( 'NONE', *, *, #126, .T. ) ;
#413 = CARTESIAN_POINT ( 'NONE',  ( 5.044904427394797608, -1.060881119635937342, -0.6125000000000005995 ) ) ;
#414 = CARTESIAN_POINT ( 'NONE',  ( 3.992821094744261501, 1.295256118611743723, -0.7478164687499997410 ) ) ;
#415 = CARTESIAN_POINT ( 'NONE',  ( 8.159487761410927575, 0.000000000000000000, 1.495632937500000148 ) ) ;
#416 = CARTESIAN_POINT ( 'NONE',  ( 1.055321094744261501, 1.295256118611743723, -0.7478164687499997410 ) ) ;
#417 = CARTESIAN_POINT ( 'NONE',  ( 1.253237762093724061, 1.500192328955507931E-16, -1.225000000000000089 ) ) ;
#418 = CARTESIAN_POINT ( 'NONE',  ( 0.2219877614109289632, 0.000000000000000000, 1.495632937500000148 ) ) ;
#419 = CARTESIAN_POINT ( 'NONE',  ( 1.669904427394797164, 0.7072540797572920424, -1.224999999999999867 ) ) ;
#420 = CARTESIAN_POINT ( 'NONE',  ( 0.4094877614109274089, 1.831622089608728481E-16, -1.495632937500000148 ) ) ;
#421 = LINE ( 'NONE', #2709, #1782 ) ;
#422 = CARTESIAN_POINT ( 'NONE',  ( 6.784487761410927575, -1.727008158148991335, -3.172462519467792547E-16 ) ) ;
#423 = VERTEX_POINT ( 'NONE', #3622 ) ;
#424 = CARTESIAN_POINT ( 'NONE',  ( -4.666666666666662522, 0.000000000000000000, 1.225000000000000089 ) ) ;
#425 = CARTESIAN_POINT ( 'NONE',  ( 1.336571094061464571, 0.7072540797572866023, 1.225000000000008527 ) ) ;
#426 = CARTESIAN_POINT ( 'NONE',  ( 0.4303210947442618894, -0.8635040790744952233, -1.495632937500000592 ) ) ;
#427 = VERTEX_POINT ( 'NONE', #1605 ) ;
#428 =( BOUNDED_CURVE ( )  B_SPLINE_CURVE ( 2, ( #46, #2584, #2064, #8, #3194, #276, #2293 ),
 .UNSPECIFIED., .F., .F. ) 
 B_SPLINE_CURVE_WITH_KNOTS ( ( 3, 2, 2, 3 ),
 ( 0.1666666666666666019, 0.1759259259259258745, 0.1851851851851851471, 0.1944444444444444198 ),
 .UNSPECIFIED. ) 
 CURVE ( )  GEOMETRIC_REPRESENTATION_ITEM ( )  RATIONAL_B_SPLINE_CURVE ( ( 1.000000000000000888, 0.8660254037844379305, 1.000000000000000000, 0.8660254037844387076, 1.000000000000000000, 0.8660254037844391517, 0.9999999999999995559 ) ) 
 REPRESENTATION_ITEM ( '' )  );
#429 = CARTESIAN_POINT ( 'NONE',  ( 2.878237760728130201, 0.000000000000000000, 1.225000000000000089 ) ) ;
#430 = CARTESIAN_POINT ( 'NONE',  ( 2.534487761410928464, 1.727008158148991557, 1.057487506489264306E-16 ) ) ;
#431 = CARTESIAN_POINT ( 'NONE',  ( 7.451154428077594538, 0.8635040790744962225, -1.495632937499999704 ) ) ;
#432 = CARTESIAN_POINT ( 'NONE',  ( 7.138654428077594538, 1.295256118611743723, 0.7478164687500002961 ) ) ;
#433 = CARTESIAN_POINT ( 'NONE',  ( -0.1946789052557386379, -1.295256118611744389, 0.7478164687499990748 ) ) ;
#434 = CARTESIAN_POINT ( 'NONE',  ( 1.836571095427057321, 1.060881119635937564, -0.6124999999999997113 ) ) ;
#435 = CARTESIAN_POINT ( 'NONE',  ( 0.3469877614109273534, -1.727008158148991335, -3.172462519467792547E-16 ) ) ;
#436 = EDGE_CURVE ( 'NONE', #3492, #3156, #3044, .T. ) ;
#437 = CARTESIAN_POINT ( 'NONE',  ( 0.4615710940614643487, -1.060881119635938008, 0.6124999999999992673 ) ) ;
#438 = CARTESIAN_POINT ( 'NONE',  ( 8.211571095427055766, -0.7072540797572911542, -1.225000000000000533 ) ) ;
#439 = FACE_OUTER_BOUND ( 'NONE', #1993, .T. ) ;
#440 = CARTESIAN_POINT ( 'NONE',  ( 6.534487761410927575, 1.727008158148991335, 1.057487506489264306E-16 ) ) ;
#441 = VERTEX_POINT ( 'NONE', #2761 ) ;
#442 = CARTESIAN_POINT ( 'NONE',  ( -0.2571789052557387212, -1.295256118611744389, 0.7478164687499990748 ) ) ;
#443 = CARTESIAN_POINT ( 'NONE',  ( 5.888654428077594538, -1.295256118611743501, -0.7478164687500007402 ) ) ;
#444 = CARTESIAN_POINT ( 'NONE',  ( -0.2500000000000002220, 0.000000000000000000, 0.000000000000000000 ) ) ;
#445 = CARTESIAN_POINT ( 'NONE',  ( 0.05532109474426158413, 1.295256118611743723, -0.7478164687499997410 ) ) ;
#446 = EDGE_LOOP ( 'NONE', ( #3344, #596, #1748, #543, #1520 ) ) ;
#447 = CARTESIAN_POINT ( 'NONE',  ( 3.503237762093723173, 0.000000000000000000, 1.225000000000000089 ) ) ;
#448 = CARTESIAN_POINT ( 'NONE',  ( 4.034487761410927575, 1.727008158148991557, 1.057487506489264306E-16 ) ) ;
#449 = CARTESIAN_POINT ( 'NONE',  ( 3.201154428077594538, -0.8635040790744966666, 1.495632937499999704 ) ) ;
#450 = CARTESIAN_POINT ( 'NONE',  ( -4.666666666666662522, 0.000000000000000000, 1.225000000000000089 ) ) ;
#451 = CARTESIAN_POINT ( 'NONE',  ( 1.221987761410928020, 0.000000000000000000, 1.495632937500000148 ) ) ;
#452 = FACE_OUTER_BOUND ( 'NONE', #2118, .T. ) ;
#453 = CARTESIAN_POINT ( 'NONE',  ( 7.869798249985149319, 1.229872551088477595, -0.1654144307161777017 ) ) ;
#454 = CARTESIAN_POINT ( 'NONE',  ( 7.346987761410928464, -1.727008158148991557, -3.172462519467792547E-16 ) ) ;
#455 = CARTESIAN_POINT ( 'NONE',  ( 8.378237762093723617, 1.414508159514583197, 8.661364449586740749E-17 ) ) ;
#456 = FACE_OUTER_BOUND ( 'NONE', #1989, .T. ) ;
#457 = CARTESIAN_POINT ( 'NONE',  ( 6.242821094744260613, -1.295256118611744389, 0.7478164687499990748 ) ) ;
#458 = CIRCLE ( 'NONE', #3059, 0.2500000000000002220 ) ;
#459 = EDGE_LOOP ( 'NONE', ( #1427, #734, #3323, #2597 ) ) ;
#460 = DIRECTION ( 'NONE',  ( -1.000000000000000000, -0.000000000000000000, -0.000000000000000000 ) ) ;
#461 = CARTESIAN_POINT ( 'NONE',  ( 5.513654428077593650, 0.8635040790744962225, -1.495632937499999704 ) ) ;
#462 = CARTESIAN_POINT ( 'NONE',  ( -0.2500000000000002220, 3.980102097228898231E-16, -3.250000000000000444 ) ) ;
#463 = CARTESIAN_POINT ( 'NONE',  ( 4.378237760728130645, 0.000000000000000000, 1.225000000000000089 ) ) ;
#464 = VECTOR ( 'NONE', #1669, 1000.000000000000000 ) ;
#465 = CARTESIAN_POINT ( 'NONE',  ( 7.474063190748269747, 1.293234424360796275, -0.6806214055363343229 ) ) ;
#466 = ORIENTED_EDGE ( 'NONE', *, *, #267, .T. ) ;
#467 = ORIENTED_EDGE ( 'NONE', *, *, #1878, .T. ) ;
#468 = FACE_OUTER_BOUND ( 'NONE', #299, .T. ) ;
#469 = CARTESIAN_POINT ( 'NONE',  ( 4.617821094744261501, 0.8635040790744956674, 1.495632937500000148 ) ) ;
#470 = CARTESIAN_POINT ( 'NONE',  ( 3.846987761410928908, -1.727008158148991335, -3.172462519467792547E-16 ) ) ;
#471 = DIRECTION ( 'NONE',  ( -1.000000000000000000, -0.000000000000000000, -0.000000000000000000 ) ) ;
#472 = CYLINDRICAL_SURFACE ( 'NONE', #474, 1.225000000000000089 ) ;
#473 = CARTESIAN_POINT ( 'NONE',  ( 8.576154428077595426, 1.295256118611743723, 0.7478164687500002961 ) ) ;
#474 = AXIS2_PLACEMENT_3D ( 'NONE', #1082, #2514, #1938 ) ;
#475 = CARTESIAN_POINT ( 'NONE',  ( 7.846987761410927575, -1.727008158148991557, -3.172462519467792547E-16 ) ) ;
#476 = CARTESIAN_POINT ( 'NONE',  ( 8.044904428760389692, -0.7072540797572921534, 1.224999999999999867 ) ) ;
#477 = CARTESIAN_POINT ( 'NONE',  ( 1.753237762093723617, 1.500192328955507931E-16, -1.225000000000000089 ) ) ;
#478 = CARTESIAN_POINT ( 'NONE',  ( 3.576154428077594982, 1.295256118611743723, 0.7478164687500002961 ) ) ;
#479 = ORIENTED_EDGE ( 'NONE', *, *, #2804, .T. ) ;
#480 = CARTESIAN_POINT ( 'NONE',  ( -1.499999999999999778, 0.5773502691896256200, -1.000000000000000000 ) ) ;
#481 = EDGE_CURVE ( 'NONE', #2159, #2500, #3645, .T. ) ;
#482 = EDGE_CURVE ( 'NONE', #2906, #2104, #1810, .T. ) ;
#483 = CARTESIAN_POINT ( 'NONE',  ( 4.930321094744261501, -0.8635040790744952233, -1.495632937500000592 ) ) ;
#484 = DIRECTION ( 'NONE',  ( 0.000000000000000000, 0.000000000000000000, -1.000000000000000000 ) ) ;
#485 = CARTESIAN_POINT ( 'NONE',  ( 4.044904427394796720, -1.060881119635937342, -0.6125000000000005995 ) ) ;
#486 = CARTESIAN_POINT ( 'NONE',  ( 7.416378360678727688, 0.1904019268119303832, -1.491654645343585717 ) ) ;
#487 = CARTESIAN_POINT ( 'NONE',  ( -0.6834230854612498574, 0.000000000000000000, 0.000000000000000000 ) ) ;
#488 = CARTESIAN_POINT ( 'NONE',  ( 3.659487761410927575, 0.000000000000000000, 1.495632937500000148 ) ) ;
#489 = CARTESIAN_POINT ( 'NONE',  ( 5.096987761410928464, 1.727008158148991335, 1.057487506489264306E-16 ) ) ;
#490 = CARTESIAN_POINT ( 'NONE',  ( 7.777088302160765743, -0.1748649950025384925, -1.283398667132219506 ) ) ;
#491 = DIRECTION ( 'NONE',  ( 0.000000000000000000, 0.000000000000000000, 1.000000000000000000 ) ) ;
#492 = CARTESIAN_POINT ( 'NONE',  ( 7.221987761410928464, 0.000000000000000000, 1.495632937500000148 ) ) ;
#493 = CARTESIAN_POINT ( 'NONE',  ( 6.378237762093723617, 1.414508159514583197, 8.661364449586740749E-17 ) ) ;
#494 = PLANE ( 'NONE',  #2201 ) ;
#495 = CARTESIAN_POINT ( 'NONE',  ( 4.076154428077594538, 1.295256118611743723, 0.7478164687500002961 ) ) ;
#496 = EDGE_CURVE ( 'NONE', #2028, #561, #3136, .T. ) ;
#497 = ORIENTED_EDGE ( 'NONE', *, *, #1566, .F. ) ;
#498 = CARTESIAN_POINT ( 'NONE',  ( 4.628237760728130645, 1.500192328955507931E-16, -1.225000000000000089 ) ) ;
#499 = CARTESIAN_POINT ( 'NONE',  ( 4.888654428077595426, -1.295256118611743501, -0.7478164687500007402 ) ) ;
#500 = CARTESIAN_POINT ( 'NONE',  ( 5.169904428760390580, -1.060881119635937342, -0.6125000000000005995 ) ) ;
#501 = B_SPLINE_CURVE_WITH_KNOTS ( 'NONE', 3,
 ( #795, #1397, #2798, #3331, #209, #1921, #2493, #1343, #740, #3084, #2553, #3407 ),
 .UNSPECIFIED., .F., .F.,
 ( 4, 2, 2, 2, 2, 4 ),
 ( 0.000000000000000000, 0.0003319955557158292244, 0.0006639911114316584487, 0.001327982222863316897, 0.001991973334294975563, 0.002655964445726633795 ),
 .UNSPECIFIED. ) ;
#502 = EDGE_LOOP ( 'NONE', ( #1740, #25, #2331, #40 ) ) ;
#503 = CARTESIAN_POINT ( 'NONE',  ( 6.711571095427057543, -0.7072540797572901550, -1.225000000000002531 ) ) ;
#504 = CARTESIAN_POINT ( 'NONE',  ( 0.5761544280775947602, 1.295256118611743723, 0.7478164687500002961 ) ) ;
#505 = EDGE_CURVE ( 'NONE', #1524, #3529, #2103, .T. ) ;
#506 = CARTESIAN_POINT ( 'NONE',  ( 5.451154428077593650, 0.8635040790744962225, -1.495632937499999704 ) ) ;
#507 = CARTESIAN_POINT ( 'NONE',  ( 5.763654428077594538, -0.8635040790744965555, 1.495632937499999704 ) ) ;
#508 = CARTESIAN_POINT ( 'NONE',  ( 2.336571095427056655, 1.060881119635937564, -0.6124999999999997113 ) ) ;
#509 = LINE ( 'NONE', #1660, #1439 ) ;
#510 = CARTESIAN_POINT ( 'NONE',  ( -0.2500000000000002220, 0.000000000000000000, 3.500000000000000000 ) ) ;
#511 = CARTESIAN_POINT ( 'NONE',  ( 8.263654428077595426, -0.8635040790744966666, 1.495632937499999704 ) ) ;
#512 = CARTESIAN_POINT ( 'NONE',  ( 7.003237762093723617, 0.000000000000000000, 1.225000000000000089 ) ) ;
#513 = CYLINDRICAL_SURFACE ( 'NONE', #2695, 3.500000000000000000 ) ;
#514 = CARTESIAN_POINT ( 'NONE',  ( 4.492821094744261501, 1.295256118611743723, -0.7478164687499997410 ) ) ;
#515 = DIRECTION ( 'NONE',  ( 0.000000000000000000, -0.5000000000000002220, -0.8660254037844384856 ) ) ;
#516 = CARTESIAN_POINT ( 'NONE',  ( 0.000000000000000000, 4.133182947122317660E-16, -3.250000000000000444 ) ) ;
#517 = CARTESIAN_POINT ( 'NONE',  ( 4.971987761410927575, 1.831622089608728481E-16, -1.495632937500000148 ) ) ;
#518 = CARTESIAN_POINT ( 'NONE',  ( 7.784487761752311386, 1.566478280651627437E-16, -1.279126587145184235 ) ) ;
#519 = CARTESIAN_POINT ( 'NONE',  ( 6.836571094061463683, 0.7072540797572914872, 1.225000000000000089 ) ) ;
#520 = VECTOR ( 'NONE', #1616, 1000.000000000000000 ) ;
#521 = EDGE_CURVE ( 'NONE', #2583, #1713, #2495, .T. ) ;
#522 = ORIENTED_EDGE ( 'NONE', *, *, #2922, .F. ) ;
#523 = DIRECTION ( 'NONE',  ( 0.000000000000000000, 0.000000000000000000, 1.000000000000000000 ) ) ;
#524 = CARTESIAN_POINT ( 'NONE',  ( 1.867821094744261501, -0.8635040790744953343, -1.495632937500000592 ) ) ;
#525 = CARTESIAN_POINT ( 'NONE',  ( 3.576154428077594982, 1.295256118611743723, 0.7478164687500002961 ) ) ;
#526 = CARTESIAN_POINT ( 'NONE',  ( 5.346987761410929352, -1.727008158148991335, -3.172462519467792547E-16 ) ) ;
#527 = EDGE_CURVE ( 'NONE', #309, #3156, #3008, .T. ) ;
#528 = CARTESIAN_POINT ( 'NONE',  ( 7.743740707541193480, -0.8165246483330574900, -1.018699084684543843 ) ) ;
#529 = CARTESIAN_POINT ( 'NONE',  ( 8.586571094061465459, -0.7072540797572911542, -1.225000000000000533 ) ) ;
#530 = CARTESIAN_POINT ( 'NONE',  ( 7.909487761410927575, 1.831622089608728481E-16, -1.495632937500000148 ) ) ;
#531 =( BOUNDED_CURVE ( )  B_SPLINE_CURVE ( 2, ( #1576, #139, #2788, #2842, #3726, #2286, #498 ),
 .UNSPECIFIED., .F., .T. ) 
 B_SPLINE_CURVE_WITH_KNOTS ( ( 3, 2, 2, 3 ),
 ( 0.4444444444444444198, 0.4537037037037036646, 0.4629629629629629095, 0.4722222222222220989 ),
 .UNSPECIFIED. ) 
 CURVE ( )  GEOMETRIC_REPRESENTATION_ITEM ( )  RATIONAL_B_SPLINE_CURVE ( ( 1.000000000000000000, 0.8660254037844387076, 1.000000000000000000, 0.8660254037844387076, 1.000000000000000000, 0.8660254037844402619, 0.9999999999999984457 ) ) 
 REPRESENTATION_ITEM ( '' )  );
#532 = CARTESIAN_POINT ( 'NONE',  ( 8.471987761410927575, 1.831622089608728481E-16, -1.495632937500000148 ) ) ;
#533 = CARTESIAN_POINT ( 'NONE',  ( 7.086571095427056655, -1.060881119635938008, 0.6124999999999992673 ) ) ;
#534 = CARTESIAN_POINT ( 'NONE',  ( 7.930321094744261501, -0.8635040790744952233, -1.495632937500000592 ) ) ;
#535 = CARTESIAN_POINT ( 'NONE',  ( 2.867821094744261501, -0.8635040790744953343, -1.495632937500000592 ) ) ;
#536 = CARTESIAN_POINT ( 'NONE',  ( -4.666666666666662522, 0.000000000000000000, 1.225000000000000089 ) ) ;
#537 = VECTOR ( 'NONE', #390, 1000.000000000000000 ) ;
#538 = CARTESIAN_POINT ( 'NONE',  ( 5.503237762093723617, 0.000000000000000000, 1.225000000000000089 ) ) ;
#539 = ORIENTED_EDGE ( 'NONE', *, *, #1716, .F. ) ;
#540 = CARTESIAN_POINT ( 'NONE',  ( 4.180321094744260613, 0.8635040790744956674, 1.495632937500000148 ) ) ;
#541 = CARTESIAN_POINT ( 'NONE',  ( 4.294904427394796720, 1.060881119635937564, 0.6125000000000001554 ) ) ;
#542 = CARTESIAN_POINT ( 'NONE',  ( 7.699049815430223376, 1.328356063669623000, 0.08864493111622705201 ) ) ;
#543 = ORIENTED_EDGE ( 'NONE', *, *, #3009, .F. ) ;
#544 = CARTESIAN_POINT ( 'NONE',  ( 2.117821094744261501, 0.8635040790744956674, 1.495632937500000148 ) ) ;
#545 = EDGE_CURVE ( 'NONE', #658, #389, #2039, .T. ) ;
#546 = CARTESIAN_POINT ( 'NONE',  ( 1.284487761410928242, -1.727008158148991557, -3.172462519467792547E-16 ) ) ;
#547 = CARTESIAN_POINT ( 'NONE',  ( 4.888654428077595426, -1.295256118611743501, -0.7478164687500007402 ) ) ;
#548 = CARTESIAN_POINT ( 'NONE',  ( 6.919904428760390580, 1.060881119635937564, 0.6125000000000001554 ) ) ;
#549 = CARTESIAN_POINT ( 'NONE',  ( 6.794904427394797608, 1.060881119635937564, 0.6125000000000001554 ) ) ;
#550 = CARTESIAN_POINT ( 'NONE',  ( 7.409487761410927575, 1.831622089608728481E-16, -1.495632937500000148 ) ) ;
#551 = CARTESIAN_POINT ( 'NONE',  ( 5.346987761410927575, -1.727008158148991557, -3.172462519467792547E-16 ) ) ;
#552 = CARTESIAN_POINT ( 'NONE',  ( 7.419904428760389692, 1.060881119635937564, 0.6125000000000001554 ) ) ;
#553 =( BOUNDED_CURVE ( )  B_SPLINE_CURVE ( 2, ( #3340, #2176, #2483, #201, #1313, #1930, #806 ),
 .UNSPECIFIED., .F., .T. ) 
 B_SPLINE_CURVE_WITH_KNOTS ( ( 3, 2, 2, 3 ),
 ( 0.9444444444444441977, 0.9537037037037034981, 0.9629629629629626875, 0.9722222222222219878 ),
 .UNSPECIFIED. ) 
 CURVE ( )  GEOMETRIC_REPRESENTATION_ITEM ( )  RATIONAL_B_SPLINE_CURVE ( ( 1.000000000000003109, 0.8660254037844354880, 1.000000000000000000, 0.8660254037844387076, 1.000000000000000000, 0.8660254037844419273, 0.9999999999999967804 ) ) 
 REPRESENTATION_ITEM ( '' )  );
#554 = CARTESIAN_POINT ( 'NONE',  ( 3.753237762093723617, 1.500192328955507931E-16, -1.225000000000000089 ) ) ;
#555 = CARTESIAN_POINT ( 'NONE',  ( 4.951154428077595426, 0.8635040790744962225, -1.495632937499999704 ) ) ;
#556 = CARTESIAN_POINT ( 'NONE',  ( 2.168404344971008868E-16, 0.5773502691896256200, -1.000000000000000000 ) ) ;
#557 = ORIENTED_EDGE ( 'NONE', *, *, #2732, .F. ) ;
#558 = CARTESIAN_POINT ( 'NONE',  ( 3.013654428077594538, 0.8635040790744962225, -1.495632937499999704 ) ) ;
#559 = CARTESIAN_POINT ( 'NONE',  ( -4.666666666666662522, 0.000000000000000000, 0.000000000000000000 ) ) ;
#560 = CARTESIAN_POINT ( 'NONE',  ( 6.586571094061463683, -0.7072540797572911542, -1.225000000000000533 ) ) ;
#561 = VERTEX_POINT ( 'NONE', #510 ) ;
#562 = CARTESIAN_POINT ( 'NONE',  ( 3.628237760728131089, 1.500192328955507931E-16, -1.225000000000000089 ) ) ;
#563 = CARTESIAN_POINT ( 'NONE',  ( 0.4928210947442619450, 1.295256118611743723, -0.7478164687499997410 ) ) ;
#564 = CARTESIAN_POINT ( 'NONE',  ( 0.8469877614109276864, -1.727008158148991335, -3.172462519467792547E-16 ) ) ;
#565 = ORIENTED_EDGE ( 'NONE', *, *, #1996, .T. ) ;
#566 = SURFACE_STYLE_FILL_AREA ( #1469 ) ;
#567 = CARTESIAN_POINT ( 'NONE',  ( 6.711571094061463683, 1.060881119635937564, -0.6124999999999997113 ) ) ;
#568 = CARTESIAN_POINT ( 'NONE',  ( 4.784487761410927575, -1.727008158148991557, -3.172462519467792547E-16 ) ) ;
#569 =( BOUNDED_CURVE ( )  B_SPLINE_CURVE ( 2, ( #1210, #1190, #623, #2313, #2356, #2036, #3201 ),
 .UNSPECIFIED., .F., .F. ) 
 B_SPLINE_CURVE_WITH_KNOTS ( ( 3, 2, 2, 3 ),
 ( 0.08333333333333330095, 0.09259259259259257357, 0.1018518518518518323, 0.1111111111111111049 ),
 .UNSPECIFIED. ) 
 CURVE ( )  GEOMETRIC_REPRESENTATION_ITEM ( )  RATIONAL_B_SPLINE_CURVE ( ( 1.000000000000000444, 0.8660254037844383745, 1.000000000000000000, 0.8660254037844387076, 1.000000000000000000, 0.8660254037844387076, 1.000000000000000000 ) ) 
 REPRESENTATION_ITEM ( '' )  );
#570 = CARTESIAN_POINT ( 'NONE',  ( 4.430321094744261501, -0.8635040790744952233, -1.495632937500000592 ) ) ;
#571 = CARTESIAN_POINT ( 'NONE',  ( 4.211571095427056655, -0.7072540797572911542, -1.225000000000000533 ) ) ;
#572 = CARTESIAN_POINT ( 'NONE',  ( 2.492821094744261057, 1.295256118611743723, -0.7478164687499997410 ) ) ;
#573 = LINE ( 'NONE', #2058, #2756 ) ;
#574 =( BOUNDED_CURVE ( )  B_SPLINE_CURVE ( 2, ( #3494, #1797, #43, #2061, #24, #630, #613 ),
 .UNSPECIFIED., .F., .F. ) 
 B_SPLINE_CURVE_WITH_KNOTS ( ( 3, 2, 2, 3 ),
 ( 0.3055555555555555247, 0.3148148148148147696, 0.3240740740740740700, 0.3333333333333333148 ),
 .UNSPECIFIED. ) 
 CURVE ( )  GEOMETRIC_REPRESENTATION_ITEM ( )  RATIONAL_B_SPLINE_CURVE ( ( 1.000000000000000888, 0.8660254037844379305, 1.000000000000000000, 0.8660254037844387076, 1.000000000000000000, 0.8660254037844387076, 1.000000000000000000 ) ) 
 REPRESENTATION_ITEM ( '' )  );
#575 = EDGE_LOOP ( 'NONE', ( #2602, #1182, #2793, #2173 ) ) ;
#576 = CARTESIAN_POINT ( 'NONE',  ( 2.346987761410928464, -1.727008158148991557, -3.172462519467792547E-16 ) ) ;
#577 = DIRECTION ( 'NONE',  ( 0.000000000000000000, 0.000000000000000000, 1.000000000000000000 ) ) ;
#578 = EDGE_LOOP ( 'NONE', ( #1802, #1178, #216, #2864 ) ) ;
#579 = CARTESIAN_POINT ( 'NONE',  ( 7.878237760728073802, 1.224999999999999867, -2.007505150318885833E-08 ) ) ;
#580 = CARTESIAN_POINT ( 'NONE',  ( 1.451154428077594760, 0.8635040790744962225, -1.495632937499999704 ) ) ;
#581 = AXIS2_PLACEMENT_3D ( 'NONE', #255, #4, #2303 ) ;
#582 = CARTESIAN_POINT ( 'NONE',  ( 1.471987761410928464, 1.831622089608728481E-16, -1.495632937500000148 ) ) ;
#583 = ORIENTED_EDGE ( 'NONE', *, *, #328, .F. ) ;
#584 = CARTESIAN_POINT ( 'NONE',  ( 7.604031834086343977, -0.1753213886915565844, 1.374910124851276061 ) ) ;
#585 = CARTESIAN_POINT ( 'NONE',  ( 7.628237760728129757, 1.500192328955507931E-16, -1.225000000000000089 ) ) ;
#586 = CARTESIAN_POINT ( 'NONE',  ( 4.617821094744261501, 0.8635040790744956674, 1.495632937500000148 ) ) ;
#587 = CARTESIAN_POINT ( 'NONE',  ( 3.596987761410928020, 1.727008158148991557, 1.057487506489264306E-16 ) ) ;
#588 = CARTESIAN_POINT ( 'NONE',  ( 3.086571095427056655, -1.060881119635938008, 0.6124999999999992673 ) ) ;
#589 = FACE_OUTER_BOUND ( 'NONE', #1760, .T. ) ;
#590 = CARTESIAN_POINT ( 'NONE',  ( 1.086571095427057543, -1.060881119635938008, 0.6124999999999992673 ) ) ;
#591 = VERTEX_POINT ( 'NONE', #228 ) ;
#592 = VECTOR ( 'NONE', #1683, 1000.000000000000000 ) ;
#593 = LINE ( 'NONE', #3750, #3186 ) ;
#594 = CARTESIAN_POINT ( 'NONE',  ( 1.836571094061464127, 0.7072540797572866023, 1.225000000000008527 ) ) ;
#595 = VECTOR ( 'NONE', #712, 1000.000000000000000 ) ;
#596 = ORIENTED_EDGE ( 'NONE', *, *, #3563, .T. ) ;
#597 = LINE ( 'NONE', #1147, #399 ) ;
#598 = CARTESIAN_POINT ( 'NONE',  ( 2.013654428077594094, 0.8635040790744962225, -1.495632937499999704 ) ) ;
#599 = ADVANCED_FACE ( 'NONE', ( #1100 ), #796, .T. ) ;
#600 = CARTESIAN_POINT ( 'NONE',  ( 2.555321094744261057, 1.295256118611743723, -0.7478164687499997410 ) ) ;
#601 = ORIENTED_EDGE ( 'NONE', *, *, #1349, .T. ) ;
#602 = CARTESIAN_POINT ( 'NONE',  ( 7.128237762093723617, -1.414508159514583197, -2.598409334876022102E-16 ) ) ;
#603 = CARTESIAN_POINT ( 'NONE',  ( 6.669904427394797608, 0.7072540797572920424, -1.224999999999999867 ) ) ;
#604 = CARTESIAN_POINT ( 'NONE',  ( 6.284487761410927575, -1.727008158148991557, -3.172462519467792547E-16 ) ) ;
#605 = ADVANCED_FACE ( 'NONE', ( #2186 ), #2215, .T. ) ;
#606 = CARTESIAN_POINT ( 'NONE',  ( 2.003237762093723617, 0.000000000000000000, 1.225000000000000089 ) ) ;
#607 = CARTESIAN_POINT ( 'NONE',  ( 5.596987761410928464, 1.727008158148991557, 1.057487506489264306E-16 ) ) ;
#608 = CARTESIAN_POINT ( 'NONE',  ( 3.628237762093723617, -1.414508159514583197, -2.598409334876022102E-16 ) ) ;
#609 = CARTESIAN_POINT ( 'NONE',  ( 8.013654428077593650, 0.8635040790744962225, -1.495632937499999704 ) ) ;
#610 = CARTESIAN_POINT ( 'NONE',  ( 1.003237762093723839, 0.000000000000000000, 1.225000000000000089 ) ) ;
#611 = ORIENTED_EDGE ( 'NONE', *, *, #482, .F. ) ;
#612 = CARTESIAN_POINT ( 'NONE',  ( 2.168404344971008868E-16, -0.5773502691896253980, 1.000000000000000000 ) ) ;
#613 = CARTESIAN_POINT ( 'NONE',  ( 5.878237760728130645, 0.000000000000000000, 1.225000000000000089 ) ) ;
#614 = VERTEX_POINT ( 'NONE', #1378 ) ;
#615 = CARTESIAN_POINT ( 'NONE',  ( 0.7011544280775948712, -0.8635040790744966666, 1.495632937499999704 ) ) ;
#616 = CARTESIAN_POINT ( 'NONE',  ( 7.253237762093723617, 1.500192328955507931E-16, -1.225000000000000089 ) ) ;
#617 = CARTESIAN_POINT ( 'NONE',  ( 2.346987761410928464, -1.727008158148991557, -3.172462519467792547E-16 ) ) ;
#618 = CARTESIAN_POINT ( 'NONE',  ( 1.888654428077595204, -1.295256118611743501, -0.7478164687500007402 ) ) ;
#619 = ORIENTED_EDGE ( 'NONE', *, *, #1928, .T. ) ;
#620 = CARTESIAN_POINT ( 'NONE',  ( 8.211571094061463683, 1.060881119635937564, -0.6124999999999997113 ) ) ;
#621 = CARTESIAN_POINT ( 'NONE',  ( 6.409487761410927575, 1.831622089608728481E-16, -1.495632937500000148 ) ) ;
#622 = ADVANCED_FACE ( 'NONE', ( #758 ), #2506, .F. ) ;
#623 = CARTESIAN_POINT ( 'NONE',  ( 7.669904428760389692, -1.060881119635937342, -0.6125000000000005995 ) ) ;
#624 = CARTESIAN_POINT ( 'NONE',  ( 4.263654428077594538, -0.8635040790744966666, 1.495632937499999704 ) ) ;
#625 = CARTESIAN_POINT ( 'NONE',  ( 3.461571095427057099, 0.7072540797572914872, 1.225000000000000089 ) ) ;
#626 = CARTESIAN_POINT ( 'NONE',  ( 7.346987761410928464, -1.727008158148991557, -3.172462519467792547E-16 ) ) ;
#627 = CARTESIAN_POINT ( 'NONE',  ( 2.336571094061464127, 0.7072540797572914872, 1.225000000000000089 ) ) ;
#628 = ORIENTED_EDGE ( 'NONE', *, *, #2388, .F. ) ;
#629 = CARTESIAN_POINT ( 'NONE',  ( 1.336571095427056877, 1.060881119635937564, -0.6124999999999997113 ) ) ;
#630 = CARTESIAN_POINT ( 'NONE',  ( 5.919904427394796720, -0.7072540797572921534, 1.224999999999999645 ) ) ;
#631 = ORIENTED_EDGE ( 'NONE', *, *, #1936, .T. ) ;
#632 = CARTESIAN_POINT ( 'NONE',  ( 2.117821094744261501, 0.8635040790744956674, 1.495632937500000148 ) ) ;
#633 = CARTESIAN_POINT ( 'NONE',  ( 6.211571094061464571, 1.060881119635937564, -0.6124999999999997113 ) ) ;
#634 = CARTESIAN_POINT ( 'NONE',  ( 2.305321094744261057, -1.295256118611744389, 0.7478164687499990748 ) ) ;
#635 = CARTESIAN_POINT ( 'NONE',  ( 1.930321094744261279, -0.8635040790744953343, -1.495632937500000592 ) ) ;
#636 = ORIENTED_EDGE ( 'NONE', *, *, #759, .F. ) ;
#637 = CARTESIAN_POINT ( 'NONE',  ( 7.615293433471351570, -0.4280942350561454668, 1.311494501786936606 ) ) ;
#638 = CARTESIAN_POINT ( 'NONE',  ( 5.336571094061463683, 0.7072540797572914872, 1.225000000000000089 ) ) ;
#639 = CARTESIAN_POINT ( 'NONE',  ( 4.992821094744260613, 1.295256118611743723, -0.7478164687499997410 ) ) ;
#640 = CIRCLE ( 'NONE', #3242, 2.665772485184049412 ) ;
#641 = EDGE_CURVE ( 'NONE', #1200, #2079, #501, .T. ) ;
#642 = ADVANCED_FACE ( 'NONE', ( #1099 ), #472, .T. ) ;
#643 = CARTESIAN_POINT ( 'NONE',  ( 6.117821094744262389, 0.8635040790744956674, 1.495632937500000148 ) ) ;
#644 = CYLINDRICAL_SURFACE ( 'NONE', #3498, 1.225000000000000089 ) ;
#645 = EDGE_CURVE ( 'NONE', #3492, #3571, #676, .T. ) ;
#646 = CARTESIAN_POINT ( 'NONE',  ( 3.263654428077594982, -0.8635040790744966666, 1.495632937499999704 ) ) ;
#647 = CARTESIAN_POINT ( 'NONE',  ( -0.1217622379062754945, 1.414508159514583197, 8.661364449586740749E-17 ) ) ;
#648 = CARTESIAN_POINT ( 'NONE',  ( 3.711571095427057987, -0.7072540797572911542, -1.225000000000000533 ) ) ;
#649 = VECTOR ( 'NONE', #1962, 1000.000000000000000 ) ;
#650 = CYLINDRICAL_SURFACE ( 'NONE', #1006, 1.225000000000000089 ) ;
#651 = CARTESIAN_POINT ( 'NONE',  ( 7.878237760728122652, 1.552392554547140852E-30, 1.224999999999987876 ) ) ;
#652 = CYLINDRICAL_SURFACE ( 'NONE', #1084, 1.225000000000000089 ) ;
#653 = ORIENTED_EDGE ( 'NONE', *, *, #3603, .F. ) ;
#654 = CARTESIAN_POINT ( 'NONE',  ( 1.492821094744261057, 1.295256118611743723, -0.7478164687499997410 ) ) ;
#655 = CARTESIAN_POINT ( 'NONE',  ( -4.666666666666662522, 0.000000000000000000, 0.000000000000000000 ) ) ;
#656 = CARTESIAN_POINT ( 'NONE',  ( 1.680321094744261279, 0.8635040790744956674, 1.495632937500000148 ) ) ;
#657 = AXIS2_PLACEMENT_3D ( 'NONE', #203, #238, #577 ) ;
#658 = VERTEX_POINT ( 'NONE', #2241 ) ;
#659 = AXIS2_PLACEMENT_3D ( 'NONE', #3556, #1542, #106 ) ;
#660 = CARTESIAN_POINT ( 'NONE',  ( -4.666666666666662522, 0.000000000000000000, 1.225000000000000089 ) ) ;
#661 = CARTESIAN_POINT ( 'NONE',  ( 3.211571094061464127, 1.060881119635937564, -0.6124999999999997113 ) ) ;
#662 = CARTESIAN_POINT ( 'NONE',  ( 2.242821094744261057, -1.295256118611744389, 0.7478164687499990748 ) ) ;
#663 = ADVANCED_FACE ( 'NONE', ( #1046 ), #1141, .T. ) ;
#664 = EDGE_CURVE ( 'NONE', #3531, #3514, #509, .T. ) ;
#665 = CARTESIAN_POINT ( 'NONE',  ( 6.784487761410928464, -1.727008158148991557, -3.172462519467792547E-16 ) ) ;
#666 = CARTESIAN_POINT ( 'NONE',  ( 6.513654428077594538, 0.8635040790744962225, -1.495632937499999704 ) ) ;
#667 = CARTESIAN_POINT ( 'NONE',  ( 3.221987761410928020, 0.000000000000000000, 1.495632937500000148 ) ) ;
#668 = CARTESIAN_POINT ( 'NONE',  ( 1.419904428760390580, 1.060881119635937564, 0.6125000000000001554 ) ) ;
#669 = CARTESIAN_POINT ( 'NONE',  ( 7.878237760728073802, 1.224999999999999867, -2.007505150318885833E-08 ) ) ;
#670 = CARTESIAN_POINT ( 'NONE',  ( 1.544904427394797164, -1.060881119635937342, -0.6125000000000005995 ) ) ;
#671 = CARTESIAN_POINT ( 'NONE',  ( 3.211571094061464127, 1.060881119635937564, -0.6124999999999997113 ) ) ;
#672 = CARTESIAN_POINT ( 'NONE',  ( 6.826154428077594538, -1.295256118611743501, -0.7478164687500007402 ) ) ;
#673 = EDGE_LOOP ( 'NONE', ( #2735, #2425, #3300, #539 ) ) ;
#674 = CARTESIAN_POINT ( 'NONE',  ( 0.7428210947442621670, -1.295256118611744389, 0.7478164687499990748 ) ) ;
#675 = CARTESIAN_POINT ( 'NONE',  ( 0.003237762093724616541, 0.000000000000000000, 1.225000000000000089 ) ) ;
#676 =( BOUNDED_CURVE ( )  B_SPLINE_CURVE ( 2, ( #1063, #2222, #3389, #3661, #170, #2199, #191 ),
 .UNSPECIFIED., .F., .F. ) 
 B_SPLINE_CURVE_WITH_KNOTS ( ( 3, 2, 2, 3 ),
 ( 0.4444444444444444198, 0.4537037037037036646, 0.4629629629629629095, 0.4722222222222220989 ),
 .UNSPECIFIED. ) 
 CURVE ( )  GEOMETRIC_REPRESENTATION_ITEM ( )  RATIONAL_B_SPLINE_CURVE ( ( 1.000000000000000000, 0.8660254037844387076, 1.000000000000000000, 0.8660254037844387076, 1.000000000000000000, 0.8660254037844402619, 0.9999999999999984457 ) ) 
 REPRESENTATION_ITEM ( '' )  );
#677 = CARTESIAN_POINT ( 'NONE',  ( 1.221987761410928020, 0.000000000000000000, 1.495632937500000148 ) ) ;
#678 = ORIENTED_EDGE ( 'NONE', *, *, #407, .F. ) ;
#679 = CARTESIAN_POINT ( 'NONE',  ( 4.253237760728130645, 1.414508159514583197, 8.661364449586740749E-17 ) ) ;
#680 = CARTESIAN_POINT ( 'NONE',  ( 4.492821094744261501, 1.295256118611743723, -0.7478164687499997410 ) ) ;
#681 = CARTESIAN_POINT ( 'NONE',  ( 5.826154428077594538, -1.295256118611743501, -0.7478164687500007402 ) ) ;
#682 = PLANE ( 'NONE',  #3375 ) ;
#683 = CARTESIAN_POINT ( 'NONE',  ( 0.9719877614109279085, 1.831622089608728481E-16, -1.495632937500000148 ) ) ;
#684 = CARTESIAN_POINT ( 'NONE',  ( 0.4615710954270577648, 0.7072540797572914872, 1.225000000000000089 ) ) ;
#685 = CARTESIAN_POINT ( 'NONE',  ( 0.3053210947442618339, -1.295256118611744389, 0.7478164687499990748 ) ) ;
#686 = ADVANCED_FACE ( 'NONE', ( #452 ), #3123, .T. ) ;
#687 = CARTESIAN_POINT ( 'NONE',  ( 0.9199044273947974970, -0.7072540797572921534, 1.224999999999999867 ) ) ;
#688 = CARTESIAN_POINT ( 'NONE',  ( 1.284487761410928242, -1.727008158148991557, -3.172462519467792547E-16 ) ) ;
#689 = DIRECTION ( 'NONE',  ( 0.000000000000000000, 0.000000000000000000, 1.000000000000000000 ) ) ;
#690 = CARTESIAN_POINT ( 'NONE',  ( 5.576154428077593650, 1.295256118611743723, 0.7478164687500002961 ) ) ;
#691 = ORIENTED_EDGE ( 'NONE', *, *, #407, .T. ) ;
#692 = CARTESIAN_POINT ( 'NONE',  ( 7.425002852204084292, -0.9048059865404129987, -1.195110400601005818 ) ) ;
#693 = DIRECTION ( 'NONE',  ( 0.000000000000000000, 0.000000000000000000, 1.000000000000000000 ) ) ;
#694 = CARTESIAN_POINT ( 'NONE',  ( 0.6386544280775948712, 1.295256118611743723, 0.7478164687500002961 ) ) ;
#695 = ORIENTED_EDGE ( 'NONE', *, *, #2214, .T. ) ;
#696 =( BOUNDED_CURVE ( )  B_SPLINE_CURVE ( 2, ( #3418, #560, #827, #850, #3458, #3174, #868 ),
 .UNSPECIFIED., .F., .T. ) 
 B_SPLINE_CURVE_WITH_KNOTS ( ( 3, 2, 2, 3 ),
 ( 0.2500000000000000000, 0.2592592592592592449, 0.2685185185185185452, 0.2777777777777777901 ),
 .UNSPECIFIED. ) 
 CURVE ( )  GEOMETRIC_REPRESENTATION_ITEM ( )  RATIONAL_B_SPLINE_CURVE ( ( 1.000000000000000000, 0.8660254037844387076, 1.000000000000000000, 0.8660254037844387076, 1.000000000000000000, 0.8660254037844387076, 1.000000000000000000 ) ) 
 REPRESENTATION_ITEM ( '' )  );
#697 = CARTESIAN_POINT ( 'NONE',  ( 0.3782377620937232288, 1.414508159514583197, 8.661364449586740749E-17 ) ) ;
#698 = CARTESIAN_POINT ( 'NONE',  ( 4.284487761410928464, -1.727008158148991557, -3.172462519467792547E-16 ) ) ;
#699 = CARTESIAN_POINT ( 'NONE',  ( 6.242821094744260613, -1.295256118611744389, 0.7478164687499990748 ) ) ;
#700 = DIRECTION ( 'NONE',  ( 0.000000000000000000, 0.000000000000000000, 1.000000000000000000 ) ) ;
#701 = CARTESIAN_POINT ( 'NONE',  ( 8.284487761410927575, -1.727008158148991557, -3.172462519467792547E-16 ) ) ;
#702 = CARTESIAN_POINT ( 'NONE',  ( 0.9199044287603900250, 1.060881119635937564, 0.6125000000000001554 ) ) ;
#703 = CARTESIAN_POINT ( 'NONE',  ( 6.461571095427058431, 0.7072540797572914872, 1.225000000000000089 ) ) ;
#704 = VECTOR ( 'NONE', #711, 1000.000000000000000 ) ;
#705 = CARTESIAN_POINT ( 'NONE',  ( 2.044904427394797608, -1.060881119635937342, -0.6125000000000005995 ) ) ;
#706 = CARTESIAN_POINT ( 'NONE',  ( 1.117821094744261723, 0.8635040790744956674, 1.495632937500000148 ) ) ;
#707 = DIRECTION ( 'NONE',  ( -0.8660254037844379305, 6.123233995736782060E-17, -0.5000000000000013323 ) ) ;
#708 = CARTESIAN_POINT ( 'NONE',  ( 6.117821094744261501, 0.8635040790744956674, 1.495632937500000148 ) ) ;
#709 = ORIENTED_EDGE ( 'NONE', *, *, #1856, .F. ) ;
#710 = DIRECTION ( 'NONE',  ( -1.000000000000000000, -0.000000000000000000, -0.000000000000000000 ) ) ;
#711 = DIRECTION ( 'NONE',  ( -1.000000000000000000, -0.000000000000000000, -0.000000000000000000 ) ) ;
#712 = DIRECTION ( 'NONE',  ( -1.000000000000000000, -0.000000000000000000, -0.000000000000000000 ) ) ;
#713 = VERTEX_POINT ( 'NONE', #2817 ) ;
#714 = CARTESIAN_POINT ( 'NONE',  ( 0.2532377620937231177, 1.500192328955507931E-16, -1.225000000000000089 ) ) ;
#715 = ADVANCED_FACE ( 'NONE', ( #227 ), #2867, .F. ) ;
#716 = CARTESIAN_POINT ( 'NONE',  ( 3.284487761410928464, -1.727008158148991557, -3.172462519467792547E-16 ) ) ;
#717 = AXIS2_PLACEMENT_3D ( 'NONE', #274, #3155, #3672 ) ;
#718 = CONICAL_SURFACE ( 'NONE', #3623, 3.500000000000000000, 0.8726646259971668762 ) ;
#719 = CARTESIAN_POINT ( 'NONE',  ( 7.159487761410928464, 0.000000000000000000, 1.495632937500000148 ) ) ;
#720 = CARTESIAN_POINT ( 'NONE',  ( 7.221987761410928464, 0.000000000000000000, 1.495632937500000148 ) ) ;
#721 = CARTESIAN_POINT ( 'NONE',  ( 0.5553210947442620560, 1.295256118611743723, -0.7478164687499997410 ) ) ;
#722 = CARTESIAN_POINT ( 'NONE',  ( 1.794904428760390136, 0.7072540797572920424, -1.224999999999999867 ) ) ;
#723 = FACE_OUTER_BOUND ( 'NONE', #459, .T. ) ;
#724 = ADVANCED_FACE ( 'NONE', ( #1597 ), #2195, .T. ) ;
#725 = CARTESIAN_POINT ( 'NONE',  ( 2.419904427394797608, -0.7072540797572921534, 1.224999999999999867 ) ) ;
#726 = CARTESIAN_POINT ( 'NONE',  ( 1.576154428077594760, 1.295256118611743723, 0.7478164687500002961 ) ) ;
#727 = CARTESIAN_POINT ( 'NONE',  ( 2.168404344971008868E-16, -1.154700538379251684, -1.842639638432752208E-16 ) ) ;
#728 = CARTESIAN_POINT ( 'NONE',  ( 6.992821094744260613, 1.295256118611743723, -0.7478164687499997410 ) ) ;
#729 = ORIENTED_EDGE ( 'NONE', *, *, #2507, .F. ) ;
#730 = CARTESIAN_POINT ( 'NONE',  ( 0.1178210947442616535, 0.8635040790744956674, 1.495632937500000148 ) ) ;
#731 = CARTESIAN_POINT ( 'NONE',  ( 6.805321094744261501, -1.295256118611744389, 0.7478164687499990748 ) ) ;
#732 = CARTESIAN_POINT ( 'NONE',  ( 5.961571095427057543, 0.7072540797572914872, 1.225000000000000089 ) ) ;
#733 = CARTESIAN_POINT ( 'NONE',  ( 0.01365442807759430222, 0.8635040790744962225, -1.495632937499999704 ) ) ;
#734 = ORIENTED_EDGE ( 'NONE', *, *, #1426, .T. ) ;
#735 = CARTESIAN_POINT ( 'NONE',  ( 2.628237762093723173, -1.414508159514583197, -2.598409334876022102E-16 ) ) ;
#736 = CARTESIAN_POINT ( 'NONE',  ( 3.159487761410928020, 0.000000000000000000, 1.495632937500000148 ) ) ;
#737 = CARTESIAN_POINT ( 'NONE',  ( 3.284487761410928464, -1.727008158148991557, -3.172462519467792547E-16 ) ) ;
#738 = CARTESIAN_POINT ( 'NONE',  ( 6.805321094744261501, -1.295256118611744389, 0.7478164687499990748 ) ) ;
#739 = CARTESIAN_POINT ( 'NONE',  ( 8.534487761410927575, 1.727008158148991557, 1.057487506489264306E-16 ) ) ;
#740 = CARTESIAN_POINT ( 'NONE',  ( 4.763465949464726927E-16, 0.9019084545309253853, 0.9930297915282124688 ) ) ;
#741 = CARTESIAN_POINT ( 'NONE',  ( -4.666666666666662522, 0.000000000000000000, 0.000000000000000000 ) ) ;
#742 = CARTESIAN_POINT ( 'NONE',  ( 0.3365710940614642377, 0.7072540797572914872, 1.225000000000000089 ) ) ;
#743 = CARTESIAN_POINT ( 'NONE',  ( 0.4928210947442619450, 1.295256118611743723, -0.7478164687499997410 ) ) ;
#744 = FACE_OUTER_BOUND ( 'NONE', #348, .T. ) ;
#745 = CARTESIAN_POINT ( 'NONE',  ( -2.146075233711434638E-16, 0.5254777593324171381, -1.400282474425021517 ) ) ;
#746 = ORIENTED_EDGE ( 'NONE', *, *, #2053, .F. ) ;
#747 = CARTESIAN_POINT ( 'NONE',  ( 7.855908662090662631, 1.224999994620906030, -0.3282377700449889968 ) ) ;
#748 = CARTESIAN_POINT ( 'NONE',  ( 5.680321094744261501, 0.8635040790744956674, 1.495632937500000148 ) ) ;
#749 = CARTESIAN_POINT ( 'NONE',  ( -4.666666666666662522, 0.000000000000000000, 1.225000000000000089 ) ) ;
#750 = CARTESIAN_POINT ( 'NONE',  ( 3.878237760728130201, 0.000000000000000000, 1.225000000000000089 ) ) ;
#751 = CARTESIAN_POINT ( 'NONE',  ( 0.4719877614109274644, 1.831622089608728481E-16, -1.495632937500000148 ) ) ;
#752 = ORIENTED_EDGE ( 'NONE', *, *, #903, .T. ) ;
#753 = CARTESIAN_POINT ( 'NONE',  ( 7.378237760728130645, 0.000000000000000000, 1.225000000000000089 ) ) ;
#754 = CARTESIAN_POINT ( 'NONE',  ( 4.992821094744260613, 1.295256118611743723, -0.7478164687499997410 ) ) ;
#755 = CARTESIAN_POINT ( 'NONE',  ( 5.471987761410928464, 1.831622089608728481E-16, -1.495632937500000148 ) ) ;
#756 = CARTESIAN_POINT ( 'NONE',  ( 1.346987761410928242, -1.727008158148991557, -3.172462519467792547E-16 ) ) ;
#757 = CARTESIAN_POINT ( 'NONE',  ( -4.666666666666662522, 0.000000000000000000, 0.000000000000000000 ) ) ;
#758 = FACE_OUTER_BOUND ( 'NONE', #3758, .T. ) ;
#759 = EDGE_CURVE ( 'NONE', #2104, #1150, #3576, .T. ) ;
#760 = CARTESIAN_POINT ( 'NONE',  ( 6.263654428077594538, -0.8635040790744966666, 1.495632937499999704 ) ) ;
#761 = CARTESIAN_POINT ( 'NONE',  ( -0.3405122385890715364, 0.000000000000000000, 1.495632937500000148 ) ) ;
#762 = CARTESIAN_POINT ( 'NONE',  ( 0.7532377607281302012, 1.414508159514583197, 8.661364449586740749E-17 ) ) ;
#763 = CARTESIAN_POINT ( 'NONE',  ( 4.242821094744260613, -1.295256118611744389, 0.7478164687499990748 ) ) ;
#764 = VECTOR ( 'NONE', #3096, 1000.000000000000227 ) ;
#765 = ORIENTED_EDGE ( 'NONE', *, *, #321, .F. ) ;
#766 = CARTESIAN_POINT ( 'NONE',  ( 3.753237762093723617, 1.500192328955507931E-16, -1.225000000000000089 ) ) ;
#767 = CARTESIAN_POINT ( 'NONE',  ( 5.430321094744261501, -0.8635040790744952233, -1.495632937500000592 ) ) ;
#768 = LINE ( 'NONE', #3381, #764 ) ;
#769 = CARTESIAN_POINT ( 'NONE',  ( 2.961571094061464127, -1.060881119635938008, 0.6124999999999992673 ) ) ;
#770 = VECTOR ( 'NONE', #2542, 1000.000000000000000 ) ;
#771 = CARTESIAN_POINT ( 'NONE',  ( 0.3469877614109273534, -1.727008158148991557, -3.172462519467792547E-16 ) ) ;
#772 = ORIENTED_EDGE ( 'NONE', *, *, #102, .F. ) ;
#773 = FACE_OUTER_BOUND ( 'NONE', #3395, .T. ) ;
#774 = CARTESIAN_POINT ( 'NONE',  ( 3.992821094744261501, 1.295256118611743723, -0.7478164687499997410 ) ) ;
#775 = CARTESIAN_POINT ( 'NONE',  ( 3.680321094744261945, 0.8635040790744956674, 1.495632937500000148 ) ) ;
#776 = AXIS2_PLACEMENT_3D ( 'NONE', #1668, #233, #700 ) ;
#777 = EDGE_CURVE ( 'NONE', #1481, #3058, #1558, .T. ) ;
#778 = CARTESIAN_POINT ( 'NONE',  ( -0.4967622379062758275, 0.000000000000000000, 1.225000000000000089 ) ) ;
#779 = CARTESIAN_POINT ( 'NONE',  ( 6.253237762093723617, 1.500192328955507931E-16, -1.225000000000000089 ) ) ;
#780 = VECTOR ( 'NONE', #1864, 1000.000000000000000 ) ;
#781 = CARTESIAN_POINT ( 'NONE',  ( 7.180321094744260613, 0.8635040790744956674, 1.495632937500000148 ) ) ;
#782 = CARTESIAN_POINT ( 'NONE',  ( 5.794904428760389692, 0.7072540797572920424, -1.224999999999999867 ) ) ;
#783 = FACE_OUTER_BOUND ( 'NONE', #3283, .T. ) ;
#784 = CARTESIAN_POINT ( 'NONE',  ( 4.909487761410927575, 1.831622089608728481E-16, -1.495632937500000148 ) ) ;
#785 = EDGE_LOOP ( 'NONE', ( #3057, #2062, #184, #809 ) ) ;
#786 = CARTESIAN_POINT ( 'NONE',  ( 0.003237762093724616541, 0.000000000000000000, 1.225000000000000089 ) ) ;
#787 = CARTESIAN_POINT ( 'NONE',  ( 6.471987761410927575, 1.831622089608728481E-16, -1.495632937500000148 ) ) ;
#788 = EDGE_CURVE ( 'NONE', #3531, #591, #995, .T. ) ;
#789 = CARTESIAN_POINT ( 'NONE',  ( 5.003237762093723617, 0.000000000000000000, 1.225000000000000089 ) ) ;
#790 = CARTESIAN_POINT ( 'NONE',  ( 2.128237760728130645, 1.500192328955507931E-16, -1.225000000000000089 ) ) ;
#791 = CARTESIAN_POINT ( 'NONE',  ( 2.076154428077594538, 1.295256118611743723, 0.7478164687500002961 ) ) ;
#792 = CARTESIAN_POINT ( 'NONE',  ( 2.909487761410928020, 1.831622089608728481E-16, -1.495632937500000148 ) ) ;
#793 = CARTESIAN_POINT ( 'NONE',  ( 6.055321094744261501, 1.295256118611743723, -0.7478164687499997410 ) ) ;
#794 = DIRECTION ( 'NONE',  ( 0.000000000000000000, 0.000000000000000000, 1.000000000000000000 ) ) ;
#795 = CARTESIAN_POINT ( 'NONE',  ( 2.471377641308081726E-17, 1.361539963777916640, -0.6189723828819091445 ) ) ;
#796 = CYLINDRICAL_SURFACE ( 'NONE', #1738, 1.225000000000000089 ) ;
#797 =( BOUNDED_CURVE ( )  B_SPLINE_CURVE ( 2, ( #409, #425, #3593, #1275, #2959, #121, #2389 ),
 .UNSPECIFIED., .F., .T. ) 
 B_SPLINE_CURVE_WITH_KNOTS ( ( 3, 2, 2, 3 ),
 ( 0.8333333333333332593, 0.8425925925925924487, 0.8518518518518517491, 0.8611111111111110494 ),
 .UNSPECIFIED. ) 
 CURVE ( )  GEOMETRIC_REPRESENTATION_ITEM ( )  RATIONAL_B_SPLINE_CURVE ( ( 1.000000000000001554, 0.8660254037844371533, 1.000000000000000000, 0.8660254037844387076, 1.000000000000000000, 0.8660254037844402619, 0.9999999999999984457 ) ) 
 REPRESENTATION_ITEM ( '' )  );
#798 = CARTESIAN_POINT ( 'NONE',  ( 7.555321094744261501, 1.295256118611743723, -0.7478164687499997410 ) ) ;
#799 = CARTESIAN_POINT ( 'NONE',  ( 6.294904428760390580, 0.7072540797572920424, -1.224999999999999867 ) ) ;
#800 = CYLINDRICAL_SURFACE ( 'NONE', #2449, 1.225000000000000089 ) ;
#801 = CARTESIAN_POINT ( 'NONE',  ( 3.326154428077594538, -1.295256118611743501, -0.7478164687500007402 ) ) ;
#802 = ADVANCED_FACE ( 'NONE', ( #1389 ), #1371, .T. ) ;
#803 = EDGE_LOOP ( 'NONE', ( #204, #1757, #2698, #2847 ) ) ;
#804 = LINE ( 'NONE', #1946, #770 ) ;
#805 = CARTESIAN_POINT ( 'NONE',  ( 7.055321094744260613, 1.295256118611743723, -0.7478164687499997410 ) ) ;
#806 = CARTESIAN_POINT ( 'NONE',  ( 0.1282377607281313114, 1.500192328955507931E-16, -1.225000000000000089 ) ) ;
#807 = B_SPLINE_CURVE_WITH_KNOTS ( 'NONE', 3,
 ( #3054, #2545, #2771, #3359, #237, #2750 ),
 .UNSPECIFIED., .F., .F.,
 ( 4, 2, 4 ),
 ( 1.345121010147034417E-17, 0.0005852879627182642477, 0.001170575925436515051 ),
 .UNSPECIFIED. ) ;
#808 = CARTESIAN_POINT ( 'NONE',  ( -1.499999999999999778, -1.154700538379251684, -1.842639638432752208E-16 ) ) ;
#809 = ORIENTED_EDGE ( 'NONE', *, *, #1878, .F. ) ;
#810 = CARTESIAN_POINT ( 'NONE',  ( -4.666666666666662522, 0.000000000000000000, 0.000000000000000000 ) ) ;
#811 = CARTESIAN_POINT ( 'NONE',  ( 1.076154428077594316, 1.295256118611743723, 0.7478164687500002961 ) ) ;
#812 = CARTESIAN_POINT ( 'NONE',  ( 4.284487761410928464, -1.727008158148991557, -3.172462519467792547E-16 ) ) ;
#813 = CARTESIAN_POINT ( 'NONE',  ( 5.263654428077593650, -0.8635040790744965555, 1.495632937499999704 ) ) ;
#814 = CARTESIAN_POINT ( 'NONE',  ( 7.752068112393742716, -0.6711600944025258864, -1.114226957576827770 ) ) ;
#815 = DIRECTION ( 'NONE',  ( 0.000000000000000000, 0.000000000000000000, 1.000000000000000000 ) ) ;
#816 = CARTESIAN_POINT ( 'NONE',  ( 8.367821094744261501, -0.8635040790744952233, -1.495632937500000592 ) ) ;
#817 = CARTESIAN_POINT ( 'NONE',  ( 6.888654428077594538, -1.295256118611743501, -0.7478164687500007402 ) ) ;
#818 = CARTESIAN_POINT ( 'NONE',  ( 5.294904428760389692, 0.7072540797572920424, -1.224999999999999867 ) ) ;
#819 =( BOUNDED_CURVE ( )  B_SPLINE_CURVE ( 2, ( #2955, #2439, #1500, #2972, #629, #1552, #1519 ),
 .UNSPECIFIED., .F., .F. ) 
 B_SPLINE_CURVE_WITH_KNOTS ( ( 3, 2, 2, 3 ),
 ( 0.7777777777777776791, 0.7870370370370369795, 0.7962962962962960578, 0.8055555555555553582 ),
 .UNSPECIFIED. ) 
 CURVE ( )  GEOMETRIC_REPRESENTATION_ITEM ( )  RATIONAL_B_SPLINE_CURVE ( ( 1.000000000000001554, 0.8660254037844371533, 1.000000000000000000, 0.8660254037844387076, 1.000000000000000000, 0.8660254037844419273, 0.9999999999999967804 ) ) 
 REPRESENTATION_ITEM ( '' )  );
#820 = CYLINDRICAL_SURFACE ( 'NONE', #1303, 1.225000000000000089 ) ;
#821 = CARTESIAN_POINT ( 'NONE',  ( 2.951154428077594094, 0.8635040790744962225, -1.495632937499999704 ) ) ;
#822 = CARTESIAN_POINT ( 'NONE',  ( 5.336571095427056655, 1.060881119635937564, -0.6124999999999997113 ) ) ;
#823 = LINE ( 'NONE', #217, #464 ) ;
#824 = ORIENTED_EDGE ( 'NONE', *, *, #2220, .F. ) ;
#825 = CARTESIAN_POINT ( 'NONE',  ( 2.971987761410928020, 1.831622089608728481E-16, -1.495632937500000148 ) ) ;
#826 = DIRECTION ( 'NONE',  ( 0.000000000000000000, -0.8660254037844385966, -0.5000000000000003331 ) ) ;
#827 = CARTESIAN_POINT ( 'NONE',  ( 6.544904427394797608, -1.060881119635937342, -0.6125000000000005995 ) ) ;
#828 = AXIS2_PLACEMENT_3D ( 'NONE', #2996, #1292, #959 ) ;
#829 = ADVANCED_FACE ( 'NONE', ( #3692 ), #3398, .T. ) ;
#830 = ORIENTED_EDGE ( 'NONE', *, *, #151, .T. ) ;
#831 = AXIS2_PLACEMENT_3D ( 'NONE', #2724, #152, #3624 ) ;
#832 = CARTESIAN_POINT ( 'NONE',  ( 2.503237762093723173, 0.000000000000000000, 1.225000000000000089 ) ) ;
#833 = CARTESIAN_POINT ( 'NONE',  ( 1.784487761410927797, -1.727008158148991335, -3.172462519467792547E-16 ) ) ;
#834 = CARTESIAN_POINT ( 'NONE',  ( 2.326154428077594538, -1.295256118611743501, -0.7478164687500007402 ) ) ;
#835 = CARTESIAN_POINT ( 'NONE',  ( 4.388654428077594538, -1.295256118611743501, -0.7478164687500007402 ) ) ;
#836 = CARTESIAN_POINT ( 'NONE',  ( 1.378237760728130645, 0.000000000000000000, 1.225000000000000089 ) ) ;
#837 = CARTESIAN_POINT ( 'NONE',  ( 6.919904427394797608, -0.7072540797572921534, 1.224999999999999867 ) ) ;
#838 = CARTESIAN_POINT ( 'NONE',  ( 8.492821094744259725, 1.295256118611743723, -0.7478164687499997410 ) ) ;
#839 = CARTESIAN_POINT ( 'NONE',  ( 7.430321094744261501, -0.8635040790744952233, -1.495632937500000592 ) ) ;
#840 = CARTESIAN_POINT ( 'NONE',  ( 7.169904428760390580, -1.060881119635937342, -0.6125000000000005995 ) ) ;
#841 = DIRECTION ( 'NONE',  ( -1.000000000000000000, -0.000000000000000000, -0.000000000000000000 ) ) ;
#842 = AXIS2_PLACEMENT_3D ( 'NONE', #1766, #1169, #356 ) ;
#843 = CARTESIAN_POINT ( 'NONE',  ( 3.159487761410928020, 0.000000000000000000, 1.495632937500000148 ) ) ;
#844 = B_SPLINE_CURVE_WITH_KNOTS ( 'NONE', 3,
 ( #1614, #692, #3052, #3284, #2768, #2461, #2693, #3301 ),
 .UNSPECIFIED., .F., .F.,
 ( 4, 2, 2, 4 ),
 ( 0.000000000000000000, 0.0005694872681863485941, 0.0008542309022795226744, 0.001138974536372696755 ),
 .UNSPECIFIED. ) ;
#845 = VECTOR ( 'NONE', #1599, 1000.000000000000000 ) ;
#846 = CARTESIAN_POINT ( 'NONE',  ( 2.128237760728130645, 1.500192328955507931E-16, -1.225000000000000089 ) ) ;
#847 = ORIENTED_EDGE ( 'NONE', *, *, #1665, .T. ) ;
#848 = CARTESIAN_POINT ( 'NONE',  ( 2.555321094744261057, 1.295256118611743723, -0.7478164687499997410 ) ) ;
#849 = CARTESIAN_POINT ( 'NONE',  ( 7.419904427394798496, -0.7072540797572945959, 1.224999999999996092 ) ) ;
#850 = CARTESIAN_POINT ( 'NONE',  ( 6.503237760728129757, -1.414508159514583197, -2.598409334876022102E-16 ) ) ;
#851 = ORIENTED_EDGE ( 'NONE', *, *, #2274, .T. ) ;
#852 = CARTESIAN_POINT ( 'NONE',  ( 3.753237760728130201, 1.414508159514583197, 8.661364449586740749E-17 ) ) ;
#853 = CARTESIAN_POINT ( 'NONE',  ( 0.9094877614109277975, 1.831622089608728481E-16, -1.495632937500000148 ) ) ;
#854 = CARTESIAN_POINT ( 'NONE',  ( 1.992821094744261501, 1.295256118611743723, -0.7478164687499997410 ) ) ;
#855 = CARTESIAN_POINT ( 'NONE',  ( 3.055321094744261501, 1.295256118611743723, -0.7478164687499997410 ) ) ;
#856 = ORIENTED_EDGE ( 'NONE', *, *, #3230, .T. ) ;
#857 = CARTESIAN_POINT ( 'NONE',  ( 6.961571095427056655, 0.7072540797572890447, 1.225000000000004308 ) ) ;
#858 = CARTESIAN_POINT ( 'NONE',  ( 6.836571094061464571, 0.7072540797572914872, 1.225000000000000089 ) ) ;
#859 = CARTESIAN_POINT ( 'NONE',  ( 4.909487761410927575, 1.831622089608728481E-16, -1.495632937500000148 ) ) ;
#860 = CARTESIAN_POINT ( 'NONE',  ( 5.638654428077593650, 1.295256118611743723, 0.7478164687500002961 ) ) ;
#861 = CARTESIAN_POINT ( 'NONE',  ( 7.753237762093723617, 1.500192328955507931E-16, -1.225000000000000089 ) ) ;
#862 = CARTESIAN_POINT ( 'NONE',  ( 4.544904428760390580, -0.7072540797572921534, 1.224999999999999645 ) ) ;
#863 = CARTESIAN_POINT ( 'NONE',  ( 2.409487761410928464, 1.831622089608728481E-16, -1.495632937500000148 ) ) ;
#864 = CARTESIAN_POINT ( 'NONE',  ( 5.628237760728130645, 1.500192328955507931E-16, -1.225000000000000089 ) ) ;
#865 = ORIENTED_EDGE ( 'NONE', *, *, #1861, .F. ) ;
#866 = CARTESIAN_POINT ( 'NONE',  ( 2.721987761410927575, 0.000000000000000000, 1.495632937500000148 ) ) ;
#867 = FACE_BOUND ( 'NONE', #3015, .T. ) ;
#868 = CARTESIAN_POINT ( 'NONE',  ( 6.378237760728129757, 0.000000000000000000, 1.225000000000000089 ) ) ;
#869 = ORIENTED_EDGE ( 'NONE', *, *, #2910, .T. ) ;
#870 = DIRECTION ( 'NONE',  ( -1.000000000000000000, -0.000000000000000000, -0.000000000000000000 ) ) ;
#871 = DIRECTION ( 'NONE',  ( -1.000000000000000000, -0.000000000000000000, -0.000000000000000000 ) ) ;
#872 = CARTESIAN_POINT ( 'NONE',  ( 1.846987761410927797, -1.727008158148991335, -3.172462519467792547E-16 ) ) ;
#873 = ORIENTED_EDGE ( 'NONE', *, *, #3399, .T. ) ;
#874 = CARTESIAN_POINT ( 'NONE',  ( 7.611466563751507763, -0.3453032058977833496, 1.337917777026347288 ) ) ;
#875 = CARTESIAN_POINT ( 'NONE',  ( 8.003237760728129757, -1.414508159514583197, -2.598409334876022102E-16 ) ) ;
#876 = CARTESIAN_POINT ( 'NONE',  ( 6.201154428077593650, -0.8635040790744966666, 1.495632937499999704 ) ) ;
#877 = CARTESIAN_POINT ( 'NONE',  ( 5.721987761410927575, 0.000000000000000000, 1.495632937500000148 ) ) ;
#878 = CARTESIAN_POINT ( 'NONE',  ( 3.753237762093723617, 1.500192328955507931E-16, -1.225000000000000089 ) ) ;
#879 = CARTESIAN_POINT ( 'NONE',  ( 2.168404344971008868E-16, -0.5773502691896257311, -1.000000000000000000 ) ) ;
#880 = CARTESIAN_POINT ( 'NONE',  ( 2.586571094061464127, -0.7072540797572862692, -1.225000000000008749 ) ) ;
#881 = ORIENTED_EDGE ( 'NONE', *, *, #1678, .F. ) ;
#882 = VERTEX_POINT ( 'NONE', #808 ) ;
#883 = CARTESIAN_POINT ( 'NONE',  ( 0.8365710954270572097, 1.060881119635937564, -0.6124999999999997113 ) ) ;
#884 = DIRECTION ( 'NONE',  ( -1.000000000000000000, -0.000000000000000000, -0.000000000000000000 ) ) ;
#885 = ORIENTED_EDGE ( 'NONE', *, *, #3399, .F. ) ;
#886 = AXIS2_PLACEMENT_3D ( 'NONE', #559, #3729, #3436 ) ;
#887 = CARTESIAN_POINT ( 'NONE',  ( 2.555321094744261057, 1.295256118611743723, -0.7478164687499997410 ) ) ;
#888 = ADVANCED_FACE ( 'NONE', ( #2792 ), #294, .T. ) ;
#889 = CARTESIAN_POINT ( 'NONE',  ( 2.680321094744261501, 0.8635040790744956674, 1.495632937500000148 ) ) ;
#890 = VERTEX_POINT ( 'NONE', #1970 ) ;
#891 = CARTESIAN_POINT ( 'NONE',  ( 6.253237760728129757, 1.414508159514583197, 8.661364449586740749E-17 ) ) ;
#892 = CARTESIAN_POINT ( 'NONE',  ( 6.076154428077594538, 1.295256118611743723, 0.7478164687500002961 ) ) ;
#893 = CARTESIAN_POINT ( 'NONE',  ( 2.503237762093723173, 0.000000000000000000, 1.225000000000000089 ) ) ;
#894 = CARTESIAN_POINT ( 'NONE',  ( 5.096987761410928464, 1.727008158148991557, 1.057487506489264306E-16 ) ) ;
#895 = CARTESIAN_POINT ( 'NONE',  ( 2.753237762093723617, 1.500192328955507931E-16, -1.225000000000000089 ) ) ;
#896 = CARTESIAN_POINT ( 'NONE',  ( 9.999999999999998224, 0.000000000000000000, 2.168404344971008868E-16 ) ) ;
#897 = CARTESIAN_POINT ( 'NONE',  ( 6.169904428760390580, -1.060881119635937342, -0.6125000000000005995 ) ) ;
#898 = ORIENTED_EDGE ( 'NONE', *, *, #1996, .F. ) ;
#899 = LINE ( 'NONE', #1179, #1839 ) ;
#900 = CARTESIAN_POINT ( 'NONE',  ( 1.878237760728130201, 0.000000000000000000, 1.225000000000000089 ) ) ;
#901 = AXIS2_PLACEMENT_3D ( 'NONE', #757, #1624, #815 ) ;
#902 = ORIENTED_EDGE ( 'NONE', *, *, #1658, .F. ) ;
#903 = EDGE_CURVE ( 'NONE', #1927, #2249, #164, .T. ) ;
#904 = CARTESIAN_POINT ( 'NONE',  ( -4.666666666666662522, 1.500192328955507931E-16, -1.225000000000000089 ) ) ;
#905 = CARTESIAN_POINT ( 'NONE',  ( 1.596987761410928242, 1.727008158148991557, 1.057487506489264306E-16 ) ) ;
#906 = CARTESIAN_POINT ( 'NONE',  ( 3.263654428077594094, -0.8635040790744965555, 1.495632937499999704 ) ) ;
#907 = EDGE_LOOP ( 'NONE', ( #935, #44, #2611, #2843 ) ) ;
#908 =( NAMED_UNIT ( * ) PLANE_ANGLE_UNIT ( ) SI_UNIT ( $, .RADIAN. ) );
#909 = CARTESIAN_POINT ( 'NONE',  ( 7.128237760728130645, 1.500192328955507931E-16, -1.225000000000000089 ) ) ;
#910 = CARTESIAN_POINT ( 'NONE',  ( 6.826154428077594538, -1.295256118611743501, -0.7478164687500007402 ) ) ;
#911 = CARTESIAN_POINT ( 'NONE',  ( 0.5865710940614644597, -0.7072540797572911542, -1.225000000000000533 ) ) ;
#912 = CARTESIAN_POINT ( 'NONE',  ( 4.388654428077594538, -1.295256118611743501, -0.7478164687500007402 ) ) ;
#913 = CARTESIAN_POINT ( 'NONE',  ( 4.586571095427057543, -1.060881119635938008, 0.6124999999999992673 ) ) ;
#914 = CARTESIAN_POINT ( 'NONE',  ( 7.305321094744261501, -1.295256118611744389, 0.7478164687499990748 ) ) ;
#915 = ORIENTED_EDGE ( 'NONE', *, *, #214, .T. ) ;
#916 = CARTESIAN_POINT ( 'NONE',  ( 4.336571094061463683, 0.7072540797572914872, 1.225000000000000089 ) ) ;
#917 = CARTESIAN_POINT ( 'NONE',  ( -4.666666666666662522, 0.000000000000000000, 0.000000000000000000 ) ) ;
#918 = ORIENTED_EDGE ( 'NONE', *, *, #2214, .F. ) ;
#919 = CARTESIAN_POINT ( 'NONE',  ( 1.951154428077594316, 0.8635040790744962225, -1.495632937499999704 ) ) ;
#920 = CARTESIAN_POINT ( 'NONE',  ( 5.419904427394798496, -0.7072540797572945959, 1.224999999999996092 ) ) ;
#921 = CARTESIAN_POINT ( 'NONE',  ( 2.055321094744261501, 1.295256118611743723, -0.7478164687499997410 ) ) ;
#922 = EDGE_CURVE ( 'NONE', #1915, #3531, #1109, .T. ) ;
#923 = EDGE_CURVE ( 'NONE', #2249, #257, #696, .T. ) ;
#924 = CARTESIAN_POINT ( 'NONE',  ( 1.513654428077594760, 0.8635040790744962225, -1.495632937499999704 ) ) ;
#925 = ORIENTED_EDGE ( 'NONE', *, *, #321, .T. ) ;
#926 = CARTESIAN_POINT ( 'NONE',  ( 7.646922137829200494, -1.001526047572970812, 0.9221325831355072777 ) ) ;
#927 = CARTESIAN_POINT ( 'NONE',  ( 3.669904427394797164, 0.7072540797572920424, -1.224999999999999867 ) ) ;
#928 = CARTESIAN_POINT ( 'NONE',  ( 6.117821094744262389, 0.8635040790744956674, 1.495632937500000148 ) ) ;
#929 = CARTESIAN_POINT ( 'NONE',  ( 7.034487761410927575, 1.727008158148991557, 1.057487506489264306E-16 ) ) ;
#930 = CARTESIAN_POINT ( 'NONE',  ( 3.919904427394797608, -0.7072540797572921534, 1.224999999999999645 ) ) ;
#931 = CARTESIAN_POINT ( 'NONE',  ( 2.305321094744261057, -1.295256118611744389, 0.7478164687499990748 ) ) ;
#932 = CARTESIAN_POINT ( 'NONE',  ( 4.346987761410928464, -1.727008158148991557, -3.172462519467792547E-16 ) ) ;
#933 = CARTESIAN_POINT ( 'NONE',  ( 2.669904428760390580, -1.060881119635937342, -0.6125000000000005995 ) ) ;
#934 = CYLINDRICAL_SURFACE ( 'NONE', #1428, 1.225000000000000089 ) ;
#935 = ORIENTED_EDGE ( 'NONE', *, *, #3579, .F. ) ;
#936 = DIRECTION ( 'NONE',  ( -1.000000000000000000, -0.000000000000000000, -0.000000000000000000 ) ) ;
#937 = CARTESIAN_POINT ( 'NONE',  ( 4.794904428760388804, 0.7072540797572945959, -1.224999999999996092 ) ) ;
#938 = ORIENTED_EDGE ( 'NONE', *, *, #2804, .F. ) ;
#939 = CARTESIAN_POINT ( 'NONE',  ( 2.534487761410928464, 1.727008158148991557, 1.057487506489264306E-16 ) ) ;
#940 = DIRECTION ( 'NONE',  ( -1.000000000000000000, -0.000000000000000000, -0.000000000000000000 ) ) ;
#941 = EDGE_CURVE ( 'NONE', #2508, #2906, #198, .T. ) ;
#942 = CARTESIAN_POINT ( 'NONE',  ( 1.805321094744261501, -1.295256118611744389, 0.7478164687499990748 ) ) ;
#943 = VERTEX_POINT ( 'NONE', #220 ) ;
#944 = CARTESIAN_POINT ( 'NONE',  ( 3.628237760728131089, 1.500192328955507931E-16, -1.225000000000000089 ) ) ;
#945 = CARTESIAN_POINT ( 'NONE',  ( 3.544904427394797164, -1.060881119635937342, -0.6125000000000005995 ) ) ;
#946 = CARTESIAN_POINT ( 'NONE',  ( 2.659487761410927575, 0.000000000000000000, 1.495632937500000148 ) ) ;
#947 = VECTOR ( 'NONE', #1893, 1000.000000000000000 ) ;
#948 = CARTESIAN_POINT ( 'NONE',  ( 7.492821094744261501, 1.295256118611743723, -0.7478164687499997410 ) ) ;
#949 = CARTESIAN_POINT ( 'NONE',  ( 6.680321094744261501, 0.8635040790744956674, 1.495632937500000148 ) ) ;
#950 = CARTESIAN_POINT ( 'NONE',  ( 4.263654428077594538, -0.8635040790744966666, 1.495632937499999704 ) ) ;
#951 = CARTESIAN_POINT ( 'NONE',  ( 1.711571095427057099, -0.7072540797572911542, -1.225000000000000533 ) ) ;
#952 = CARTESIAN_POINT ( 'NONE',  ( 4.836571095427056655, 1.060881119635937564, -0.6124999999999997113 ) ) ;
#953 = CARTESIAN_POINT ( 'NONE',  ( 1.253237762093724061, 1.500192328955507931E-16, -1.225000000000000089 ) ) ;
#954 = CARTESIAN_POINT ( 'NONE',  ( 0.2115710940614641544, 1.060881119635937564, -0.6124999999999997113 ) ) ;
#955 = CARTESIAN_POINT ( 'NONE',  ( 3.378237760728130645, 0.000000000000000000, 1.225000000000000089 ) ) ;
#956 = CARTESIAN_POINT ( 'NONE',  ( 5.003237762093723617, 0.000000000000000000, 1.225000000000000089 ) ) ;
#957 = VERTEX_POINT ( 'NONE', #1992 ) ;
#958 = CARTESIAN_POINT ( 'NONE',  ( 2.451154428077594982, 0.8635040790744962225, -1.495632937499999704 ) ) ;
#959 = DIRECTION ( 'NONE',  ( 0.000000000000000000, 0.000000000000000000, 1.000000000000000000 ) ) ;
#960 = EDGE_CURVE ( 'NONE', #1168, #2341, #308, .T. ) ;
#961 = CARTESIAN_POINT ( 'NONE',  ( 1.263654428077594538, -0.8635040790744966666, 1.495632937499999704 ) ) ;
#962 = AXIS2_PLACEMENT_3D ( 'NONE', #1022, #2433, #3273 ) ;
#963 = ORIENTED_EDGE ( 'NONE', *, *, #3710, .T. ) ;
#964 =( BOUNDED_CURVE ( )  B_SPLINE_CURVE ( 2, ( #2936, #61, #1217, #2133, #2362, #3298, #1573 ),
 .UNSPECIFIED., .F., .T. ) 
 B_SPLINE_CURVE_WITH_KNOTS ( ( 3, 2, 2, 3 ),
 ( 0.8055555555555553582, 0.8148148148148145475, 0.8240740740740739589, 0.8333333333333332593 ),
 .UNSPECIFIED. ) 
 CURVE ( )  GEOMETRIC_REPRESENTATION_ITEM ( )  RATIONAL_B_SPLINE_CURVE ( ( 1.000000000000003109, 0.8660254037844354880, 1.000000000000000000, 0.8660254037844387076, 1.000000000000000000, 0.8660254037844402619, 0.9999999999999984457 ) ) 
 REPRESENTATION_ITEM ( '' )  );
#965 = CARTESIAN_POINT ( 'NONE',  ( 4.919904427394796720, -0.7072540797572921534, 1.224999999999999645 ) ) ;
#966 = CARTESIAN_POINT ( 'NONE',  ( 3.503237760728131089, -1.414508159514583197, -2.598409334876022102E-16 ) ) ;
#967 = CARTESIAN_POINT ( 'NONE',  ( 3.742821094744261501, -1.295256118611744389, 0.7478164687499990748 ) ) ;
#968 = CARTESIAN_POINT ( 'NONE',  ( 7.742821094744261501, -1.295256118611744389, 0.7478164687499990748 ) ) ;
#969 = CARTESIAN_POINT ( 'NONE',  ( 7.409487762776452158, -1.047884193964549793, -1.067172244660697489 ) ) ;
#970 = CARTESIAN_POINT ( 'NONE',  ( -0.02801223858907124498, 1.831622089608728481E-16, -1.495632937500000148 ) ) ;
#971 = CARTESIAN_POINT ( 'NONE',  ( 0.8365710954270572097, 1.060881119635937564, -0.6124999999999997113 ) ) ;
#972 = CARTESIAN_POINT ( 'NONE',  ( 3.044904427394797608, -1.060881119635937342, -0.6125000000000005995 ) ) ;
#973 = CARTESIAN_POINT ( 'NONE',  ( 2.586571094061463683, -0.7072540797572911542, -1.225000000000000533 ) ) ;
#974 = CARTESIAN_POINT ( 'NONE',  ( 7.919904428760390580, 1.060881119635937564, 0.6125000000000001554 ) ) ;
#975 = FACE_OUTER_BOUND ( 'NONE', #1593, .T. ) ;
#976 = ORIENTED_EDGE ( 'NONE', *, *, #1861, .T. ) ;
#977 = CARTESIAN_POINT ( 'NONE',  ( 0.6699044287603906911, -1.060881119635937342, -0.6125000000000005995 ) ) ;
#978 = CARTESIAN_POINT ( 'NONE',  ( 7.556202228801413234, 0.8894724285710154943, 1.111258268482710587 ) ) ;
#979 = VERTEX_POINT ( 'NONE', #2654 ) ;
#980 = CARTESIAN_POINT ( 'NONE',  ( 2.586571095427057099, -1.060881119635938008, 0.6124999999999992673 ) ) ;
#981 = CARTESIAN_POINT ( 'NONE',  ( 4.534487761410927575, 1.727008158148991557, 1.057487506489264306E-16 ) ) ;
#982 = CARTESIAN_POINT ( 'NONE',  ( 7.909487761410927575, 1.831622089608728481E-16, -1.495632937500000148 ) ) ;
#983 = DIRECTION ( 'NONE',  ( -1.000000000000000000, -0.000000000000000000, -0.000000000000000000 ) ) ;
#984 = CARTESIAN_POINT ( 'NONE',  ( 1.430321094744261057, -0.8635040790744952233, -1.495632937500000592 ) ) ;
#985 = CARTESIAN_POINT ( 'NONE',  ( 2.419904428760390580, 1.060881119635937564, 0.6125000000000001554 ) ) ;
#986 = CARTESIAN_POINT ( 'NONE',  ( 2.878237760728130201, 0.000000000000000000, 1.225000000000000089 ) ) ;
#987 = CARTESIAN_POINT ( 'NONE',  ( 1.378237760728130645, 0.000000000000000000, 1.225000000000000089 ) ) ;
#988 = CARTESIAN_POINT ( 'NONE',  ( 1.076154428077594316, 1.295256118611743723, 0.7478164687500002961 ) ) ;
#989 = CARTESIAN_POINT ( 'NONE',  ( 3.378237762093723173, 1.414508159514583197, 8.661364449586740749E-17 ) ) ;
#990 = CARTESIAN_POINT ( 'NONE',  ( 6.409487761410927575, 1.831622089608728481E-16, -1.495632937500000148 ) ) ;
#991 = EDGE_CURVE ( 'NONE', #2341, #7, #19, .T. ) ;
#992 = ORIENTED_EDGE ( 'NONE', *, *, #545, .T. ) ;
#993 = DIRECTION ( 'NONE',  ( 0.000000000000000000, 0.000000000000000000, 1.000000000000000000 ) ) ;
#994 = CARTESIAN_POINT ( 'NONE',  ( 2.168404344971008868E-16, -1.154700538379251684, -1.842639638432752208E-16 ) ) ;
#995 = LINE ( 'NONE', #3303, #595 ) ;
#996 = ORIENTED_EDGE ( 'NONE', *, *, #788, .T. ) ;
#997 = DIRECTION ( 'NONE',  ( -1.000000000000000000, -0.000000000000000000, -0.000000000000000000 ) ) ;
#998 = CARTESIAN_POINT ( 'NONE',  ( 2.909487761410928020, 1.831622089608728481E-16, -1.495632937500000148 ) ) ;
#999 = ADVANCED_FACE ( 'NONE', ( #3245 ), #652, .T. ) ;
#1000 = CARTESIAN_POINT ( 'NONE',  ( 7.534487761410927575, 1.727008158148991557, 1.057487506489264306E-16 ) ) ;
#1001 = CARTESIAN_POINT ( 'NONE',  ( -1.499999999999999778, 0.5773502691896258421, 0.9999999999999997780 ) ) ;
#1002 = CARTESIAN_POINT ( 'NONE',  ( 1.013654428077595204, 0.8635040790744962225, -1.495632937499999704 ) ) ;
#1003 = CARTESIAN_POINT ( 'NONE',  ( 0.4199044287603904690, 1.060881119635937564, 0.6125000000000001554 ) ) ;
#1004 = CARTESIAN_POINT ( 'NONE',  ( 0.5136544280775947602, 0.8635040790744962225, -1.495632937499999704 ) ) ;
#1005 = VECTOR ( 'NONE', #2940, 1000.000000000000000 ) ;
#1006 = AXIS2_PLACEMENT_3D ( 'NONE', #2954, #1739, #2934 ) ;
#1007 = CARTESIAN_POINT ( 'NONE',  ( 1.503237760728130645, -1.414508159514583197, -2.598409334876022102E-16 ) ) ;
#1008 = CARTESIAN_POINT ( 'NONE',  ( 0.07615442807759435773, 1.295256118611743723, 0.7478164687500002961 ) ) ;
#1009 = DIRECTION ( 'NONE',  ( -1.000000000000000000, -0.000000000000000000, -0.000000000000000000 ) ) ;
#1010 = CARTESIAN_POINT ( 'NONE',  ( 7.201154428077594538, -0.8635040790744965555, 1.495632937499999704 ) ) ;
#1011 = ORIENTED_EDGE ( 'NONE', *, *, #132, .T. ) ;
#1012 = CYLINDRICAL_SURFACE ( 'NONE', #1842, 1.225000000000000089 ) ;
#1013 = CARTESIAN_POINT ( 'NONE',  ( 6.305321094744261501, -1.295256118611744389, 0.7478164687499990748 ) ) ;
#1014 = CARTESIAN_POINT ( 'NONE',  ( 0.3782377607281315335, 0.000000000000000000, 1.225000000000000089 ) ) ;
#1015 = CARTESIAN_POINT ( 'NONE',  ( -0.1113455719224058088, -1.295256118611743501, -0.7478164687500007402 ) ) ;
#1016 = CLOSED_SHELL ( 'NONE', ( #1769, #3462, #829, #3092, #3682, #111, #599, #3686, #999, #3327, #1151, #2253, #1462, #3067, #802, #3610, #3731, #1549, #1288, #381, #2670, #1741, #642, #1626, #1058, #1736, #3045, #724, #251, #1588, #1042, #2840, #3486, #1215, #605, #2899, #888, #1176, #229, #249, #2965, #2202, #2629, #663, #686, #1309, #2328, #3207, #715, #622, #3063, #1980, #2928, #2533, #3046, #2321, #3345 ) ) ;
#1017 = ORIENTED_EDGE ( 'NONE', *, *, #1540, .T. ) ;
#1018 = CARTESIAN_POINT ( 'NONE',  ( 0.3365710954270576538, 1.060881119635937564, -0.6124999999999997113 ) ) ;
#1019 = CARTESIAN_POINT ( 'NONE',  ( 2.034487761410928020, 1.727008158148991557, 1.057487506489264306E-16 ) ) ;
#1020 = VECTOR ( 'NONE', #3276, 1000.000000000000227 ) ;
#1021 = CARTESIAN_POINT ( 'NONE',  ( 4.492821094744261501, 1.295256118611743723, -0.7478164687499997410 ) ) ;
#1022 = CARTESIAN_POINT ( 'NONE',  ( -4.666666666666662522, 0.000000000000000000, 0.000000000000000000 ) ) ;
#1023 = CARTESIAN_POINT ( 'NONE',  ( -0.1113455719224058088, -1.295256118611743501, -0.7478164687500007402 ) ) ;
#1024 = CARTESIAN_POINT ( 'NONE',  ( -0.4550955712396103081, -0.7072540797572921534, 1.224999999999999867 ) ) ;
#1025 = CARTESIAN_POINT ( 'NONE',  ( 0.3886544280775946492, -1.295256118611743501, -0.7478164687500007402 ) ) ;
#1026 =( NAMED_UNIT ( * ) PLANE_ANGLE_UNIT ( ) SI_UNIT ( $, .RADIAN. ) );
#1027 = CARTESIAN_POINT ( 'NONE',  ( 0.3782377607281315335, 0.000000000000000000, 1.225000000000000089 ) ) ;
#1028 = CARTESIAN_POINT ( 'NONE',  ( 8.503237762093723617, 0.000000000000000000, 1.225000000000000089 ) ) ;
#1029 = CARTESIAN_POINT ( 'NONE',  ( 2.168404344971008868E-16, 0.5773502691896256200, -1.000000000000000000 ) ) ;
#1030 = CARTESIAN_POINT ( 'NONE',  ( 5.784487761410927575, -1.727008158148991335, -3.172462519467792547E-16 ) ) ;
#1031 = ORIENTED_EDGE ( 'NONE', *, *, #1311, .F. ) ;
#1032 = CARTESIAN_POINT ( 'NONE',  ( -4.666666666666662522, 0.000000000000000000, 1.225000000000000089 ) ) ;
#1033 = CARTESIAN_POINT ( 'NONE',  ( 7.013654428077593650, 0.8635040790744962225, -1.495632937499999704 ) ) ;
#1034 = CARTESIAN_POINT ( 'NONE',  ( 5.169904427394798496, 0.7072540797572945959, -1.224999999999996092 ) ) ;
#1035 = CARTESIAN_POINT ( 'NONE',  ( 4.503237760728130645, -1.414508159514583197, -2.598409334876022102E-16 ) ) ;
#1036 = CARTESIAN_POINT ( 'NONE',  ( 7.564757586539996304, 0.7276990145238890761, 1.217590635908448959 ) ) ;
#1037 = VERTEX_POINT ( 'NONE', #2323 ) ;
#1038 = ORIENTED_EDGE ( 'NONE', *, *, #922, .F. ) ;
#1039 = CARTESIAN_POINT ( 'NONE',  ( 6.753237762093723617, 1.500192328955507931E-16, -1.225000000000000089 ) ) ;
#1040 = EDGE_CURVE ( 'NONE', #890, #1106, #2381, .T. ) ;
#1041 = CARTESIAN_POINT ( 'NONE',  ( 1.742821094744261279, -1.295256118611744389, 0.7478164687499990748 ) ) ;
#1042 = ADVANCED_FACE ( 'NONE', ( #2385 ), #1180, .T. ) ;
#1043 = CARTESIAN_POINT ( 'NONE',  ( 3.534487761410927575, 1.727008158148991557, 1.057487506489264306E-16 ) ) ;
#1044 = CARTESIAN_POINT ( 'NONE',  ( 5.513654428077593650, 0.8635040790744962225, -1.495632937499999704 ) ) ;
#1045 = CARTESIAN_POINT ( 'NONE',  ( 0.6803210947442621670, 0.8635040790744956674, 1.495632937500000148 ) ) ;
#1046 = FACE_OUTER_BOUND ( 'NONE', #2486, .T. ) ;
#1047 = CARTESIAN_POINT ( 'NONE',  ( 2.168404344971008868E-16, -1.154700538379251684, -1.842639638432752208E-16 ) ) ;
#1048 = CARTESIAN_POINT ( 'NONE',  ( 6.388654428077594538, -1.295256118611743501, -0.7478164687500007402 ) ) ;
#1049 = CARTESIAN_POINT ( 'NONE',  ( -0.04884557192240575330, 0.8635040790744962225, -1.495632937499999704 ) ) ;
#1050 = CARTESIAN_POINT ( 'NONE',  ( 4.211571095427056655, -0.7072540797572862692, -1.225000000000008749 ) ) ;
#1051 = CARTESIAN_POINT ( 'NONE',  ( 6.076154428077594538, 1.295256118611743723, 0.7478164687500002961 ) ) ;
#1052 = ORIENTED_EDGE ( 'NONE', *, *, #1491, .T. ) ;
#1053 = LINE ( 'NONE', #2119, #1784 ) ;
#1054 = CARTESIAN_POINT ( 'NONE',  ( 5.805321094744261501, -1.295256118611744389, 0.7478164687499990748 ) ) ;
#1055 = PLANE ( 'NONE',  #2021 ) ;
#1056 = CARTESIAN_POINT ( 'NONE',  ( 5.544904427394797608, -1.060881119635937342, -0.6125000000000005995 ) ) ;
#1057 = CARTESIAN_POINT ( 'NONE',  ( 0.1803210947442616952, 0.8635040790744956674, 1.495632937500000148 ) ) ;
#1058 = ADVANCED_FACE ( 'NONE', ( #3263 ), #2937, .T. ) ;
#1059 = CARTESIAN_POINT ( 'NONE',  ( 2.086571095427056655, -1.060881119635938008, 0.6124999999999992673 ) ) ;
#1060 = CARTESIAN_POINT ( 'NONE',  ( 3.867821094744261945, -0.8635040790744952233, -1.495632937500000592 ) ) ;
#1061 = CARTESIAN_POINT ( 'NONE',  ( 5.221987761410928464, 0.000000000000000000, 1.495632937500000148 ) ) ;
#1062 = CARTESIAN_POINT ( 'NONE',  ( 7.836571094061458354, 0.7072540797573293458, 1.224999999999934142 ) ) ;
#1063 = CARTESIAN_POINT ( 'NONE',  ( 4.503237762093723617, 0.000000000000000000, 1.225000000000000089 ) ) ;
#1064 = DIRECTION ( 'NONE',  ( -1.000000000000000000, -0.000000000000000000, -0.000000000000000000 ) ) ;
#1065 =( BOUNDED_CURVE ( )  B_SPLINE_CURVE ( 2, ( #2498, #2151, #3665, #762, #3648, #1068, #3316 ),
 .UNSPECIFIED., .F., .F. ) 
 B_SPLINE_CURVE_WITH_KNOTS ( ( 3, 2, 2, 3 ),
 ( 0.8888888888888888395, 0.8981481481481481399, 0.9074074074074074403, 0.9166666666666666297 ),
 .UNSPECIFIED. ) 
 CURVE ( )  GEOMETRIC_REPRESENTATION_ITEM ( )  RATIONAL_B_SPLINE_CURVE ( ( 1.000000000000000000, 0.8660254037844387076, 1.000000000000000000, 0.8660254037844387076, 1.000000000000000000, 0.8660254037844387076, 1.000000000000000000 ) ) 
 REPRESENTATION_ITEM ( '' )  );
#1066 = CARTESIAN_POINT ( 'NONE',  ( 7.513654428077593650, 0.8635040790744962225, -1.495632937499999704 ) ) ;
#1067 = CARTESIAN_POINT ( 'NONE',  ( 7.794904428760389692, 0.7072540797572920424, -1.224999999999999867 ) ) ;
#1068 = CARTESIAN_POINT ( 'NONE',  ( 0.6699044273947970529, 0.7072540797572920424, -1.224999999999999645 ) ) ;
#1069 = CARTESIAN_POINT ( 'NONE',  ( 2.992821094744261501, 1.295256118611743723, -0.7478164687499997410 ) ) ;
#1070 = AXIS2_PLACEMENT_3D ( 'NONE', #1240, #2410, #2733 ) ;
#1071 = ORIENTED_EDGE ( 'NONE', *, *, #2129, .T. ) ;
#1072 = CARTESIAN_POINT ( 'NONE',  ( 0.1282377620937230067, -1.414508159514583197, -2.598409334876022102E-16 ) ) ;
#1073 = CARTESIAN_POINT ( 'NONE',  ( 4.721987761410927575, 0.000000000000000000, 1.495632937500000148 ) ) ;
#1074 = LINE ( 'NONE', #749, #520 ) ;
#1075 = VECTOR ( 'NONE', #289, 1000.000000000000227 ) ;
#1076 = CARTESIAN_POINT ( 'NONE',  ( 7.531005149987241687, 0.3432816724299428968, -1.386271552908232119 ) ) ;
#1077 = CARTESIAN_POINT ( 'NONE',  ( 2.128237762093724061, -1.414508159514583197, -2.598409334876022102E-16 ) ) ;
#1078 = CARTESIAN_POINT ( 'NONE',  ( 5.367821094744261501, -0.8635040790744952233, -1.495632937500000592 ) ) ;
#1079 = CARTESIAN_POINT ( 'NONE',  ( 4.138654428077594538, 1.295256118611743723, 0.7478164687500002961 ) ) ;
#1080 = EDGE_CURVE ( 'NONE', #423, #427, #574, .T. ) ;
#1081 = LINE ( 'NONE', #3103, #3012 ) ;
#1082 = CARTESIAN_POINT ( 'NONE',  ( -4.666666666666662522, 0.000000000000000000, 0.000000000000000000 ) ) ;
#1083 = CARTESIAN_POINT ( 'NONE',  ( 8.034487761410925799, 1.727008158148991557, 1.057487506489264306E-16 ) ) ;
#1084 = AXIS2_PLACEMENT_3D ( 'NONE', #2343, #2363, #79 ) ;
#1085 = CARTESIAN_POINT ( 'NONE',  ( 8.013654428077593650, 0.8635040790744962225, -1.495632937499999704 ) ) ;
#1086 = CARTESIAN_POINT ( 'NONE',  ( 6.169904428760390580, -1.060881119635937342, -0.6125000000000005995 ) ) ;
#1087 =( BOUNDED_CURVE ( )  B_SPLINE_CURVE ( 2, ( #2754, #3324, #2736, #735, #980, #144, #1295 ),
 .UNSPECIFIED., .F., .T. ) 
 B_SPLINE_CURVE_WITH_KNOTS ( ( 3, 2, 2, 3 ),
 ( 0.6388888888888888395, 0.6481481481481481399, 0.6574074074074074403, 0.6666666666666666297 ),
 .UNSPECIFIED. ) 
 CURVE ( )  GEOMETRIC_REPRESENTATION_ITEM ( )  RATIONAL_B_SPLINE_CURVE ( ( 1.000000000000000000, 0.8660254037844387076, 1.000000000000000000, 0.8660254037844387076, 1.000000000000000000, 0.8660254037844387076, 1.000000000000000000 ) ) 
 REPRESENTATION_ITEM ( '' )  );
#1088 = CARTESIAN_POINT ( 'NONE',  ( 4.826154428077595426, -1.295256118611743501, -0.7478164687500007402 ) ) ;
#1089 = VERTEX_POINT ( 'NONE', #2956 ) ;
#1090 = DIRECTION ( 'NONE',  ( 0.000000000000000000, 0.000000000000000000, 1.000000000000000000 ) ) ;
#1091 = CARTESIAN_POINT ( 'NONE',  ( 5.846987761410927575, -1.727008158148991557, -3.172462519467792547E-16 ) ) ;
#1092 = CARTESIAN_POINT ( 'NONE',  ( 7.666413121579220835, 1.333161661707432888, -0.2609671209956928029 ) ) ;
#1093 = ORIENTED_EDGE ( 'NONE', *, *, #2687, .T. ) ;
#1094 = CARTESIAN_POINT ( 'NONE',  ( 2.169904428760390136, -1.060881119635937342, -0.6125000000000005995 ) ) ;
#1095 = CARTESIAN_POINT ( 'NONE',  ( 2.471377641308081726E-17, 1.361539963777916640, -0.6189723828819091445 ) ) ;
#1096 = CARTESIAN_POINT ( 'NONE',  ( 4.576154428077594538, 1.295256118611743723, 0.7478164687500002961 ) ) ;
#1097 = CARTESIAN_POINT ( 'NONE',  ( 5.180321094744259725, 0.8635040790744956674, 1.495632937500000148 ) ) ;
#1098 = CARTESIAN_POINT ( 'NONE',  ( 7.669904427394797608, 0.7072540797572920424, -1.224999999999999645 ) ) ;
#1099 = FACE_OUTER_BOUND ( 'NONE', #280, .T. ) ;
#1100 = FACE_OUTER_BOUND ( 'NONE', #2044, .T. ) ;
#1101 = CARTESIAN_POINT ( 'NONE',  ( 7.763654428077595426, -0.8635040790744966666, 1.495632937499999704 ) ) ;
#1102 = CARTESIAN_POINT ( 'NONE',  ( 6.961571095427056655, 0.7072540797572914872, 1.225000000000000089 ) ) ;
#1103 = CARTESIAN_POINT ( 'NONE',  ( 3.003237762093723617, 0.000000000000000000, 1.225000000000000089 ) ) ;
#1104 = CARTESIAN_POINT ( 'NONE',  ( 3.367821094744261057, -0.8635040790744953343, -1.495632937500000592 ) ) ;
#1105 = CARTESIAN_POINT ( 'NONE',  ( 3.044904428760391024, -0.7072540797572970384, 1.224999999999991207 ) ) ;
#1106 = VERTEX_POINT ( 'NONE', #367 ) ;
#1107 = CARTESIAN_POINT ( 'NONE',  ( 2.138654428077594538, 1.295256118611743723, 0.7478164687500002961 ) ) ;
#1108 = CARTESIAN_POINT ( 'NONE',  ( 0.08657109406146520914, -0.7072540797572813842, -1.225000000000017186 ) ) ;
#1109 = LINE ( 'NONE', #2290, #3254 ) ;
#1110 = EDGE_CURVE ( 'NONE', #2752, #2640, #2988, .T. ) ;
#1111 = ORIENTED_EDGE ( 'NONE', *, *, #151, .F. ) ;
#1112 = CARTESIAN_POINT ( 'NONE',  ( 7.503237762093723617, 0.000000000000000000, 1.225000000000000089 ) ) ;
#1113 = CARTESIAN_POINT ( 'NONE',  ( 1.742821094744261279, -1.295256118611744389, 0.7478164687499990748 ) ) ;
#1114 = CARTESIAN_POINT ( 'NONE',  ( 0.4511544280775947047, 0.8635040790744962225, -1.495632937499999704 ) ) ;
#1115 = CARTESIAN_POINT ( 'NONE',  ( 5.596987761410928464, 1.727008158148991335, 1.057487506489264306E-16 ) ) ;
#1116 = CARTESIAN_POINT ( 'NONE',  ( 2.419904428760390580, 1.060881119635937564, 0.6125000000000001554 ) ) ;
#1117 = CARTESIAN_POINT ( 'NONE',  ( 6.128237760728130645, 1.500192328955507931E-16, -1.225000000000000089 ) ) ;
#1118 = CARTESIAN_POINT ( 'NONE',  ( 7.576154428077593650, 1.295256118611743723, 0.7478164687500002961 ) ) ;
#1119 = CARTESIAN_POINT ( 'NONE',  ( 8.513654428077595426, 0.8635040790744962225, -1.495632937499999704 ) ) ;
#1120 = CARTESIAN_POINT ( 'NONE',  ( 5.878237762093723617, 1.414508159514583197, 8.661364449586740749E-17 ) ) ;
#1121 = CARTESIAN_POINT ( 'NONE',  ( 7.763654428077595426, -0.8635040790744966666, 1.495632937499999704 ) ) ;
#1122 = CARTESIAN_POINT ( 'NONE',  ( 2.909487761410928020, 1.831622089608728481E-16, -1.495632937500000148 ) ) ;
#1123 = CARTESIAN_POINT ( 'NONE',  ( 5.753237762093723617, 1.500192328955507931E-16, -1.225000000000000089 ) ) ;
#1124 = ORIENTED_EDGE ( 'NONE', *, *, #2539, .T. ) ;
#1125 = CARTESIAN_POINT ( 'NONE',  ( 3.596987761410928020, 1.727008158148991557, 1.057487506489264306E-16 ) ) ;
#1126 = CARTESIAN_POINT ( 'NONE',  ( -1.500000000000000000, 3.720764392824089536E-16, 2.665772485184049412 ) ) ;
#1127 = CARTESIAN_POINT ( 'NONE',  ( 7.862649855563156542, 0.1763937523647478856, 1.233999681243098889 ) ) ;
#1128 = CONICAL_SURFACE ( 'NONE', #94, 577.3502691896277383, 0.5235987755983003700 ) ;
#1129 = ORIENTED_EDGE ( 'NONE', *, *, #2053, .T. ) ;
#1130 = CARTESIAN_POINT ( 'NONE',  ( 3.836571094061463683, 0.7072540797572914872, 1.225000000000000089 ) ) ;
#1131 = CARTESIAN_POINT ( 'NONE',  ( 1.159487761410928020, 0.000000000000000000, 1.495632937500000148 ) ) ;
#1132 = PRODUCT_DEFINITION_SHAPE ( 'NONE', 'NONE',  #2130 ) ;
#1133 = CARTESIAN_POINT ( 'NONE',  ( 2.742821094744261501, -1.295256118611744389, 0.7478164687499990748 ) ) ;
#1134 = CARTESIAN_POINT ( 'NONE',  ( 1.013654428077595204, 0.8635040790744962225, -1.495632937499999704 ) ) ;
#1135 = LINE ( 'NONE', #1979, #2339 ) ;
#1136 = CARTESIAN_POINT ( 'NONE',  ( 8.253237760728129757, 1.414508159514583197, 8.661364449586740749E-17 ) ) ;
#1137 = CARTESIAN_POINT ( 'NONE',  ( 7.159487761410928464, 0.000000000000000000, 1.495632937500000148 ) ) ;
#1138 = CARTESIAN_POINT ( 'NONE',  ( 3.763654428077594982, -0.8635040790744966666, 1.495632937499999704 ) ) ;
#1139 = CARTESIAN_POINT ( 'NONE',  ( 6.836571095427056655, 1.060881119635937564, -0.6124999999999997113 ) ) ;
#1140 = CARTESIAN_POINT ( 'NONE',  ( 4.503237762093723617, 0.000000000000000000, 1.225000000000000089 ) ) ;
#1141 = CONICAL_SURFACE ( 'NONE', #1796, 577.3502691896277383, 0.5235987755983003700 ) ;
#1142 = CARTESIAN_POINT ( 'NONE',  ( 4.409487761410928464, 1.831622089608728481E-16, -1.495632937500000148 ) ) ;
#1143 = CARTESIAN_POINT ( 'NONE',  ( 5.628237762093723617, -1.414508159514583197, -2.598409334876022102E-16 ) ) ;
#1144 = ORIENTED_EDGE ( 'NONE', *, *, #664, .F. ) ;
#1145 = CARTESIAN_POINT ( 'NONE',  ( 2.471987761410928464, 1.831622089608728481E-16, -1.495632937500000148 ) ) ;
#1146 = ORIENTED_EDGE ( 'NONE', *, *, #1442, .F. ) ;
#1147 = CARTESIAN_POINT ( 'NONE',  ( -4.666666666666662522, 0.000000000000000000, 1.225000000000000089 ) ) ;
#1148 = CARTESIAN_POINT ( 'NONE',  ( 0.1594877614109289077, 0.000000000000000000, 1.495632937500000148 ) ) ;
#1149 = CARTESIAN_POINT ( 'NONE',  ( 2.721987761410927575, 0.000000000000000000, 1.495632937500000148 ) ) ;
#1150 = VERTEX_POINT ( 'NONE', #293 ) ;
#1151 = ADVANCED_FACE ( 'NONE', ( #1444 ), #5, .T. ) ;
#1152 = CARTESIAN_POINT ( 'NONE',  ( 5.723190327239768403E-17, 1.280103279813063377, -0.7981068690110815211 ) ) ;
#1153 = CARTESIAN_POINT ( 'NONE',  ( 6.503237760728129757, -1.414508159514583197, -2.598409334876022102E-16 ) ) ;
#1154 = CARTESIAN_POINT ( 'NONE',  ( 4.659487761410927575, 0.000000000000000000, 1.495632937500000148 ) ) ;
#1155 = CARTESIAN_POINT ( 'NONE',  ( 5.221987761410928464, 0.000000000000000000, 1.495632937500000148 ) ) ;
#1156 = CARTESIAN_POINT ( 'NONE',  ( 3.878237762093723617, 1.414508159514583197, 8.661364449586740749E-17 ) ) ;
#1157 = CARTESIAN_POINT ( 'NONE',  ( 8.346987761410927575, -1.727008158148991557, -3.172462519467792547E-16 ) ) ;
#1158 = CARTESIAN_POINT ( 'NONE',  ( 1.044904428760391024, -0.7072540797572970384, 1.224999999999991207 ) ) ;
#1159 = ORIENTED_EDGE ( 'NONE', *, *, #1110, .T. ) ;
#1160 = ORIENTED_EDGE ( 'NONE', *, *, #1331, .F. ) ;
#1161 = PLANE ( 'NONE',  #581 ) ;
#1162 = CARTESIAN_POINT ( 'NONE',  ( 5.044904428760391468, -0.7072540797572945959, 1.224999999999996092 ) ) ;
#1163 = ORIENTED_EDGE ( 'NONE', *, *, #436, .T. ) ;
#1164 = DIRECTION ( 'NONE',  ( 0.000000000000000000, 0.5000000000000002220, 0.8660254037844384856 ) ) ;
#1165 = CARTESIAN_POINT ( 'NONE',  ( 3.096987761410928020, 1.727008158148991557, 1.057487506489264306E-16 ) ) ;
#1166 = EDGE_CURVE ( 'NONE', #3356, #614, #3087, .T. ) ;
#1167 = CARTESIAN_POINT ( 'NONE',  ( 3.388654428077594538, -1.295256118611743501, -0.7478164687500007402 ) ) ;
#1168 = VERTEX_POINT ( 'NONE', #1535 ) ;
#1169 = DIRECTION ( 'NONE',  ( -1.000000000000000000, -0.000000000000000000, -0.000000000000000000 ) ) ;
#1170 = CARTESIAN_POINT ( 'NONE',  ( 7.003237760728129757, -1.414508159514583197, -2.598409334876022102E-16 ) ) ;
#1171 = CARTESIAN_POINT ( 'NONE',  ( 5.409487761410928464, 1.831622089608728481E-16, -1.495632937500000148 ) ) ;
#1172 = LINE ( 'NONE', #33, #3133 ) ;
#1173 = CARTESIAN_POINT ( 'NONE',  ( 4.971987761410927575, 1.831622089608728481E-16, -1.495632937500000148 ) ) ;
#1174 = CARTESIAN_POINT ( 'NONE',  ( 4.003237762093723617, 0.000000000000000000, 1.225000000000000089 ) ) ;
#1175 = CARTESIAN_POINT ( 'NONE',  ( 8.180321094744261501, 0.8635040790744956674, 1.495632937500000148 ) ) ;
#1176 = ADVANCED_FACE ( 'NONE', ( #975 ), #718, .T. ) ;
#1177 = CARTESIAN_POINT ( 'NONE',  ( 2.419904427394796720, -0.7072540797572921534, 1.224999999999999645 ) ) ;
#1178 = ORIENTED_EDGE ( 'NONE', *, *, #777, .T. ) ;
#1179 = CARTESIAN_POINT ( 'NONE',  ( -1.499999999999999778, -0.5773502691896257311, -1.000000000000000000 ) ) ;
#1180 = CYLINDRICAL_SURFACE ( 'NONE', #1499, 1.225000000000000089 ) ;
#1181 =( BOUNDED_CURVE ( )  B_SPLINE_CURVE ( 2, ( #292, #916, #541, #1686, #42, #2900, #273 ),
 .UNSPECIFIED., .F., .F. ) 
 B_SPLINE_CURVE_WITH_KNOTS ( ( 3, 2, 2, 3 ),
 ( 0.5000000000000000000, 0.5092592592592593004, 0.5185185185185184897, 0.5277777777777777901 ),
 .UNSPECIFIED. ) 
 CURVE ( )  GEOMETRIC_REPRESENTATION_ITEM ( )  RATIONAL_B_SPLINE_CURVE ( ( 1.000000000000000000, 0.8660254037844387076, 1.000000000000000000, 0.8660254037844387076, 1.000000000000000000, 0.8660254037844387076, 1.000000000000000000 ) ) 
 REPRESENTATION_ITEM ( '' )  );
#1182 = ORIENTED_EDGE ( 'NONE', *, *, #2440, .T. ) ;
#1183 = CARTESIAN_POINT ( 'NONE',  ( 1.096987761410928020, 1.727008158148991557, 1.057487506489264306E-16 ) ) ;
#1184 = CARTESIAN_POINT ( 'NONE',  ( 2.805321094744261501, -1.295256118611744389, 0.7478164687499990748 ) ) ;
#1185 = ORIENTED_EDGE ( 'NONE', *, *, #1442, .T. ) ;
#1186 =( LENGTH_UNIT ( ) NAMED_UNIT ( * ) SI_UNIT ( .MILLI., .METRE. ) );
#1187 = CARTESIAN_POINT ( 'NONE',  ( 7.586571094061463683, -0.7072540797572911542, -1.225000000000000533 ) ) ;
#1188 = CARTESIAN_POINT ( 'NONE',  ( 6.367821094744260613, -0.8635040790744952233, -1.495632937500000592 ) ) ;
#1189 = EDGE_CURVE ( 'NONE', #1150, #1200, #3383, .T. ) ;
#1190 = CARTESIAN_POINT ( 'NONE',  ( 7.711571095427057543, -0.7072540797572901550, -1.225000000000002531 ) ) ;
#1191 = CARTESIAN_POINT ( 'NONE',  ( 5.930321094744262389, -0.8635040790744952233, -1.495632937500000592 ) ) ;
#1192 = CARTESIAN_POINT ( 'NONE',  ( 4.419904428760390580, 1.060881119635937564, 0.6125000000000001554 ) ) ;
#1193 = CARTESIAN_POINT ( 'NONE',  ( 7.596987761410927575, 1.727008158148991557, 1.057487506489264306E-16 ) ) ;
#1194 = CARTESIAN_POINT ( 'NONE',  ( 4.003237762093723617, 0.000000000000000000, 1.225000000000000089 ) ) ;
#1195 = ORIENTED_EDGE ( 'NONE', *, *, #3325, .T. ) ;
#1196 = EDGE_CURVE ( 'NONE', #561, #271, #3695, .T. ) ;
#1197 = AXIS2_PLACEMENT_3D ( 'NONE', #1937, #471, #1675 ) ;
#1198 = DIRECTION ( 'NONE',  ( 0.000000000000000000, 0.000000000000000000, 1.000000000000000000 ) ) ;
#1199 = CARTESIAN_POINT ( 'NONE',  ( 4.961571095427057543, 0.7072540797572890447, 1.225000000000004308 ) ) ;
#1200 = VERTEX_POINT ( 'NONE', #1095 ) ;
#1201 = CARTESIAN_POINT ( 'NONE',  ( 1.159487761410928020, 0.000000000000000000, 1.495632937500000148 ) ) ;
#1202 = CARTESIAN_POINT ( 'NONE',  ( 5.503237760728129757, -1.414508159514583197, -2.598409334876022102E-16 ) ) ;
#1203 =( BOUNDED_CURVE ( )  B_SPLINE_CURVE ( 2, ( #1756, #627, #2877, #2896, #2382, #3170, #3546 ),
 .UNSPECIFIED., .F., .T. ) 
 B_SPLINE_CURVE_WITH_KNOTS ( ( 3, 2, 2, 3 ),
 ( 0.7222222222222222099, 0.7314814814814815103, 0.7407407407407406996, 0.7500000000000000000 ),
 .UNSPECIFIED. ) 
 CURVE ( )  GEOMETRIC_REPRESENTATION_ITEM ( )  RATIONAL_B_SPLINE_CURVE ( ( 1.000000000000000000, 0.8660254037844387076, 1.000000000000000000, 0.8660254037844387076, 1.000000000000000000, 0.8660254037844387076, 1.000000000000000000 ) ) 
 REPRESENTATION_ITEM ( '' )  );
#1204 = CARTESIAN_POINT ( 'NONE',  ( 3.388654428077594538, -1.295256118611743501, -0.7478164687500007402 ) ) ;
#1205 = CARTESIAN_POINT ( 'NONE',  ( 1.388654428077594760, -1.295256118611743501, -0.7478164687500007402 ) ) ;
#1206 = ORIENTED_EDGE ( 'NONE', *, *, #2124, .F. ) ;
#1207 = CARTESIAN_POINT ( 'NONE',  ( -4.666666666666662522, 0.000000000000000000, 1.225000000000000089 ) ) ;
#1208 = CARTESIAN_POINT ( 'NONE',  ( 4.003237760728130645, -1.414508159514583197, -2.598409334876022102E-16 ) ) ;
#1209 = CARTESIAN_POINT ( 'NONE',  ( 6.992821094744260613, 1.295256118611743723, -0.7478164687499997410 ) ) ;
#1210 = CARTESIAN_POINT ( 'NONE',  ( 7.753237762093723617, 1.500192328955507931E-16, -1.225000000000000089 ) ) ;
#1211 = CARTESIAN_POINT ( 'NONE',  ( 2.846987761410928020, -1.727008158148991557, -3.172462519467792547E-16 ) ) ;
#1212 = CARTESIAN_POINT ( 'NONE',  ( 4.013654428077594538, 0.8635040790744962225, -1.495632937499999704 ) ) ;
#1213 = CARTESIAN_POINT ( 'NONE',  ( 4.919904428760390580, 1.060881119635937564, 0.6125000000000001554 ) ) ;
#1214 = DIRECTION ( 'NONE',  ( -1.000000000000000000, -0.000000000000000000, -0.000000000000000000 ) ) ;
#1215 = ADVANCED_FACE ( 'NONE', ( #2237 ), #1952, .T. ) ;
#1216 = EDGE_LOOP ( 'NONE', ( #2296, #1391, #2345, #3476, #1257, #291 ) ) ;
#1217 = CARTESIAN_POINT ( 'NONE',  ( 1.544904427394797164, -1.060881119635937342, -0.6125000000000005995 ) ) ;
#1218 = CARTESIAN_POINT ( 'NONE',  ( 1.503237762093723395, 0.000000000000000000, 1.225000000000000089 ) ) ;
#1219 = VERTEX_POINT ( 'NONE', #836 ) ;
#1220 = CARTESIAN_POINT ( 'NONE',  ( 2.076154428077594538, 1.295256118611743723, 0.7478164687500002961 ) ) ;
#1221 = CARTESIAN_POINT ( 'NONE',  ( 3.586571094061465015, -0.7072540797572813842, -1.225000000000017186 ) ) ;
#1222 = CARTESIAN_POINT ( 'NONE',  ( 3.013654428077594538, 0.8635040790744962225, -1.495632937499999704 ) ) ;
#1223 = APPLICATION_CONTEXT ( 'automotive_design' ) ;
#1224 = CARTESIAN_POINT ( 'NONE',  ( 0.8053210947442622780, -1.295256118611744389, 0.7478164687499990748 ) ) ;
#1225 = EDGE_LOOP ( 'NONE', ( #1308, #847, #2292, #3224 ) ) ;
#1226 = CARTESIAN_POINT ( 'NONE',  ( 7.696886568405683526, -1.334557334851354193, -0.1314289152655496729 ) ) ;
#1227 = CARTESIAN_POINT ( 'NONE',  ( 5.169904427394798496, 0.7072540797572920424, -1.224999999999999867 ) ) ;
#1228 = CARTESIAN_POINT ( 'NONE',  ( 4.117821094744260613, 0.8635040790744956674, 1.495632937500000148 ) ) ;
#1229 = CARTESIAN_POINT ( 'NONE',  ( 6.826154428077594538, -1.295256118611743501, -0.7478164687500007402 ) ) ;
#1230 = CARTESIAN_POINT ( 'NONE',  ( 0.5032377607281299792, -1.414508159514583197, -2.598409334876022102E-16 ) ) ;
#1231 = CARTESIAN_POINT ( 'NONE',  ( 3.971987761410928020, 1.831622089608728481E-16, -1.495632937500000148 ) ) ;
#1232 = CARTESIAN_POINT ( 'NONE',  ( 1.128237762093723839, -1.414508159514583197, -2.598409334876022102E-16 ) ) ;
#1233 = CARTESIAN_POINT ( 'NONE',  ( 4.086571095427056655, -1.060881119635938008, 0.6124999999999992673 ) ) ;
#1234 = DIRECTION ( 'NONE',  ( -1.000000000000000000, -0.000000000000000000, -0.000000000000000000 ) ) ;
#1235 = CARTESIAN_POINT ( 'NONE',  ( 1.003237760728130423, -1.414508159514583197, -2.598409334876022102E-16 ) ) ;
#1236 = CARTESIAN_POINT ( 'NONE',  ( 3.336571094061464127, 0.7072540797572866023, 1.225000000000008527 ) ) ;
#1237 = CARTESIAN_POINT ( 'NONE',  ( 1.753237760728131311, 1.414508159514583197, 8.661364449586740749E-17 ) ) ;
#1238 = ORIENTED_EDGE ( 'NONE', *, *, #3693, .F. ) ;
#1239 = CARTESIAN_POINT ( 'NONE',  ( 0.9928210947442615009, 1.295256118611743723, -0.7478164687499997410 ) ) ;
#1240 = CARTESIAN_POINT ( 'NONE',  ( -0.7999999999999999334, 0.000000000000000000, 0.000000000000000000 ) ) ;
#1241 = CARTESIAN_POINT ( 'NONE',  ( 2.638654428077594982, 1.295256118611743723, 0.7478164687500002961 ) ) ;
#1242 = ORIENTED_EDGE ( 'NONE', *, *, #1812, .T. ) ;
#1243 = CYLINDRICAL_SURFACE ( 'NONE', #175, 1.225000000000000089 ) ;
#1244 = CARTESIAN_POINT ( 'NONE',  ( 4.919904427394796720, -0.7072540797572921534, 1.224999999999999867 ) ) ;
#1245 = CARTESIAN_POINT ( 'NONE',  ( 2.992821094744261501, 1.295256118611743723, -0.7478164687499997410 ) ) ;
#1246 = AXIS2_PLACEMENT_3D ( 'NONE', #3080, #1689, #2829 ) ;
#1247 = CARTESIAN_POINT ( 'NONE',  ( 5.534487761410927575, 1.727008158148991557, 1.057487506489264306E-16 ) ) ;
#1248 = CARTESIAN_POINT ( 'NONE',  ( 7.096987761410928464, 1.727008158148991335, 1.057487506489264306E-16 ) ) ;
#1249 = CARTESIAN_POINT ( 'NONE',  ( 0.05532109474426158413, 1.295256118611743723, -0.7478164687499997410 ) ) ;
#1250 = CARTESIAN_POINT ( 'NONE',  ( 0.04490442876039016373, -0.7072540797572921534, 1.224999999999999867 ) ) ;
#1251 = CARTESIAN_POINT ( 'NONE',  ( 3.086571094061464127, -0.7072540797572911542, -1.225000000000000533 ) ) ;
#1252 = PRODUCT_DEFINITION_FORMATION_WITH_SPECIFIED_SOURCE ( 'ANY', '', #1492, .NOT_KNOWN. ) ;
#1253 = CARTESIAN_POINT ( 'NONE',  ( 1.294904427394796942, 1.060881119635937564, 0.6125000000000001554 ) ) ;
#1254 = CARTESIAN_POINT ( 'NONE',  ( 1.159487761410928020, 0.000000000000000000, 1.495632937500000148 ) ) ;
#1255 = DIRECTION ( 'NONE',  ( -1.000000000000000000, -0.000000000000000000, -0.000000000000000000 ) ) ;
#1256 = CARTESIAN_POINT ( 'NONE',  ( 6.367821094744261501, -0.8635040790744953343, -1.495632937500000592 ) ) ;
#1257 = ORIENTED_EDGE ( 'NONE', *, *, #922, .T. ) ;
#1258 = CARTESIAN_POINT ( 'NONE',  ( 3.711571095427057987, -0.7072540797572911542, -1.225000000000000533 ) ) ;
#1259 = CARTESIAN_POINT ( 'NONE',  ( 5.836571095427057543, 1.060881119635937564, -0.6124999999999997113 ) ) ;
#1260 = CARTESIAN_POINT ( 'NONE',  ( 7.544249933526946172, 1.089405867300481390, 0.9122861715806227512 ) ) ;
#1261 = ORIENTED_EDGE ( 'NONE', *, *, #505, .T. ) ;
#1262 = CARTESIAN_POINT ( 'NONE',  ( 0.001638546049658122722, 0.02714524971790422889, 1.225000000000000755 ) ) ;
#1263 = CARTESIAN_POINT ( 'NONE',  ( 1.992821094744261501, 1.295256118611743723, -0.7478164687499997410 ) ) ;
#1264 = CARTESIAN_POINT ( 'NONE',  ( 7.326154428077594538, -1.295256118611743501, -0.7478164687500007402 ) ) ;
#1265 = CARTESIAN_POINT ( 'NONE',  ( -4.666666666666662522, 0.000000000000000000, 0.000000000000000000 ) ) ;
#1266 = CARTESIAN_POINT ( 'NONE',  ( 1.805321094744261501, -1.295256118611744389, 0.7478164687499990748 ) ) ;
#1267 = CARTESIAN_POINT ( 'NONE',  ( 0.5032377620937232843, 0.000000000000000000, 1.225000000000000089 ) ) ;
#1268 = DIRECTION ( 'NONE',  ( -1.000000000000000000, -0.000000000000000000, -0.000000000000000000 ) ) ;
#1269 = CARTESIAN_POINT ( 'NONE',  ( 2.294904427394797164, 1.060881119635937564, 0.6125000000000001554 ) ) ;
#1270 = CARTESIAN_POINT ( 'NONE',  ( 0.6178210947442620560, 0.8635040790744956674, 1.495632937500000148 ) ) ;
#1271 = CARTESIAN_POINT ( 'NONE',  ( 6.617821094744261501, 0.8635040790744956674, 1.495632937500000148 ) ) ;
#1272 = ORIENTED_EDGE ( 'NONE', *, *, #1498, .T. ) ;
#1274 = EDGE_CURVE ( 'NONE', #7, #309, #1081, .T. ) ;
#1273 = CARTESIAN_POINT ( 'NONE',  ( 2.168404344971008868E-16, 0.000000000000000000, 0.000000000000000000 ) ) ;
#1275 = CARTESIAN_POINT ( 'NONE',  ( 1.253237760728130645, 1.414508159514583197, 8.661364449586740749E-17 ) ) ;
#1276 = CARTESIAN_POINT ( 'NONE',  ( 0.2219877614109289632, 0.000000000000000000, 1.495632937500000148 ) ) ;
#1277 = ORIENTED_EDGE ( 'NONE', *, *, #3290, .T. ) ;
#1278 = CARTESIAN_POINT ( 'NONE',  ( 2.711571094061463683, 1.060881119635937564, -0.6124999999999997113 ) ) ;
#1279 = CARTESIAN_POINT ( 'NONE',  ( 2.951154428077594538, 0.8635040790744962225, -1.495632937499999704 ) ) ;
#1280 = CARTESIAN_POINT ( 'NONE',  ( 6.451154428077594538, 0.8635040790744962225, -1.495632937499999704 ) ) ;
#1281 = DIRECTION ( 'NONE',  ( 0.000000000000000000, 0.000000000000000000, 1.000000000000000000 ) ) ;
#1282 = CARTESIAN_POINT ( 'NONE',  ( 0.8469877614109279085, -1.727008158148991557, -3.172462519467792547E-16 ) ) ;
#1283 = CARTESIAN_POINT ( 'NONE',  ( 0.2532377620937231177, 1.500192328955507931E-16, -1.225000000000000089 ) ) ;
#1284 = CARTESIAN_POINT ( 'NONE',  ( 0.05532109474426158413, 1.295256118611743723, -0.7478164687499997410 ) ) ;
#1285 = CARTESIAN_POINT ( 'NONE',  ( 1.919904427394797608, -0.7072540797572921534, 1.224999999999999867 ) ) ;
#1286 = CARTESIAN_POINT ( 'NONE',  ( 1.034487761410928020, 1.727008158148991557, 1.057487506489264306E-16 ) ) ;
#1287 = DIRECTION ( 'NONE',  ( -1.000000000000000000, -0.000000000000000000, -0.000000000000000000 ) ) ;
#1288 = ADVANCED_FACE ( 'NONE', ( #3144 ), #2570, .T. ) ;
#1289 = CARTESIAN_POINT ( 'NONE',  ( 7.034487761410928464, 1.727008158148991335, 1.057487506489264306E-16 ) ) ;
#1290 = EDGE_LOOP ( 'NONE', ( #1146, #1011, #2635, #3377 ) ) ;
#1291 = CARTESIAN_POINT ( 'NONE',  ( 3.544904428760390580, -0.7072540797572921534, 1.224999999999999645 ) ) ;
#1292 = DIRECTION ( 'NONE',  ( -1.000000000000000000, -0.000000000000000000, -0.000000000000000000 ) ) ;
#1293 = CARTESIAN_POINT ( 'NONE',  ( 0.8469877614109279085, -1.727008158148991557, -3.172462519467792547E-16 ) ) ;
#1294 = ORIENTED_EDGE ( 'NONE', *, *, #3024, .T. ) ;
#1295 = CARTESIAN_POINT ( 'NONE',  ( 2.503237762093723173, 0.000000000000000000, 1.225000000000000089 ) ) ;
#1296 = CARTESIAN_POINT ( 'NONE',  ( 2.326154428077594538, -1.295256118611743501, -0.7478164687500007402 ) ) ;
#1297 = CARTESIAN_POINT ( 'NONE',  ( 6.576154428077594538, 1.295256118611743723, 0.7478164687500002961 ) ) ;
#1298 = DIRECTION ( 'NONE',  ( -0.000000000000000000, 0.000000000000000000, 1.000000000000000000 ) ) ;
#1299 = CARTESIAN_POINT ( 'NONE',  ( 0.6386544280775948712, 1.295256118611743723, 0.7478164687500002961 ) ) ;
#1300 = CARTESIAN_POINT ( 'NONE',  ( 0.3365710954270576538, 1.060881119635937564, -0.6124999999999997113 ) ) ;
#1301 = DIRECTION ( 'NONE',  ( -1.000000000000000000, -0.000000000000000000, -0.000000000000000000 ) ) ;
#1302 = VECTOR ( 'NONE', #707, 1000.000000000000000 ) ;
#1303 = AXIS2_PLACEMENT_3D ( 'NONE', #3452, #1476, #2301 ) ;
#1304 = CARTESIAN_POINT ( 'NONE',  ( 1.211571094061464127, 1.060881119635937564, -0.6124999999999997113 ) ) ;
#1305 = CARTESIAN_POINT ( 'NONE',  ( 0.3261544280775945936, -1.295256118611743501, -0.7478164687500007402 ) ) ;
#1306 = FACE_OUTER_BOUND ( 'NONE', #63, .T. ) ;
#1307 = CARTESIAN_POINT ( 'NONE',  ( 6.201154428077595426, -0.8635040790744965555, 1.495632937499999704 ) ) ;
#1308 = ORIENTED_EDGE ( 'NONE', *, *, #2687, .F. ) ;
#1309 = ADVANCED_FACE ( 'NONE', ( #3447 ), #3501, .T. ) ;
#1310 = CARTESIAN_POINT ( 'NONE',  ( -0.1321789052557385824, -0.8635040790744952233, -1.495632937500000592 ) ) ;
#1311 = EDGE_CURVE ( 'NONE', #1853, #1910, #2624, .T. ) ;
#1312 = CARTESIAN_POINT ( 'NONE',  ( 7.096987761410928464, 1.727008158148991557, 1.057487506489264306E-16 ) ) ;
#1313 = CARTESIAN_POINT ( 'NONE',  ( 0.2115710940614641544, 1.060881119635937564, -0.6124999999999997113 ) ) ;
#1314 = CARTESIAN_POINT ( 'NONE',  ( 3.253237760728130645, 1.414508159514583197, 8.661364449586740749E-17 ) ) ;
#1315 = CARTESIAN_POINT ( 'NONE',  ( 7.589627840297908712, 0.1886504674931009651, 1.391629015251169665 ) ) ;
#1316 = EDGE_LOOP ( 'NONE', ( #2320, #2386, #2135, #2878 ) ) ;
#1317 = CARTESIAN_POINT ( 'NONE',  ( 2.836571094061463683, 0.7072540797572914872, 1.225000000000000089 ) ) ;
#1318 = CARTESIAN_POINT ( 'NONE',  ( 1.784487761410927797, -1.727008158148991557, -3.172462519467792547E-16 ) ) ;
#1319 = MECHANICAL_DESIGN_GEOMETRIC_PRESENTATION_REPRESENTATION (  '', ( #2648 ), #1983 ) ;
#1320 = CARTESIAN_POINT ( 'NONE',  ( 3.159487761410928020, 0.000000000000000000, 1.495632937500000148 ) ) ;
#1321 = CARTESIAN_POINT ( 'NONE',  ( 6.763654428077595426, -0.8635040790744965555, 1.495632937499999704 ) ) ;
#1322 = CARTESIAN_POINT ( 'NONE',  ( 1.096987761410928020, 1.727008158148991557, 1.057487506489264306E-16 ) ) ;
#1323 = CARTESIAN_POINT ( 'NONE',  ( 8.419904427394797608, -0.7072540797572921534, 1.224999999999999867 ) ) ;
#1324 = CYLINDRICAL_SURFACE ( 'NONE', #2097, 1.225000000000000089 ) ;
#1325 =( BOUNDED_CURVE ( )  B_SPLINE_CURVE ( 2, ( #2352, #2447, #413, #2141, #3306, #965, #3020 ),
 .UNSPECIFIED., .F., .T. ) 
 B_SPLINE_CURVE_WITH_KNOTS ( ( 3, 2, 2, 3 ),
 ( 0.4166666666666666297, 0.4259259259259258745, 0.4351851851851851749, 0.4444444444444444198 ),
 .UNSPECIFIED. ) 
 CURVE ( )  GEOMETRIC_REPRESENTATION_ITEM ( )  RATIONAL_B_SPLINE_CURVE ( ( 1.000000000000000888, 0.8660254037844379305, 1.000000000000000000, 0.8660254037844387076, 1.000000000000000000, 0.8660254037844387076, 1.000000000000000000 ) ) 
 REPRESENTATION_ITEM ( '' )  );
#1326 = CARTESIAN_POINT ( 'NONE',  ( 6.471987761410927575, 1.831622089608728481E-16, -1.495632937500000148 ) ) ;
#1327 = CARTESIAN_POINT ( 'NONE',  ( 0.5344877614109275754, 1.727008158148991557, 1.057487506489264306E-16 ) ) ;
#1328 = DIRECTION ( 'NONE',  ( -1.000000000000000000, -0.000000000000000000, -0.000000000000000000 ) ) ;
#1329 = CARTESIAN_POINT ( 'NONE',  ( 7.409487762776461039, 2.829943561418909628E-08, -1.495632937500000148 ) ) ;
#1330 = EDGE_CURVE ( 'NONE', #890, #2640, #1135, .T. ) ;
#1331 = EDGE_CURVE ( 'NONE', #2309, #713, #2329, .T. ) ;
#1332 = VERTEX_POINT ( 'NONE', #2816 ) ;
#1333 = CARTESIAN_POINT ( 'NONE',  ( 5.096987761410928464, 1.727008158148991557, 1.057487506489264306E-16 ) ) ;
#1334 = DIRECTION ( 'NONE',  ( 0.000000000000000000, -1.000000000000000000, 0.000000000000000000 ) ) ;
#1335 = CARTESIAN_POINT ( 'NONE',  ( 3.586571094061463683, -0.7072540797572911542, -1.225000000000000533 ) ) ;
#1336 = CARTESIAN_POINT ( 'NONE',  ( 7.509650168477387311, 1.442745297874518107, 0.1481433841504830318 ) ) ;
#1337 = EDGE_LOOP ( 'NONE', ( #2943, #80, #746, #2620 ) ) ;
#1338 = DIRECTION ( 'NONE',  ( 0.6427876096865376976, 9.381338752702746805E-17, 0.7660444431189793457 ) ) ;
#1339 =( BOUNDED_CURVE ( )  B_SPLINE_CURVE ( 2, ( #969, #3041, #1824, #1546, #2164, #3309, #720, #3023, #432, #1248, #3619, #1602, #1583, #2739, #2399, #147, #738, #1321, #2472, #949, #3256, #2416, #2092, #666, #2967, #3582, #2109, #377, #2683, #2983, #395, #2703, #1955, #2815, #793, #1412, #3642, #2183, #3698, #1657, #225, #507, #207, #2779, #3678, #1115, #1375, #1044, #755, #2532, #3102, #526, #1395, #813, #1061, #1097, #1935, #489, #3404, #2851, #2239, #2198, #547, #3718, #1674, #2551, #1358, #3120, #2833, #3659, #1640, #242, #2260, #3424, #835, #2512, #1976, #3143, #3368, #1692, #1079, #261, #2219, #3348, #1900, #1341, #3062, #470, #1622, #189, #2491, #775, #1919, #3082, #2796, #3387, #2031, #2586, #1167, #298, #3178, #906, #2601, #1712, #28, #335, #855, #2905, #1467, #2066, #1449, #3738, #1184, #3463, #1149, #889, #2014, #2619, #600, #11, #1486, #3232, #1747, #2639, #316, #2295, #3159, #2330, #3499, #3757, #2049, #3215, #2868, #635, #618, #872, #279, #1764, #2923, #49, #3196, #2308, #1431, #924, #582, #1730, #1205, #2350, #3519, #1785, #2942, #2886, #354, #2569, #3480, #1134, #2279, #3444, #1997, #564, #1224, #2370, #1507, #67, #3535, #2659, #1847, #1004, #2722, #150, #1025, #435, #685, #131, #418, #114, #3027, #2475, #1284, #3259, #2436 ),
 .UNSPECIFIED., .F., .F. ) 
 B_SPLINE_CURVE_WITH_KNOTS ( ( 3, 2, 2, 2, 2, 2, 2, 2, 2, 2, 2, 2, 2, 2, 2, 2, 2, 2, 2, 2, 2, 2, 2, 2, 2, 2, 2, 2, 2, 2, 2, 2, 2, 2, 2, 2, 2, 2, 2, 2, 2, 2, 2, 2, 2, 2, 2, 2, 2, 2, 2, 2, 2, 2, 2, 2, 2, 2, 2, 2, 2, 2, 2, 2, 2, 2, 2, 2, 2, 2, 2, 2, 2, 2, 2, 2, 2, 2, 2, 2, 2, 2, 2, 2, 2, 2, 2, 2, 2, 2, 3 ),
 ( 0.1457131137651472008, 0.1481481481481481399, 0.1574074074074074125, 0.1666666666666666574, 0.1759259259259259300, 0.1851851851851851749, 0.1944444444444444475, 0.2037037037037036924, 0.2129629629629629650, 0.2222222222222222099, 0.2314814814814814825, 0.2407407407407406996, 0.2500000000000000000, 0.2592592592592592449, 0.2685185185185185452, 0.2777777777777777901, 0.2870370370370370350, 0.2962962962962962798, 0.3055555555555555802, 0.3148148148148148251, 0.3240740740740740700, 0.3333333333333333148, 0.3425925925925926152, 0.3518518518518518601, 0.3611111111111111049, 0.3703703703703703498, 0.3796296296296296502, 0.3888888888888888951, 0.3981481481481481399, 0.4074074074074073293, 0.4166666666666666297, 0.4259259259259259300, 0.4351851851851851194, 0.4444444444444444198, 0.4537037037037037202, 0.4629629629629629095, 0.4722222222222222099, 0.4814814814814813992, 0.4907407407407406996, 0.5000000000000000000, 0.5092592592592593004, 0.5185185185185184897, 0.5277777777777777901, 0.5370370370370370905, 0.5462962962962962798, 0.5555555555555555802, 0.5648148148148147696, 0.5740740740740740700, 0.5833333333333333703, 0.5925925925925925597, 0.6018518518518518601, 0.6111111111111111605, 0.6203703703703703498, 0.6296296296296296502, 0.6388888888888888395, 0.6481481481481481399, 0.6574074074074074403, 0.6666666666666666297, 0.6759259259259259300, 0.6851851851851852304, 0.6944444444444444198, 0.7037037037037037202, 0.7129629629629629095, 0.7222222222222222099, 0.7314814814814815103, 0.7407407407407406996, 0.7500000000000000000, 0.7592592592592593004, 0.7685185185185184897, 0.7777777777777777901, 0.7870370370370370905, 0.7962962962962962798, 0.8055555555555555802, 0.8148148148148147696, 0.8240740740740740700, 0.8333333333333333703, 0.8425925925925925597, 0.8518518518518518601, 0.8611111111111110494, 0.8703703703703703498, 0.8796296296296296502, 0.8888888888888888395, 0.8981481481481481399, 0.9074074074074073293, 0.9166666666666666297, 0.9259259259259259300, 0.9351851851851852304, 0.9444444444444444198, 0.9537037037037038312, 0.9629629629629629095, 0.9690177516020759274 ),
 .UNSPECIFIED. ) 
 CURVE ( )  GEOMETRIC_REPRESENTATION_ITEM ( )  RATIONAL_B_SPLINE_CURVE ( ( 0.9480652086846617088, 0.9647668631907755366, 1.000000000000000000, 0.8660254037844387076, 1.000000000000000000, 0.8660254037844387076, 1.000000000000000000, 0.8660254037844387076, 1.000000000000000000, 0.8660254037844387076, 1.000000000000000000, 0.8660254037844387076, 1.000000000000000000, 0.8660254037844387076, 1.000000000000000000, 0.8660254037844387076, 1.000000000000000000, 0.8660254037844387076, 1.000000000000000000, 0.8660254037844387076, 1.000000000000000000, 0.8660254037844387076, 1.000000000000000000, 0.8660254037844387076, 1.000000000000000000, 0.8660254037844387076, 1.000000000000000000, 0.8660254037844387076, 1.000000000000000000, 0.8660254037844387076, 1.000000000000000000, 0.8660254037844387076, 1.000000000000000000, 0.8660254037844387076, 1.000000000000000000, 0.8660254037844387076, 1.000000000000000000, 0.8660254037844387076, 1.000000000000000000, 0.8660254037844387076, 1.000000000000000000, 0.8660254037844387076, 1.000000000000000000, 0.8660254037844387076, 1.000000000000000000, 0.8660254037844387076, 1.000000000000000000, 0.8660254037844387076, 1.000000000000000000, 0.8660254037844387076, 1.000000000000000000, 0.8660254037844387076, 1.000000000000000000, 0.8660254037844387076, 1.000000000000000000, 0.8660254037844387076, 1.000000000000000000, 0.8660254037844387076, 1.000000000000000000, 0.8660254037844387076, 1.000000000000000000, 0.8660254037844387076, 1.000000000000000000, 0.8660254037844387076, 1.000000000000000000, 0.8660254037844387076, 1.000000000000000000, 0.8660254037844387076, 1.000000000000000000, 0.8660254037844387076, 1.000000000000000000, 0.8660254037844387076, 1.000000000000000000, 0.8660254037844387076, 1.000000000000000000, 0.8660254037844387076, 1.000000000000000000, 0.8660254037844387076, 1.000000000000000000, 0.8660254037844387076, 1.000000000000000000, 0.8660254037844387076, 1.000000000000000000, 0.8660254037844387076, 1.000000000000000000, 0.8660254037844387076, 1.000000000000000000, 0.8660254037844387076, 1.000000000000000000, 0.8660254037844387076, 1.000000000000000000, 0.8660254037844387076, 1.000000000000000000, 0.8660254037844387076, 1.000000000000000000, 0.8660254037844387076, 1.000000000000000000, 0.8660254037844387076, 1.000000000000000000, 0.8660254037844387076, 1.000000000000000000, 0.8660254037844387076, 1.000000000000000000, 0.8660254037844387076, 1.000000000000000000, 0.8660254037844387076, 1.000000000000000000, 0.8660254037844387076, 1.000000000000000000, 0.8660254037844387076, 1.000000000000000000, 0.8660254037844387076, 1.000000000000000000, 0.8660254037844387076, 1.000000000000000000, 0.8660254037844387076, 1.000000000000000000, 0.8660254037844387076, 1.000000000000000000, 0.8660254037844387076, 1.000000000000000000, 0.8660254037844387076, 1.000000000000000000, 0.8660254037844387076, 1.000000000000000000, 0.8660254037844387076, 1.000000000000000000, 0.8660254037844387076, 1.000000000000000000, 0.8660254037844387076, 1.000000000000000000, 0.8660254037844387076, 1.000000000000000000, 0.8660254037844387076, 1.000000000000000000, 0.8660254037844387076, 1.000000000000000000, 0.8660254037844387076, 1.000000000000000000, 0.8660254037844387076, 1.000000000000000000, 0.8660254037844387076, 1.000000000000000000, 0.8660254037844387076, 1.000000000000000000, 0.8660254037844387076, 1.000000000000000000, 0.8660254037844387076, 1.000000000000000000, 0.8660254037844387076, 1.000000000000000000, 0.8660254037844387076, 1.000000000000000000, 0.8660254037844387076, 1.000000000000000000, 0.8660254037844387076, 1.000000000000000000, 0.8660254037844387076, 1.000000000000000000, 0.8660254037844387076, 1.000000000000000000, 0.8660254037844387076, 1.000000000000000000, 0.8660254037844387076, 1.000000000000000000, 0.8660254037844387076, 1.000000000000000000, 0.8660254037844387076, 1.000000000000000000, 0.8660254037844387076, 1.000000000000000000, 0.8660254037844387076, 1.000000000000000000, 0.8660254037844387076, 1.000000000000000000, 0.8660254037844387076, 1.000000000000000000, 0.8660254037844387076, 1.000000000000000000, 0.9123917107856610587, 0.9393605512043767813 ) ) 
 REPRESENTATION_ITEM ( '' )  );
#1340 = CARTESIAN_POINT ( 'NONE',  ( 4.242821094744260613, -1.295256118611744389, 0.7478164687499990748 ) ) ;
#1341 = CARTESIAN_POINT ( 'NONE',  ( 3.930321094744261501, -0.8635040790744953343, -1.495632937500000592 ) ) ;
#1342 = CARTESIAN_POINT ( 'NONE',  ( 7.003237760728129757, -1.414508159514583197, -2.598409334876022102E-16 ) ) ;
#1343 = CARTESIAN_POINT ( 'NONE',  ( -2.603375517806320420E-14, 1.074165608110632331, 0.8408110413847621478 ) ) ;
#1344 = CARTESIAN_POINT ( 'NONE',  ( 4.419904427394797608, -0.7072540797572921534, 1.224999999999999645 ) ) ;
#1345 = CARTESIAN_POINT ( 'NONE',  ( 6.930321094744260613, -0.8635040790744952233, -1.495632937500000592 ) ) ;
#1346 = CARTESIAN_POINT ( 'NONE',  ( 5.211571095427056655, -0.7072540797572911542, -1.225000000000000533 ) ) ;
#1347 =( BOUNDED_CURVE ( )  B_SPLINE_CURVE ( 2, ( #1942, #1050, #1629, #155, #3090, #195, #1908 ),
 .UNSPECIFIED., .F., .F. ) 
 B_SPLINE_CURVE_WITH_KNOTS ( ( 3, 2, 2, 3 ),
 ( 0.4722222222222220989, 0.4814814814814813992, 0.4907407407407406996, 0.5000000000000000000 ),
 .UNSPECIFIED. ) 
 CURVE ( )  GEOMETRIC_REPRESENTATION_ITEM ( )  RATIONAL_B_SPLINE_CURVE ( ( 1.000000000000001554, 0.8660254037844371533, 1.000000000000000000, 0.8660254037844387076, 1.000000000000000000, 0.8660254037844387076, 1.000000000000000000 ) ) 
 REPRESENTATION_ITEM ( '' )  );
#1348 = CARTESIAN_POINT ( 'NONE',  ( 4.159487761410928464, 0.000000000000000000, 1.495632937500000148 ) ) ;
#1349 = EDGE_CURVE ( 'NONE', #1478, #1927, #3260, .T. ) ;
#1350 = VERTEX_POINT ( 'NONE', #3699 ) ;
#1351 = CARTESIAN_POINT ( 'NONE',  ( 0.2115710954270575428, -0.7072540797572911542, -1.225000000000000533 ) ) ;
#1352 = CARTESIAN_POINT ( 'NONE',  ( 6.055321094744261501, 1.295256118611743723, -0.7478164687499997410 ) ) ;
#1353 = CARTESIAN_POINT ( 'NONE',  ( 7.003237762093723617, 0.000000000000000000, 1.225000000000000089 ) ) ;
#1354 = CARTESIAN_POINT ( 'NONE',  ( 2.919904427394797608, -0.7072540797572921534, 1.224999999999999867 ) ) ;
#1355 = CARTESIAN_POINT ( 'NONE',  ( 6.753237760728129757, 1.414508159514583197, 8.661364449586740749E-17 ) ) ;
#1356 = VERTEX_POINT ( 'NONE', #226 ) ;
#1357 = CARTESIAN_POINT ( 'NONE',  ( 3.242821094744261057, -1.295256118611744389, 0.7478164687499990748 ) ) ;
#1358 = CARTESIAN_POINT ( 'NONE',  ( 4.721987761410927575, 0.000000000000000000, 1.495632937500000148 ) ) ;
#1359 = CARTESIAN_POINT ( 'NONE',  ( 7.756255955795323231, -0.5941208846224640405, -1.154490583604615095 ) ) ;
#1360 = CARTESIAN_POINT ( 'NONE',  ( -0.3300955712396101971, -1.060881119635937342, -0.6125000000000005995 ) ) ;
#1361 = CARTESIAN_POINT ( 'NONE',  ( 4.628237760728130645, 1.500192328955507931E-16, -1.225000000000000089 ) ) ;
#1362 = CARTESIAN_POINT ( 'NONE',  ( 8.305321094744261501, -1.295256118611744389, 0.7478164687499990748 ) ) ;
#1363 = CARTESIAN_POINT ( 'NONE',  ( 7.836571095427057543, 1.060881119635937564, -0.6124999999999997113 ) ) ;
#1364 = VECTOR ( 'NONE', #2690, 1000.000000000000000 ) ;
#1365 = DIRECTION ( 'NONE',  ( 0.000000000000000000, 0.000000000000000000, 1.000000000000000000 ) ) ;
#1366 = CARTESIAN_POINT ( 'NONE',  ( 3.701154428077594982, -0.8635040790744965555, 1.495632937499999704 ) ) ;
#1367 = ORIENTED_EDGE ( 'NONE', *, *, #991, .F. ) ;
#1368 = CARTESIAN_POINT ( 'NONE',  ( -4.666666666666662522, 0.000000000000000000, 0.000000000000000000 ) ) ;
#1369 = CARTESIAN_POINT ( 'NONE',  ( 4.846987761410927575, -1.727008158148991557, -3.172462519467792547E-16 ) ) ;
#1370 = CARTESIAN_POINT ( 'NONE',  ( 5.128237760728130645, 1.500192328955507931E-16, -1.225000000000000089 ) ) ;
#1371 = CYLINDRICAL_SURFACE ( 'NONE', #1978, 1.225000000000000089 ) ;
#1372 = CARTESIAN_POINT ( 'NONE',  ( 2.168404344971008868E-16, -0.5773502691896253980, 1.000000000000000000 ) ) ;
#1373 = CARTESIAN_POINT ( 'NONE',  ( 1.242821094744261723, -1.295256118611744389, 0.7478164687499990748 ) ) ;
#1374 = CARTESIAN_POINT ( 'NONE',  ( 3.909487761410928020, 1.831622089608728481E-16, -1.495632937500000148 ) ) ;
#1375 = CARTESIAN_POINT ( 'NONE',  ( 5.555321094744261501, 1.295256118611743723, -0.7478164687499997410 ) ) ;
#1376 = CARTESIAN_POINT ( 'NONE',  ( 2.253237762093724061, 1.500192328955507931E-16, -1.225000000000000089 ) ) ;
#1377 = CARTESIAN_POINT ( 'NONE',  ( 8.836571094061461906, 0.7072540797572914872, 1.225000000000000089 ) ) ;
#1378 = CARTESIAN_POINT ( 'NONE',  ( -2.146075233711434638E-16, 0.5254777593324171381, -1.400282474425021517 ) ) ;
#1379 = CARTESIAN_POINT ( 'NONE',  ( 7.680321094744260613, 0.8635040790744956674, 1.495632937500000148 ) ) ;
#1380 = CARTESIAN_POINT ( 'NONE',  ( 5.378237762093724506, 1.414508159514583197, 8.661364449586740749E-17 ) ) ;
#1381 = CARTESIAN_POINT ( 'NONE',  ( 5.669904427394796720, 0.7072540797572945959, -1.224999999999996092 ) ) ;
#1382 = EDGE_CURVE ( 'NONE', #2906, #957, #3656, .T. ) ;
#1383 = CARTESIAN_POINT ( 'NONE',  ( 3.659487761410927575, 0.000000000000000000, 1.495632937500000148 ) ) ;
#1384 = CARTESIAN_POINT ( 'NONE',  ( -4.666666666666662522, 1.500192328955507931E-16, -1.225000000000000089 ) ) ;
#1385 = DIRECTION ( 'NONE',  ( -1.000000000000000000, -0.000000000000000000, -0.000000000000000000 ) ) ;
#1386 = ORIENTED_EDGE ( 'NONE', *, *, #2247, .T. ) ;
#1387 = CARTESIAN_POINT ( 'NONE',  ( 3.846987761410928464, -1.727008158148991557, -3.172462519467792547E-16 ) ) ;
#1388 = CARTESIAN_POINT ( 'NONE',  ( 0.1282377607281313114, 1.500192328955507931E-16, -1.225000000000000089 ) ) ;
#1389 = FACE_OUTER_BOUND ( 'NONE', #100, .T. ) ;
#1390 = EDGE_CURVE ( 'NONE', #2467, #2104, #3580, .T. ) ;
#1391 = ORIENTED_EDGE ( 'NONE', *, *, #288, .T. ) ;
#1392 = DIRECTION ( 'NONE',  ( -1.000000000000000000, -0.000000000000000000, -0.000000000000000000 ) ) ;
#1393 = CARTESIAN_POINT ( 'NONE',  ( 0.3678210947442618339, -0.8635040790744953343, -1.495632937500000592 ) ) ;
#1394 = CARTESIAN_POINT ( 'NONE',  ( 4.534487761410927575, 1.727008158148991557, 1.057487506489264306E-16 ) ) ;
#1395 = CARTESIAN_POINT ( 'NONE',  ( 5.305321094744260613, -1.295256118611744389, 0.7478164687499990748 ) ) ;
#1396 = DIRECTION ( 'NONE',  ( 1.000000000000000000, 0.000000000000000000, 0.000000000000000000 ) ) ;
#1397 = CARTESIAN_POINT ( 'NONE',  ( 2.471377641308081726E-17, 1.398876484338449355, -0.5131050842291199343 ) ) ;
#1398 = CARTESIAN_POINT ( 'NONE',  ( 7.826154428077594538, -1.295256118611743501, -0.7478164687500007402 ) ) ;
#1399 = CARTESIAN_POINT ( 'NONE',  ( 8.596987761410927575, 1.727008158148991557, 1.057487506489264306E-16 ) ) ;
#1400 = CARTESIAN_POINT ( 'NONE',  ( 5.586571095427057543, -1.060881119635938008, 0.6124999999999992673 ) ) ;
#1401 = CARTESIAN_POINT ( 'NONE',  ( 8.513654428077595426, 0.8635040790744962225, -1.495632937499999704 ) ) ;
#1402 = CARTESIAN_POINT ( 'NONE',  ( 2.742821094744261501, -1.295256118611744389, 0.7478164687499990748 ) ) ;
#1403 = CARTESIAN_POINT ( 'NONE',  ( -1.499999999999999778, -0.5773502691896253980, 1.000000000000000000 ) ) ;
#1404 = ORIENTED_EDGE ( 'NONE', *, *, #923, .T. ) ;
#1405 = CARTESIAN_POINT ( 'NONE',  ( 4.305321094744260613, -1.295256118611744389, 0.7478164687499990748 ) ) ;
#1406 = CARTESIAN_POINT ( 'NONE',  ( 7.628237760728129757, 1.500192328955507931E-16, -1.225000000000000089 ) ) ;
#1407 = CARTESIAN_POINT ( 'NONE',  ( 7.650441510283276791, 1.296102352242837652, -0.4363556211842573029 ) ) ;
#1408 = ORIENTED_EDGE ( 'NONE', *, *, #3325, .F. ) ;
#1409 = CYLINDRICAL_SURFACE ( 'NONE', #3485, 1.225000000000000089 ) ;
#1410 = CARTESIAN_POINT ( 'NONE',  ( 0.7428210947442621670, -1.295256118611744389, 0.7478164687499990748 ) ) ;
#1411 = CARTESIAN_POINT ( 'NONE',  ( 2.701154428077595426, -0.8635040790744966666, 1.495632937499999704 ) ) ;
#1412 = CARTESIAN_POINT ( 'NONE',  ( 6.013654428077595426, 0.8635040790744962225, -1.495632937499999704 ) ) ;
#1413 = DIRECTION ( 'NONE',  ( -1.000000000000000000, -0.000000000000000000, -0.000000000000000000 ) ) ;
#1414 = CARTESIAN_POINT ( 'NONE',  ( 7.378237760728130645, 0.000000000000000000, 1.225000000000000089 ) ) ;
#1415 = CARTESIAN_POINT ( 'NONE',  ( 7.242821094744260613, -1.295256118611744389, 0.7478164687499990748 ) ) ;
#1416 = CARTESIAN_POINT ( 'NONE',  ( 3.846987761410928464, -1.727008158148991557, -3.172462519467792547E-16 ) ) ;
#1417 = CARTESIAN_POINT ( 'NONE',  ( 6.544904428760390580, -0.7072540797572921534, 1.224999999999999867 ) ) ;
#1418 = LINE ( 'NONE', #896, #1726 ) ;
#1419 = CARTESIAN_POINT ( 'NONE',  ( 3.451154428077594982, 0.8635040790744962225, -1.495632937499999704 ) ) ;
#1420 = CARTESIAN_POINT ( 'NONE',  ( 3.378237760728130645, 0.000000000000000000, 1.225000000000000089 ) ) ;
#1421 = EDGE_LOOP ( 'NONE', ( #963, #691, #1779, #765 ) ) ;
#1422 = CARTESIAN_POINT ( 'NONE',  ( 4.221987761410928464, 0.000000000000000000, 1.495632937500000148 ) ) ;
#1423 = LINE ( 'NONE', #2880, #2318 ) ;
#1424 = CARTESIAN_POINT ( 'NONE',  ( 6.628237760728129757, 1.500192328955507931E-16, -1.225000000000000089 ) ) ;
#1425 = VECTOR ( 'NONE', #1638, 1000.000000000000000 ) ;
#1426 = EDGE_CURVE ( 'NONE', #3190, #2309, #2775, .T. ) ;
#1427 = ORIENTED_EDGE ( 'NONE', *, *, #6, .F. ) ;
#1428 = AXIS2_PLACEMENT_3D ( 'NONE', #364, #3205, #38 ) ;
#1429 = CARTESIAN_POINT ( 'NONE',  ( 6.878237760728130645, 0.000000000000000000, 1.225000000000000089 ) ) ;
#1430 = CARTESIAN_POINT ( 'NONE',  ( 1.826154428077594982, -1.295256118611743501, -0.7478164687500007402 ) ) ;
#1431 = CARTESIAN_POINT ( 'NONE',  ( 1.555321094744261279, 1.295256118611743723, -0.7478164687499997410 ) ) ;
#1432 = EDGE_LOOP ( 'NONE', ( #583, #856, #3733, #2860, #2974, #2999, #601, #752, #1404, #1129, #3362, #3175, #1838, #1648, #1272, #873, #2023, #1124, #2287, #2372, #1386, #479, #1261, #3400, #1579, #3500, #157, #1159, #1536, #1071, #2067, #1294, #2978, #355, #1503, #2364 ) ) ;
#1433 = CARTESIAN_POINT ( 'NONE',  ( 7.680575520734082673, -1.324199108648028478, 0.2175906813696199260 ) ) ;
#1434 = CARTESIAN_POINT ( 'NONE',  ( 8.044904427394797608, -1.060881119635937342, -0.6125000000000005995 ) ) ;
#1435 = CARTESIAN_POINT ( 'NONE',  ( 5.076154428077594538, 1.295256118611743723, 0.7478164687500002961 ) ) ;
#1436 = CARTESIAN_POINT ( 'NONE',  ( 5.055321094744260613, 1.295256118611743723, -0.7478164687499997410 ) ) ;
#1437 = CARTESIAN_POINT ( 'NONE',  ( 3.294904428760390580, 0.7072540797572920424, -1.224999999999999867 ) ) ;
#1438 = FACE_OUTER_BOUND ( 'NONE', #3152, .T. ) ;
#1439 = VECTOR ( 'NONE', #3350, 1000.000000000000114 ) ;
#1440 = CARTESIAN_POINT ( 'NONE',  ( 3.919904428760390136, 1.060881119635937564, 0.6125000000000001554 ) ) ;
#1441 = ORIENTED_EDGE ( 'NONE', *, *, #2517, .F. ) ;
#1442 = EDGE_CURVE ( 'NONE', #3051, #957, #2641, .T. ) ;
#1443 = CARTESIAN_POINT ( 'NONE',  ( 2.168404344971008868E-16, -0.5773502691896253980, 1.000000000000000000 ) ) ;
#1444 = FACE_OUTER_BOUND ( 'NONE', #1421, .T. ) ;
#1445 =( BOUNDED_CURVE ( )  B_SPLINE_CURVE ( 2, ( #429, #1317, #124, #2395, #1278, #3000, #3577 ),
 .UNSPECIFIED., .F., .T. ) 
 B_SPLINE_CURVE_WITH_KNOTS ( ( 3, 2, 2, 3 ),
 ( 0.6666666666666666297, 0.6759259259259259300, 0.6851851851851851194, 0.6944444444444443088 ),
 .UNSPECIFIED. ) 
 CURVE ( )  GEOMETRIC_REPRESENTATION_ITEM ( )  RATIONAL_B_SPLINE_CURVE ( ( 1.000000000000000000, 0.8660254037844387076, 1.000000000000000000, 0.8660254037844387076, 1.000000000000000000, 0.8660254037844402619, 0.9999999999999984457 ) ) 
 REPRESENTATION_ITEM ( '' )  );
#1446 = ORIENTED_EDGE ( 'NONE', *, *, #3214, .F. ) ;
#1447 = CARTESIAN_POINT ( 'NONE',  ( -0.2500000000000002220, 4.286263797015736595E-16, -3.500000000000000000 ) ) ;
#1448 = CARTESIAN_POINT ( 'NONE',  ( 0.8678210947442613898, -0.8635040790744953343, -1.495632937500000592 ) ) ;
#1449 = CARTESIAN_POINT ( 'NONE',  ( 2.888654428077594982, -1.295256118611743501, -0.7478164687500007402 ) ) ;
#1450 = ORIENTED_EDGE ( 'NONE', *, *, #365, .T. ) ;
#1451 = CARTESIAN_POINT ( 'NONE',  ( 7.169904428760390580, -1.060881119635937342, -0.6125000000000005995 ) ) ;
#1452 = CARTESIAN_POINT ( 'NONE',  ( 7.253237760728130645, 1.414508159514583197, 8.661364449586740749E-17 ) ) ;
#1453 = CARTESIAN_POINT ( 'NONE',  ( 5.576154428077593650, 1.295256118611743723, 0.7478164687500002961 ) ) ;
#1454 = CARTESIAN_POINT ( 'NONE',  ( 3.169904428760390136, -1.060881119635937342, -0.6125000000000005995 ) ) ;
#1455 = CARTESIAN_POINT ( 'NONE',  ( 6.096987761410927575, 1.727008158148991557, 1.057487506489264306E-16 ) ) ;
#1456 = CARTESIAN_POINT ( 'NONE',  ( 3.003237762093723617, 0.000000000000000000, 1.225000000000000089 ) ) ;
#1457 = CARTESIAN_POINT ( 'NONE',  ( 4.669904428760390580, -1.060881119635937342, -0.6125000000000005995 ) ) ;
#1458 = DIRECTION ( 'NONE',  ( -1.000000000000000000, -0.000000000000000000, -0.000000000000000000 ) ) ;
#1459 = ORIENTED_EDGE ( 'NONE', *, *, #3560, .T. ) ;
#1460 = FACE_OUTER_BOUND ( 'NONE', #2394, .T. ) ;
#1461 = CARTESIAN_POINT ( 'NONE',  ( 5.086571095427056655, -1.060881119635938008, 0.6124999999999992673 ) ) ;
#1462 = ADVANCED_FACE ( 'NONE', ( #1999 ), #2588, .T. ) ;
#1463 = VERTEX_POINT ( 'NONE', #2332 ) ;
#1464 =( BOUNDED_CURVE ( )  B_SPLINE_CURVE ( 2, ( #2463, #3691, #2503, #1634, #2232, #1034, #1370 ),
 .UNSPECIFIED., .F., .T. ) 
 B_SPLINE_CURVE_WITH_KNOTS ( ( 3, 2, 2, 3 ),
 ( 0.3888888888888888395, 0.3981481481481480844, 0.4074074074074073293, 0.4166666666666666297 ),
 .UNSPECIFIED. ) 
 CURVE ( )  GEOMETRIC_REPRESENTATION_ITEM ( )  RATIONAL_B_SPLINE_CURVE ( ( 1.000000000000000888, 0.8660254037844379305, 1.000000000000000000, 0.8660254037844387076, 1.000000000000000000, 0.8660254037844394848, 0.9999999999999992228 ) ) 
 REPRESENTATION_ITEM ( '' )  );
#1465 = CARTESIAN_POINT ( 'NONE',  ( 3.305321094744261057, -1.295256118611744389, 0.7478164687499990748 ) ) ;
#1466 = EDGE_CURVE ( 'NONE', #614, #1200, #2344, .T. ) ;
#1467 = CARTESIAN_POINT ( 'NONE',  ( 2.971987761410928020, 1.831622089608728481E-16, -1.495632937500000148 ) ) ;
#1468 = ORIENTED_EDGE ( 'NONE', *, *, #3121, .T. ) ;
#1469 = FILL_AREA_STYLE ('',( #2925 ) ) ;
#1470 = CARTESIAN_POINT ( 'NONE',  ( 6.378237760728129757, 0.000000000000000000, 1.225000000000000089 ) ) ;
#1471 = CARTESIAN_POINT ( 'NONE',  ( 6.576154428077594538, 1.295256118611743723, 0.7478164687500002961 ) ) ;
#1472 = DIRECTION ( 'NONE',  ( 0.000000000000000000, 0.000000000000000000, 1.000000000000000000 ) ) ;
#1473 = MANIFOLD_SOLID_BREP ( 'Wyci\X2\0119\X0\cie-obr\X2\00f3\X0\t4', #1016 ) ;
#1474 = CARTESIAN_POINT ( 'NONE',  ( 4.471987761410928464, 1.831622089608728481E-16, -1.495632937500000148 ) ) ;
#1475 = CARTESIAN_POINT ( 'NONE',  ( 4.169904428760390580, -1.060881119635937342, -0.6125000000000005995 ) ) ;
#1476 = DIRECTION ( 'NONE',  ( -1.000000000000000000, -0.000000000000000000, -0.000000000000000000 ) ) ;
#1477 = DIRECTION ( 'NONE',  ( 0.000000000000000000, 0.000000000000000000, 1.000000000000000000 ) ) ;
#1478 = VERTEX_POINT ( 'NONE', #337 ) ;
#1479 = DIRECTION ( 'NONE',  ( 0.000000000000000000, -0.5000000000000001110, 0.8660254037844384856 ) ) ;
#1480 = CARTESIAN_POINT ( 'NONE',  ( 4.878237762093723617, 1.414508159514583197, 8.661364449586740749E-17 ) ) ;
#1481 = VERTEX_POINT ( 'NONE', #2603 ) ;
#1482 = CARTESIAN_POINT ( 'NONE',  ( 0.2011544280775944549, -0.8635040790744966666, 1.495632937499999704 ) ) ;
#1483 = CARTESIAN_POINT ( 'NONE',  ( 5.503237762093723617, 0.000000000000000000, 1.225000000000000089 ) ) ;
#1484 = CIRCLE ( 'NONE', #2266, 3.500000000000000000 ) ;
#1485 = CARTESIAN_POINT ( 'NONE',  ( 1.013654428077595204, 0.8635040790744962225, -1.495632937499999704 ) ) ;
#1486 = CARTESIAN_POINT ( 'NONE',  ( 2.471987761410928464, 1.831622089608728481E-16, -1.495632937500000148 ) ) ;
#1487 = EDGE_LOOP ( 'NONE', ( #2412, #2711, #2660, #2565, #3032 ) ) ;
#1488 = DIRECTION ( 'NONE',  ( -1.000000000000000000, -0.000000000000000000, -0.000000000000000000 ) ) ;
#1489 = CARTESIAN_POINT ( 'NONE',  ( 5.836571094061463683, 0.7072540797572914872, 1.225000000000000089 ) ) ;
#1490 = CARTESIAN_POINT ( 'NONE',  ( 5.159487761410928464, 0.000000000000000000, 1.495632937500000148 ) ) ;
#1491 = EDGE_CURVE ( 'NONE', #1106, #1219, #3759, .T. ) ;
#1492 = PRODUCT ( 'Self-Tapping Screw M3x10 Hexagonal Socket Large Flat Head', 'Self-Tapping Screw M3x10 Hexagonal Socket Large Flat Head', '', ( #133 ) ) ;
#1493 = CARTESIAN_POINT ( 'NONE',  ( 3.055321094744261501, 1.295256118611743723, -0.7478164687499997410 ) ) ;
#1494 = CARTESIAN_POINT ( 'NONE',  ( 4.096987761410928464, 1.727008158148991557, 1.057487506489264306E-16 ) ) ;
#1495 = CARTESIAN_POINT ( 'NONE',  ( 4.544904428760390580, -0.7072540797572921534, 1.224999999999999867 ) ) ;
#1496 = CARTESIAN_POINT ( 'NONE',  ( 3.836571095427057099, 1.060881119635937564, -0.6124999999999997113 ) ) ;
#1497 = ORIENTED_EDGE ( 'NONE', *, *, #2489, .F. ) ;
#1498 = EDGE_CURVE ( 'NONE', #2678, #1463, #1325, .T. ) ;
#1499 = AXIS2_PLACEMENT_3D ( 'NONE', #2078, #2634, #3513 ) ;
#1500 = CARTESIAN_POINT ( 'NONE',  ( 1.419904428760390580, 1.060881119635937564, 0.6125000000000001554 ) ) ;
#1501 = CARTESIAN_POINT ( 'NONE',  ( 1.711571095427057099, -0.7072540797572911542, -1.225000000000000533 ) ) ;
#1502 = AXIS2_PLACEMENT_3D ( 'NONE', #165, #2979, #1525 ) ;
#1503 = ORIENTED_EDGE ( 'NONE', *, *, #2291, .T. ) ;
#1504 = CARTESIAN_POINT ( 'NONE',  ( 0.2428210947442617507, -1.295256118611744389, 0.7478164687499990748 ) ) ;
#1505 = CARTESIAN_POINT ( 'NONE',  ( 5.878237762093723617, 1.414508159514583197, 8.661364449586740749E-17 ) ) ;
#1506 = CARTESIAN_POINT ( 'NONE',  ( 3.555321094744261057, 1.295256118611743723, -0.7478164687499997410 ) ) ;
#1507 = CARTESIAN_POINT ( 'NONE',  ( 0.7219877614109276864, 0.000000000000000000, 1.495632937500000148 ) ) ;
#1508 = VERTEX_POINT ( 'NONE', #447 ) ;
#1509 = CARTESIAN_POINT ( 'NONE',  ( 3.562447640696576077E-16, 1.163273303489081867, -0.9602503404234712381 ) ) ;
#1510 = CARTESIAN_POINT ( 'NONE',  ( 4.794904427394797608, 1.060881119635937564, 0.6125000000000001554 ) ) ;
#1511 = CARTESIAN_POINT ( 'NONE',  ( 6.659487761410927575, 0.000000000000000000, 1.495632937500000148 ) ) ;
#1512 = CARTESIAN_POINT ( 'NONE',  ( 6.742821094744261501, -1.295256118611744389, 0.7478164687499990748 ) ) ;
#1513 = CARTESIAN_POINT ( 'NONE',  ( 3.086571095427056655, -1.060881119635938008, 0.6124999999999992673 ) ) ;
#1514 = CARTESIAN_POINT ( 'NONE',  ( 4.346987761410928464, -1.727008158148991557, -3.172462519467792547E-16 ) ) ;
#1515 = CARTESIAN_POINT ( 'NONE',  ( 0.08657109542705744565, -1.060881119635938008, 0.6124999999999992673 ) ) ;
#1516 = CARTESIAN_POINT ( 'NONE',  ( 3.669904428760389692, -1.060881119635937342, -0.6125000000000005995 ) ) ;
#1517 = FACE_OUTER_BOUND ( 'NONE', #803, .T. ) ;
#1518 = CARTESIAN_POINT ( 'NONE',  ( 2.253237760728130201, 1.414508159514583197, 8.661364449586740749E-17 ) ) ;
#1519 = CARTESIAN_POINT ( 'NONE',  ( 1.253237762093724061, 1.500192328955507931E-16, -1.225000000000000089 ) ) ;
#1520 = ORIENTED_EDGE ( 'NONE', *, *, #2291, .F. ) ;
#1521 = CARTESIAN_POINT ( 'NONE',  ( 2.576154428077594982, 1.295256118611743723, 0.7478164687500002961 ) ) ;
#1522 = CARTESIAN_POINT ( 'NONE',  ( 0.6282377620937233953, -1.414508159514583197, -2.598409334876022102E-16 ) ) ;
#1523 = CARTESIAN_POINT ( 'NONE',  ( 1.471987761410928464, 1.831622089608728481E-16, -1.495632937500000148 ) ) ;
#1524 = VERTEX_POINT ( 'NONE', #3269 ) ;
#1525 = DIRECTION ( 'NONE',  ( 0.000000000000000000, 0.000000000000000000, 1.000000000000000000 ) ) ;
#1526 = CARTESIAN_POINT ( 'NONE',  ( 3.128237760728130645, 1.500192328955507931E-16, -1.225000000000000089 ) ) ;
#1527 = CARTESIAN_POINT ( 'NONE',  ( 2.117821094744261501, 0.8635040790744956674, 1.495632937500000148 ) ) ;
#1528 = CARTESIAN_POINT ( 'NONE',  ( 5.617821094744261501, 0.8635040790744956674, 1.495632937500000148 ) ) ;
#1529 = CARTESIAN_POINT ( 'NONE',  ( -1.499999999999999778, -0.5773502691896253980, 1.000000000000000000 ) ) ;
#1530 = CARTESIAN_POINT ( 'NONE',  ( 0.8053210947442622780, -1.295256118611744389, 0.7478164687499990748 ) ) ;
#1531 = CARTESIAN_POINT ( 'NONE',  ( 0.6699044287603906911, -1.060881119635937342, -0.6125000000000005995 ) ) ;
#1532 = DIRECTION ( 'NONE',  ( -1.000000000000000000, -0.000000000000000000, -0.000000000000000000 ) ) ;
#1533 = CARTESIAN_POINT ( 'NONE',  ( 0.04490442739479676149, -1.060881119635937342, -0.6125000000000005995 ) ) ;
#1534 = CARTESIAN_POINT ( 'NONE',  ( 0.000000000000000000, 0.000000000000000000, 0.000000000000000000 ) ) ;
#1535 = CARTESIAN_POINT ( 'NONE',  ( 5.253237762093724506, 1.500192328955507931E-16, -1.225000000000000089 ) ) ;
#1536 = ORIENTED_EDGE ( 'NONE', *, *, #2882, .T. ) ;
#1537 = CARTESIAN_POINT ( 'NONE',  ( -0.007178905255738471380, 1.295256118611743723, -0.7478164687499997410 ) ) ;
#1538 = LINE ( 'NONE', #1800, #2140 ) ;
#1539 = CARTESIAN_POINT ( 'NONE',  ( 1.513654428077594760, 0.8635040790744962225, -1.495632937499999704 ) ) ;
#1540 = EDGE_CURVE ( 'NONE', #3337, #1089, #3164, .T. ) ;
#1541 = ORIENTED_EDGE ( 'NONE', *, *, #2252, .T. ) ;
#1542 = DIRECTION ( 'NONE',  ( 0.000000000000000000, 1.000000000000000000, -1.224646799147353207E-16 ) ) ;
#1543 = CARTESIAN_POINT ( 'NONE',  ( 5.044904427394797608, -1.060881119635937342, -0.6125000000000005995 ) ) ;
#1544 = CARTESIAN_POINT ( 'NONE',  ( 4.201154428077594538, -0.8635040790744966666, 1.495632937499999704 ) ) ;
#1545 = CARTESIAN_POINT ( 'NONE',  ( 5.909487761410927575, 1.831622089608728481E-16, -1.495632937500000148 ) ) ;
#1546 = CARTESIAN_POINT ( 'NONE',  ( 7.346987761410928464, -1.727008158148991335, -3.172462519467792547E-16 ) ) ;
#1547 = CARTESIAN_POINT ( 'NONE',  ( 0.2219877614109289632, 0.000000000000000000, 1.495632937500000148 ) ) ;
#1548 = CARTESIAN_POINT ( 'NONE',  ( 2.294904428760390580, 0.7072540797572920424, -1.224999999999999867 ) ) ;
#1549 = ADVANCED_FACE ( 'NONE', ( #2962 ), #373, .T. ) ;
#1550 = CARTESIAN_POINT ( 'NONE',  ( 0.9615710940614647928, -1.060881119635938008, 0.6124999999999992673 ) ) ;
#1551 = CARTESIAN_POINT ( 'NONE',  ( 8.086571095427057543, -1.060881119635938008, 0.6124999999999992673 ) ) ;
#1552 = CARTESIAN_POINT ( 'NONE',  ( 1.294904428760391912, 0.7072540797573020344, -1.224999999999982991 ) ) ;
#1553 = CARTESIAN_POINT ( 'NONE',  ( 5.617821094744261501, 0.8635040790744956674, 1.495632937500000148 ) ) ;
#1554 = VERTEX_POINT ( 'NONE', #944 ) ;
#1555 = AXIS2_PLACEMENT_3D ( 'NONE', #1265, #983, #1281 ) ;
#1556 = FACE_OUTER_BOUND ( 'NONE', #1216, .T. ) ;
#1557 = CARTESIAN_POINT ( 'NONE',  ( 5.378237760728130645, 0.000000000000000000, 1.225000000000000089 ) ) ;
#1558 = LINE ( 'NONE', #2714, #3438 ) ;
#1559 = VECTOR ( 'NONE', #398, 1000.000000000000000 ) ;
#1560 = ORIENTED_EDGE ( 'NONE', *, *, #788, .F. ) ;
#1561 = CARTESIAN_POINT ( 'NONE',  ( 0.2949044287603903580, 0.7072540797572920424, -1.224999999999999645 ) ) ;
#1562 = CARTESIAN_POINT ( 'NONE',  ( 3.326154428077594538, -1.295256118611743501, -0.7478164687500007402 ) ) ;
#1563 =( BOUNDED_CURVE ( )  B_SPLINE_CURVE ( 2, ( #1406, #1742, #2042, #2322, #311, #849, #3208 ),
 .UNSPECIFIED., .F., .F. ) 
 B_SPLINE_CURVE_WITH_KNOTS ( ( 3, 2, 2, 3 ),
 ( 0.1388888888888888951, 0.1481481481481481122, 0.1574074074074073848, 0.1666666666666666019 ),
 .UNSPECIFIED. ) 
 CURVE ( )  GEOMETRIC_REPRESENTATION_ITEM ( )  RATIONAL_B_SPLINE_CURVE ( ( 1.000000000000000000, 0.8660254037844387076, 1.000000000000000000, 0.8660254037844387076, 1.000000000000000000, 0.8660254037844394848, 0.9999999999999992228 ) ) 
 REPRESENTATION_ITEM ( '' )  );
#1564 = CARTESIAN_POINT ( 'NONE',  ( 7.867821094744261501, -0.8635040790744952233, -1.495632937500000592 ) ) ;
#1565 = CARTESIAN_POINT ( 'NONE',  ( -0.6834230854612498574, 4.286263797015736595E-16, -3.500000000000000000 ) ) ;
#1566 = EDGE_CURVE ( 'NONE', #1168, #2678, #2430, .T. ) ;
#1567 = CARTESIAN_POINT ( 'NONE',  ( 0.3053210947442618339, -1.295256118611744389, 0.7478164687499990748 ) ) ;
#1568 = CARTESIAN_POINT ( 'NONE',  ( 1.211571095427056877, -0.7072540797572911542, -1.225000000000000533 ) ) ;
#1569 = LINE ( 'NONE', #1867, #172 ) ;
#1570 = CARTESIAN_POINT ( 'NONE',  ( 2.378237760728130645, 0.000000000000000000, 1.225000000000000089 ) ) ;
#1571 = CARTESIAN_POINT ( 'NONE',  ( 1.628237760728130867, 1.500192328955507931E-16, -1.225000000000000089 ) ) ;
#1572 = CARTESIAN_POINT ( 'NONE',  ( 0.03448776141092881053, 1.727008158148991557, 1.057487506489264306E-16 ) ) ;
#1573 = CARTESIAN_POINT ( 'NONE',  ( 1.378237760728130645, 0.000000000000000000, 1.225000000000000089 ) ) ;
#1574 = CARTESIAN_POINT ( 'NONE',  ( 5.579359928424224130E-16, -0.9187123916205732765, -1.005672293487640534 ) ) ;
#1575 = ORIENTED_EDGE ( 'NONE', *, *, #3121, .F. ) ;
#1576 = CARTESIAN_POINT ( 'NONE',  ( 4.878237760728130645, 0.000000000000000000, 1.225000000000000089 ) ) ;
#1577 = DIRECTION ( 'NONE',  ( 1.000000000000000000, 0.000000000000000000, 0.000000000000000000 ) ) ;
#1578 = CARTESIAN_POINT ( 'NONE',  ( 0.3886544280775946492, -1.295256118611743501, -0.7478164687500007402 ) ) ;
#1579 = ORIENTED_EDGE ( 'NONE', *, *, #3752, .T. ) ;
#1580 = CARTESIAN_POINT ( 'NONE',  ( 3.367821094744261501, -0.8635040790744952233, -1.495632937500000592 ) ) ;
#1581 = EDGE_CURVE ( 'NONE', #2341, #1463, #1840, .T. ) ;
#1582 = CARTESIAN_POINT ( 'NONE',  ( 7.284487761410928464, -1.727008158148991557, -3.172462519467792547E-16 ) ) ;
#1583 = CARTESIAN_POINT ( 'NONE',  ( 6.971987761410928464, 1.831622089608728481E-16, -1.495632937500000148 ) ) ;
#1584 = CARTESIAN_POINT ( 'NONE',  ( -0.2363455719224059337, -0.8635040790744966666, 1.495632937499999704 ) ) ;
#1585 = CARTESIAN_POINT ( 'NONE',  ( 2.169904428760390136, -1.060881119635937342, -0.6125000000000005995 ) ) ;
#1586 = CARTESIAN_POINT ( 'NONE',  ( 7.799190116895774239, 0.3227980704868990136, -1.231670468407487729 ) ) ;
#1587 =( BOUNDED_CURVE ( )  B_SPLINE_CURVE ( 2, ( #1194, #1795, #1440, #2076, #1496, #3243, #76 ),
 .UNSPECIFIED., .F., .F. ) 
 B_SPLINE_CURVE_WITH_KNOTS ( ( 3, 2, 2, 3 ),
 ( 0.5000000000000000000, 0.5092592592592593004, 0.5185185185185184897, 0.5277777777777777901 ),
 .UNSPECIFIED. ) 
 CURVE ( )  GEOMETRIC_REPRESENTATION_ITEM ( )  RATIONAL_B_SPLINE_CURVE ( ( 1.000000000000000000, 0.8660254037844387076, 1.000000000000000000, 0.8660254037844387076, 1.000000000000000000, 0.8660254037844387076, 1.000000000000000000 ) ) 
 REPRESENTATION_ITEM ( '' )  );
#1588 = ADVANCED_FACE ( 'NONE', ( #3038 ), #2086, .T. ) ;
#1589 = CARTESIAN_POINT ( 'NONE',  ( 2.086571094061464127, -0.7072540797572911542, -1.225000000000000533 ) ) ;
#1590 = CARTESIAN_POINT ( 'NONE',  ( 1.409487761410928242, 1.831622089608728481E-16, -1.495632937500000148 ) ) ;
#1591 = CARTESIAN_POINT ( 'NONE',  ( 1.836571095427057321, 1.060881119635937564, -0.6124999999999997113 ) ) ;
#1592 = CARTESIAN_POINT ( 'NONE',  ( 7.159487761410928464, 0.000000000000000000, 1.495632937500000148 ) ) ;
#1593 = EDGE_LOOP ( 'NONE', ( #105, #3439, #1093, #2480 ) ) ;
#1594 = PLANE ( 'NONE',  #2516 ) ;
#1595 = CARTESIAN_POINT ( 'NONE',  ( 6.721987761410927575, 0.000000000000000000, 1.495632937500000148 ) ) ;
#1596 = DIRECTION ( 'NONE',  ( -1.000000000000000000, -0.000000000000000000, -0.000000000000000000 ) ) ;
#1597 = FACE_OUTER_BOUND ( 'NONE', #907, .T. ) ;
#1598 = ORIENTED_EDGE ( 'NONE', *, *, #132, .F. ) ;
#1599 = DIRECTION ( 'NONE',  ( -1.000000000000000000, -0.000000000000000000, -0.000000000000000000 ) ) ;
#1600 = CARTESIAN_POINT ( 'NONE',  ( 3.201154428077594538, -0.8635040790744966666, 1.495632937499999704 ) ) ;
#1601 = CARTESIAN_POINT ( 'NONE',  ( 5.242821094744260613, -1.295256118611744389, 0.7478164687499990748 ) ) ;
#1602 = CARTESIAN_POINT ( 'NONE',  ( 7.013654428077594538, 0.8635040790744962225, -1.495632937499999704 ) ) ;
#1603 = CARTESIAN_POINT ( 'NONE',  ( 1.388654428077594760, -1.295256118611743501, -0.7478164687500007402 ) ) ;
#1604 = CARTESIAN_POINT ( 'NONE',  ( 8.794904427394797608, 1.060881119635937564, 0.6125000000000001554 ) ) ;
#1605 = CARTESIAN_POINT ( 'NONE',  ( 5.878237760728130645, 0.000000000000000000, 1.225000000000000089 ) ) ;
#1606 = AXIS2_PLACEMENT_3D ( 'NONE', #1727, #2884, #1164 ) ;
#1607 = EDGE_CURVE ( 'NONE', #50, #2752, #1879, .T. ) ;
#1608 = CIRCLE ( 'NONE', #284, 1.225000000000000089 ) ;
#1609 = CARTESIAN_POINT ( 'NONE',  ( 7.138654428077594538, 1.295256118611743723, 0.7478164687500002961 ) ) ;
#1610 = CARTESIAN_POINT ( 'NONE',  ( 0.4511544280775947047, 0.8635040790744962225, -1.495632937499999704 ) ) ;
#1611 = CARTESIAN_POINT ( 'NONE',  ( 5.753237760728131533, 1.414508159514583197, 8.661364449586740749E-17 ) ) ;
#1612 = CARTESIAN_POINT ( 'NONE',  ( 5.534487761410927575, 1.727008158148991335, 1.057487506489264306E-16 ) ) ;
#1613 = ORIENTED_EDGE ( 'NONE', *, *, #2488, .T. ) ;
#1614 = CARTESIAN_POINT ( 'NONE',  ( 7.409487762776452158, -1.047884193964549793, -1.067172244660697489 ) ) ;
#1615 = CARTESIAN_POINT ( 'NONE',  ( 5.305321094744260613, -1.295256118611744389, 0.7478164687499990748 ) ) ;
#1616 = DIRECTION ( 'NONE',  ( -1.000000000000000000, -0.000000000000000000, -0.000000000000000000 ) ) ;
#1617 = CARTESIAN_POINT ( 'NONE',  ( 3.336571094061464127, 0.7072540797572914872, 1.225000000000000089 ) ) ;
#1618 = CARTESIAN_POINT ( 'NONE',  ( 7.470677121024405842, 1.248540592291884632, -0.7632297285282840793 ) ) ;
#1619 = ORIENTED_EDGE ( 'NONE', *, *, #2346, .F. ) ;
#1620 = CARTESIAN_POINT ( 'NONE',  ( 2.003237762093723617, 0.000000000000000000, 1.225000000000000089 ) ) ;
#1621 = CARTESIAN_POINT ( 'NONE',  ( 3.034487761410928464, 1.727008158148991557, 1.057487506489264306E-16 ) ) ;
#1622 = CARTESIAN_POINT ( 'NONE',  ( 3.805321094744261501, -1.295256118611744389, 0.7478164687499990748 ) ) ;
#1623 = CARTESIAN_POINT ( 'NONE',  ( 6.753237762093723617, 1.500192328955507931E-16, -1.225000000000000089 ) ) ;
#1624 = DIRECTION ( 'NONE',  ( -1.000000000000000000, -0.000000000000000000, -0.000000000000000000 ) ) ;
#1625 = CARTESIAN_POINT ( 'NONE',  ( -4.666666666666662522, 0.000000000000000000, 0.000000000000000000 ) ) ;
#1626 = ADVANCED_FACE ( 'NONE', ( #86 ), #1243, .T. ) ;
#1627 = CARTESIAN_POINT ( 'NONE',  ( 8.555321094744259725, 1.295256118611743723, -0.7478164687499997410 ) ) ;
#1628 = CARTESIAN_POINT ( 'NONE',  ( 5.544904428760390580, -0.7072540797572921534, 1.224999999999999867 ) ) ;
#1629 = CARTESIAN_POINT ( 'NONE',  ( 4.169904428760390580, -1.060881119635937342, -0.6125000000000005995 ) ) ;
#1630 = CARTESIAN_POINT ( 'NONE',  ( 3.076154428077594538, 1.295256118611743723, 0.7478164687500002961 ) ) ;
#1631 = ORIENTED_EDGE ( 'NONE', *, *, #521, .F. ) ;
#1632 = CARTESIAN_POINT ( 'NONE',  ( 4.503237762093723617, 0.000000000000000000, 1.225000000000000089 ) ) ;
#1633 = CARTESIAN_POINT ( 'NONE',  ( 6.430321094744261501, -0.8635040790744952233, -1.495632937500000592 ) ) ;
#1634 = CARTESIAN_POINT ( 'NONE',  ( 5.253237760728130645, 1.414508159514583197, 8.661364449586740749E-17 ) ) ;
#1635 = CARTESIAN_POINT ( 'NONE',  ( 2.753237760728131089, 1.414508159514583197, 8.661364449586740749E-17 ) ) ;
#1636 = CARTESIAN_POINT ( 'NONE',  ( 0.8053210947442622780, -1.295256118611744389, 0.7478164687499990748 ) ) ;
#1637 = ORIENTED_EDGE ( 'NONE', *, *, #3364, .F. ) ;
#1638 = DIRECTION ( 'NONE',  ( -0.8660254037844379305, 6.123233995736782060E-17, -0.5000000000000013323 ) ) ;
#1639 = CARTESIAN_POINT ( 'NONE',  ( 3.617821094744261945, 0.8635040790744956674, 1.495632937500000148 ) ) ;
#1640 = CARTESIAN_POINT ( 'NONE',  ( 4.555321094744261501, 1.295256118611743723, -0.7478164687499997410 ) ) ;
#1641 = CARTESIAN_POINT ( 'NONE',  ( 7.739559726476263002, -0.8854382264886173637, -0.9626951406872737982 ) ) ;
#1642 = CARTESIAN_POINT ( 'NONE',  ( -0.2467622379062756055, 1.500192328955507931E-16, -1.225000000000000089 ) ) ;
#1643 = CARTESIAN_POINT ( 'NONE',  ( 8.284487761410927575, -1.727008158148991557, -3.172462519467792547E-16 ) ) ;
#1644 = CARTESIAN_POINT ( 'NONE',  ( 6.513654428077594538, 0.8635040790744962225, -1.495632937499999704 ) ) ;
#1645 = CARTESIAN_POINT ( 'NONE',  ( 7.253237762093723617, 1.500192328955507931E-16, -1.225000000000000089 ) ) ;
#1646 = CARTESIAN_POINT ( 'NONE',  ( 7.409487762776452158, -1.047884193964549793, -1.067172244660697489 ) ) ;
#1647 = CARTESIAN_POINT ( 'NONE',  ( 5.034487761410928464, 1.727008158148991335, 1.057487506489264306E-16 ) ) ;
#1648 = ORIENTED_EDGE ( 'NONE', *, *, #2317, .T. ) ;
#1649 = CARTESIAN_POINT ( 'NONE',  ( 5.669904428760389692, -1.060881119635937342, -0.6125000000000005995 ) ) ;
#1650 = CARTESIAN_POINT ( 'NONE',  ( 4.596987761410927575, 1.727008158148991557, 1.057487506489264306E-16 ) ) ;
#1651 = FACE_OUTER_BOUND ( 'NONE', #1896, .T. ) ;
#1652 = CARTESIAN_POINT ( 'NONE',  ( -4.666666666666662522, 0.000000000000000000, 0.000000000000000000 ) ) ;
#1653 = CYLINDRICAL_SURFACE ( 'NONE', #51, 1.225000000000000089 ) ;
#1654 = CARTESIAN_POINT ( 'NONE',  ( 0.2011544280775944826, -0.8635040790744965555, 1.495632937499999704 ) ) ;
#1655 = EDGE_CURVE ( 'NONE', #3529, #3058, #1445, .T. ) ;
#1656 = CARTESIAN_POINT ( 'NONE',  ( 4.201154428077594538, -0.8635040790744966666, 1.495632937499999704 ) ) ;
#1657 = CARTESIAN_POINT ( 'NONE',  ( 5.846987761410927575, -1.727008158148991335, -3.172462519467792547E-16 ) ) ;
#1658 = EDGE_CURVE ( 'NONE', #1481, #1853, #1087, .T. ) ;
#1659 = CARTESIAN_POINT ( 'NONE',  ( 6.878237760728130645, 0.000000000000000000, 1.225000000000000089 ) ) ;
#1660 = CARTESIAN_POINT ( 'NONE',  ( 2.168404344971008868E-16, 1.154700538379251684, 4.601041607915416270E-18 ) ) ;
#1661 = CARTESIAN_POINT ( 'NONE',  ( 8.055321094744261501, 1.295256118611743723, -0.7478164687499997410 ) ) ;
#1662 = CARTESIAN_POINT ( 'NONE',  ( 6.794904428760389692, 0.7072540797572920424, -1.224999999999999867 ) ) ;
#1663 = AXIS2_PLACEMENT_3D ( 'NONE', #65, #2156, #2427 ) ;
#1664 = CARTESIAN_POINT ( 'NONE',  ( -4.666666666666662522, 0.000000000000000000, 0.000000000000000000 ) ) ;
#1665 = EDGE_CURVE ( 'NONE', #389, #271, #3627, .T. ) ;
#1666 = CARTESIAN_POINT ( 'NONE',  ( 4.451154428077594538, 0.8635040790744962225, -1.495632937499999704 ) ) ;
#1667 = AXIS2_PLACEMENT_3D ( 'NONE', #3354, #2478, #1365 ) ;
#1668 = CARTESIAN_POINT ( 'NONE',  ( 0.000000000000000000, 0.000000000000000000, 0.000000000000000000 ) ) ;
#1669 = DIRECTION ( 'NONE',  ( -1.000000000000000000, -0.000000000000000000, -0.000000000000000000 ) ) ;
#1670 = CARTESIAN_POINT ( 'NONE',  ( 5.263654428077595426, -0.8635040790744966666, 1.495632937499999704 ) ) ;
#1671 = CARTESIAN_POINT ( 'NONE',  ( 7.607682893366082943, 1.058455583621882523, -0.9041911115061035398 ) ) ;
#1672 = CARTESIAN_POINT ( 'NONE',  ( 1.992821094744261501, 1.295256118611743723, -0.7478164687499997410 ) ) ;
#1673 = CARTESIAN_POINT ( 'NONE',  ( 3.492821094744261057, 1.295256118611743723, -0.7478164687499997410 ) ) ;
#1674 = CARTESIAN_POINT ( 'NONE',  ( 4.805321094744261501, -1.295256118611744389, 0.7478164687499990748 ) ) ;
#1675 = DIRECTION ( 'NONE',  ( 0.000000000000000000, 0.000000000000000000, 1.000000000000000000 ) ) ;
#1676 = CARTESIAN_POINT ( 'NONE',  ( 8.544904427394797608, -1.060881119635937342, -0.6125000000000005995 ) ) ;
#1677 = CARTESIAN_POINT ( 'NONE',  ( 8.534487761410927575, 1.727008158148991557, 1.057487506489264306E-16 ) ) ;
#1678 = EDGE_CURVE ( 'NONE', #2121, #2079, #2747, .T. ) ;
#1679 = CARTESIAN_POINT ( 'NONE',  ( 7.888654428077594538, -1.295256118611743501, -0.7478164687500007402 ) ) ;
#1680 = CARTESIAN_POINT ( 'NONE',  ( 7.294904428760388804, 0.7072540797572920424, -1.224999999999999867 ) ) ;
#1681 = CARTESIAN_POINT ( 'NONE',  ( 7.888654428077594538, -1.295256118611743501, -0.7478164687500007402 ) ) ;
#1682 = CARTESIAN_POINT ( 'NONE',  ( 2.826154428077594982, -1.295256118611743501, -0.7478164687500007402 ) ) ;
#1683 = DIRECTION ( 'NONE',  ( -1.000000000000000000, -0.000000000000000000, -0.000000000000000000 ) ) ;
#1684 = ORIENTED_EDGE ( 'NONE', *, *, #3183, .T. ) ;
#1685 = CARTESIAN_POINT ( 'NONE',  ( 3.638654428077594982, 1.295256118611743723, 0.7478164687500002961 ) ) ;
#1686 = CARTESIAN_POINT ( 'NONE',  ( 4.253237760728130645, 1.414508159514583197, 8.661364449586740749E-17 ) ) ;
#1687 = CARTESIAN_POINT ( 'NONE',  ( 7.561270300508945219, 0.6662556945537861930, -1.252512361377521755 ) ) ;
#1688 = ORIENTED_EDGE ( 'NONE', *, *, #1540, .F. ) ;
#1689 = DIRECTION ( 'NONE',  ( -1.000000000000000000, -0.000000000000000000, -0.000000000000000000 ) ) ;
#1690 = CARTESIAN_POINT ( 'NONE',  ( 1.534487761410928464, 1.727008158148991335, 1.057487506489264306E-16 ) ) ;
#1691 = CARTESIAN_POINT ( 'NONE',  ( 1.326154428077594538, -1.295256118611743501, -0.7478164687500007402 ) ) ;
#1692 = CARTESIAN_POINT ( 'NONE',  ( 4.180321094744260613, 0.8635040790744956674, 1.495632937500000148 ) ) ;
#1693 = CARTESIAN_POINT ( 'NONE',  ( 6.836571095427056655, 1.060881119635937564, -0.6124999999999997113 ) ) ;
#1694 = CARTESIAN_POINT ( 'NONE',  ( 5.628237760728130645, 1.500192328955507931E-16, -1.225000000000000089 ) ) ;
#1695 = CARTESIAN_POINT ( 'NONE',  ( 7.367821094744260613, -0.8635040790744952233, -1.495632937500000592 ) ) ;
#1696 = CARTESIAN_POINT ( 'NONE',  ( 6.138654428077594538, 1.295256118611743723, 0.7478164687500002961 ) ) ;
#1697 = CARTESIAN_POINT ( 'NONE',  ( 7.503237762093723617, 0.000000000000000000, 1.225000000000000089 ) ) ;
#1698 = CARTESIAN_POINT ( 'NONE',  ( 8.638654428077595426, 1.295256118611743723, 0.7478164687500002961 ) ) ;
#1699 = EDGE_CURVE ( 'NONE', #1910, #50, #410, .T. ) ;
#1700 = CARTESIAN_POINT ( 'NONE',  ( 4.117821094744260613, 0.8635040790744956674, 1.495632937500000148 ) ) ;
#1701 = EDGE_CURVE ( 'NONE', #713, #2583, #287, .T. ) ;
#1702 = EDGE_CURVE ( 'NONE', #2500, #1915, #2181, .T. ) ;
#1703 = DIRECTION ( 'NONE',  ( 0.000000000000000000, 0.000000000000000000, -1.000000000000000000 ) ) ;
#1704 = ORIENTED_EDGE ( 'NONE', *, *, #2124, .T. ) ;
#1705 = CARTESIAN_POINT ( 'NONE',  ( 2.221987761410928020, 0.000000000000000000, 1.495632937500000148 ) ) ;
#1706 = PLANE ( 'NONE',  #3608 ) ;
#1707 = CARTESIAN_POINT ( 'NONE',  ( 7.516631151635032815, 0.1731500921629475498, -1.425951820069506937 ) ) ;
#1708 =( BOUNDED_CURVE ( )  B_SPLINE_CURVE ( 2, ( #1388, #1108, #2212, #2790, #3711 ),
 .UNSPECIFIED., .F., .F. ) 
 B_SPLINE_CURVE_WITH_KNOTS ( ( 3, 2, 3 ),
 ( 0.9722222222222219878, 0.9814814814814813992, 0.9864468903108241093 ),
 .UNSPECIFIED. ) 
 CURVE ( )  GEOMETRIC_REPRESENTATION_ITEM ( )  RATIONAL_B_SPLINE_CURVE ( ( 1.000000000000003109, 0.8660254037844354880, 1.000000000000000000, 0.9281542265607127806, 0.9333650788832852374 ) ) 
 REPRESENTATION_ITEM ( '' )  );
#1709 = ORIENTED_EDGE ( 'NONE', *, *, #991, .T. ) ;
#1710 = DIRECTION ( 'NONE',  ( -1.000000000000000000, -0.000000000000000000, -0.000000000000000000 ) ) ;
#1711 = CARTESIAN_POINT ( 'NONE',  ( 0.4511544280775947047, 0.8635040790744962225, -1.495632937499999704 ) ) ;
#1712 = CARTESIAN_POINT ( 'NONE',  ( 3.180321094744261945, 0.8635040790744956674, 1.495632937500000148 ) ) ;
#1713 = VERTEX_POINT ( 'NONE', #3675 ) ;
#1714 = CARTESIAN_POINT ( 'NONE',  ( 6.961571094061463683, -1.060881119635938008, 0.6124999999999992673 ) ) ;
#1715 = CARTESIAN_POINT ( 'NONE',  ( 6.867821094744259725, -0.8635040790744952233, -1.495632937500000592 ) ) ;
#1716 = EDGE_CURVE ( 'NONE', #3481, #2752, #3551, .T. ) ;
#1717 = CARTESIAN_POINT ( 'NONE',  ( 4.596987761410927575, 1.727008158148991557, 1.057487506489264306E-16 ) ) ;
#1718 = CARTESIAN_POINT ( 'NONE',  ( 4.461571095427056655, 0.7072540797572914872, 1.225000000000000089 ) ) ;
#1719 = CARTESIAN_POINT ( 'NONE',  ( 9.999999999999998224, 2.168404344971008868E-16, 0.000000000000000000 ) ) ;
#1720 = ORIENTED_EDGE ( 'NONE', *, *, #2220, .T. ) ;
#1721 = ORIENTED_EDGE ( 'NONE', *, *, #2414, .T. ) ;
#1722 = CARTESIAN_POINT ( 'NONE',  ( 0.8782377620937236173, 1.414508159514583197, 8.661364449586740749E-17 ) ) ;
#1723 = CARTESIAN_POINT ( 'NONE',  ( 1.669904427394798274, 0.7072540797573020344, -1.224999999999982991 ) ) ;
#1724 = CIRCLE ( 'NONE', #1961, 2.665772485184049412 ) ;
#1725 = EDGE_LOOP ( 'NONE', ( #2007, #695, #2579, #772 ) ) ;
#1726 = VECTOR ( 'NONE', #1986, 1000.000000000000000 ) ;
#1727 = CARTESIAN_POINT ( 'NONE',  ( 2.168404344971008868E-16, 1.154700538379251684, 4.601041607915416270E-18 ) ) ;
#1728 =( BOUNDED_CURVE ( )  B_SPLINE_CURVE ( 2, ( #2713, #1221, #2976, #3035, #3533, #2081, #387 ),
 .UNSPECIFIED., .F., .F. ) 
 B_SPLINE_CURVE_WITH_KNOTS ( ( 3, 2, 2, 3 ),
 ( 0.5833333333333331483, 0.5925925925925923377, 0.6018518518518517491, 0.6111111111111110494 ),
 .UNSPECIFIED. ) 
 CURVE ( )  GEOMETRIC_REPRESENTATION_ITEM ( )  RATIONAL_B_SPLINE_CURVE ( ( 1.000000000000003109, 0.8660254037844354880, 1.000000000000000000, 0.8660254037844387076, 1.000000000000000000, 0.8660254037844402619, 0.9999999999999984457 ) ) 
 REPRESENTATION_ITEM ( '' )  );
#1729 = CARTESIAN_POINT ( 'NONE',  ( 1.367821094744261057, -0.8635040790744953343, -1.495632937500000592 ) ) ;
#1730 = CARTESIAN_POINT ( 'NONE',  ( 1.430321094744261057, -0.8635040790744953343, -1.495632937500000592 ) ) ;
#1731 = ORIENTED_EDGE ( 'NONE', *, *, #2440, .F. ) ;
#1732 = CARTESIAN_POINT ( 'NONE',  ( 7.419904427394796720, -0.7072540797572921534, 1.224999999999999867 ) ) ;
#1733 = CARTESIAN_POINT ( 'NONE',  ( 4.576154428077594538, 1.295256118611743723, 0.7478164687500002961 ) ) ;
#1734 = CARTESIAN_POINT ( 'NONE',  ( 5.888654428077594538, -1.295256118611743501, -0.7478164687500007402 ) ) ;
#1735 = CARTESIAN_POINT ( 'NONE',  ( 4.628237762093723617, -1.414508159514583197, -2.598409334876022102E-16 ) ) ;
#1736 = ADVANCED_FACE ( 'NONE', ( #773 ), #1653, .T. ) ;
#1737 = CARTESIAN_POINT ( 'NONE',  ( 4.753237762093723617, 1.500192328955507931E-16, -1.225000000000000089 ) ) ;
#1738 = AXIS2_PLACEMENT_3D ( 'NONE', #1625, #3681, #192 ) ;
#1739 = DIRECTION ( 'NONE',  ( -1.000000000000000000, -0.000000000000000000, -0.000000000000000000 ) ) ;
#1740 = ORIENTED_EDGE ( 'NONE', *, *, #2231, .F. ) ;
#1741 = ADVANCED_FACE ( 'NONE', ( #468 ), #1409, .T. ) ;
#1742 = CARTESIAN_POINT ( 'NONE',  ( 7.586571094061463683, -0.7072540797572911542, -1.225000000000000533 ) ) ;
#1743 = CARTESIAN_POINT ( 'NONE',  ( 4.919904428760390580, 1.060881119635937564, 0.6125000000000001554 ) ) ;
#1744 = VERTEX_POINT ( 'NONE', #2509 ) ;
#1745 = CARTESIAN_POINT ( 'NONE',  ( 2.253237762093724061, 1.500192328955507931E-16, -1.225000000000000089 ) ) ;
#1746 = CARTESIAN_POINT ( 'NONE',  ( 2.763654428077594982, -0.8635040790744966666, 1.495632937499999704 ) ) ;
#1747 = CARTESIAN_POINT ( 'NONE',  ( 2.388654428077594538, -1.295256118611743501, -0.7478164687500007402 ) ) ;
#1748 = ORIENTED_EDGE ( 'NONE', *, *, #3446, .T. ) ;
#1749 = CARTESIAN_POINT ( 'NONE',  ( 7.596987761752309609, 4.238645306144165953E-32, 1.387379762618237367 ) ) ;
#1750 = CARTESIAN_POINT ( 'NONE',  ( 8.128237760728129757, 1.500192328955507931E-16, -1.225000000000000089 ) ) ;
#1751 = CARTESIAN_POINT ( 'NONE',  ( 5.951154428077594538, 0.8635040790744962225, -1.495632937499999704 ) ) ;
#1752 = CARTESIAN_POINT ( 'NONE',  ( 0.4615710940614643487, -1.060881119635938008, 0.6124999999999992673 ) ) ;
#1753 = CARTESIAN_POINT ( 'NONE',  ( 4.638654428077594538, 1.295256118611743723, 0.7478164687500002961 ) ) ;
#1754 = CARTESIAN_POINT ( 'NONE',  ( 2.544904428760391024, -0.7072540797572921534, 1.224999999999999867 ) ) ;
#1755 = LINE ( 'NONE', #306, #1075 ) ;
#1756 = CARTESIAN_POINT ( 'NONE',  ( 2.378237760728130645, 0.000000000000000000, 1.225000000000000089 ) ) ;
#1757 = ORIENTED_EDGE ( 'NONE', *, *, #2231, .T. ) ;
#1758 = DIRECTION ( 'NONE',  ( -1.000000000000000000, -0.000000000000000000, -0.000000000000000000 ) ) ;
#1759 = CARTESIAN_POINT ( 'NONE',  ( -3.272108947762160751E-14, -1.231097530964715414, -0.4055282452860987652 ) ) ;
#1760 = EDGE_LOOP ( 'NONE', ( #976, #2459, #2408, #2587 ) ) ;
#1761 = CARTESIAN_POINT ( 'NONE',  ( 2.242821094744261057, -1.295256118611744389, 0.7478164687499990748 ) ) ;
#1762 = CARTESIAN_POINT ( 'NONE',  ( 6.294904427394796720, 1.060881119635937564, 0.6125000000000001554 ) ) ;
#1763 = CARTESIAN_POINT ( 'NONE',  ( 2.388654428077594538, -1.295256118611743501, -0.7478164687500007402 ) ) ;
#1764 = CARTESIAN_POINT ( 'NONE',  ( 1.763654428077594760, -0.8635040790744965555, 1.495632937499999704 ) ) ;
#1765 = ORIENTED_EDGE ( 'NONE', *, *, #496, .F. ) ;
#1766 = CARTESIAN_POINT ( 'NONE',  ( -4.666666666666662522, 0.000000000000000000, 0.000000000000000000 ) ) ;
#1767 = CARTESIAN_POINT ( 'NONE',  ( 7.086571094061462794, -0.7072540797572911542, -1.225000000000000533 ) ) ;
#1768 = CARTESIAN_POINT ( 'NONE',  ( 5.742821094744261501, -1.295256118611744389, 0.7478164687499990748 ) ) ;
#1769 = ADVANCED_FACE ( 'NONE', ( #1932 ), #2158, .T. ) ;
#1770 = LINE ( 'NONE', #1384, #3559 ) ;
#1771 = CARTESIAN_POINT ( 'NONE',  ( 4.138654428077594538, 1.295256118611743723, 0.7478164687500002961 ) ) ;
#1772 = CARTESIAN_POINT ( 'NONE',  ( 6.180321094744261501, 0.8635040790744956674, 1.495632937500000148 ) ) ;
#1773 = CARTESIAN_POINT ( 'NONE',  ( 3.253237762093724061, 1.500192328955507931E-16, -1.225000000000000089 ) ) ;
#1774 = CARTESIAN_POINT ( 'NONE',  ( 7.263654428077594538, -0.8635040790744966666, 1.495632937499999704 ) ) ;
#1775 = CARTESIAN_POINT ( 'NONE',  ( 6.003237762093722729, 0.000000000000000000, 1.225000000000000089 ) ) ;
#1776 = EDGE_LOOP ( 'NONE', ( #197, #1684, #1163, #2085 ) ) ;
#1777 = CARTESIAN_POINT ( 'NONE',  ( -4.666666666666662522, 0.000000000000000000, 0.000000000000000000 ) ) ;
#1778 = DIRECTION ( 'NONE',  ( -1.000000000000000000, -0.000000000000000000, -0.000000000000000000 ) ) ;
#1779 = ORIENTED_EDGE ( 'NONE', *, *, #2090, .F. ) ;
#1780 = CARTESIAN_POINT ( 'NONE',  ( 0.8261544280775949822, -1.295256118611743501, -0.7478164687500007402 ) ) ;
#1781 = CARTESIAN_POINT ( 'NONE',  ( -4.666666666666662522, 1.500192328955507931E-16, -1.225000000000000089 ) ) ;
#1782 = VECTOR ( 'NONE', #3225, 1000.000000000000000 ) ;
#1783 = CARTESIAN_POINT ( 'NONE',  ( 3.346987761410928020, -1.727008158148991557, -3.172462519467792547E-16 ) ) ;
#1784 = VECTOR ( 'NONE', #1834, 1000.000000000000000 ) ;
#1785 = CARTESIAN_POINT ( 'NONE',  ( 1.263654428077594538, -0.8635040790744965555, 1.495632937499999704 ) ) ;
#1786 = ORIENTED_EDGE ( 'NONE', *, *, #641, .T. ) ;
#1787 = CARTESIAN_POINT ( 'NONE',  ( 7.044904428760390580, -0.7072540797572945959, 1.224999999999996092 ) ) ;
#1788 = CARTESIAN_POINT ( 'NONE',  ( 4.586571094061463683, -0.7072540797572911542, -1.225000000000000533 ) ) ;
#1789 = CARTESIAN_POINT ( 'NONE',  ( 7.076154428077594538, 1.295256118611743723, 0.7478164687500002961 ) ) ;
#1790 = CARTESIAN_POINT ( 'NONE',  ( 6.867821094744259725, -0.8635040790744952233, -1.495632937500000592 ) ) ;
#1791 = DIRECTION ( 'NONE',  ( -1.000000000000000000, -0.000000000000000000, -0.000000000000000000 ) ) ;
#1792 = CARTESIAN_POINT ( 'NONE',  ( 2.180321094744261501, 0.8635040790744956674, 1.495632937500000148 ) ) ;
#1793 = CARTESIAN_POINT ( 'NONE',  ( -0.1634289045729427903, 1.060881119635937564, -0.6124999999999997113 ) ) ;
#1794 = CARTESIAN_POINT ( 'NONE',  ( 3.961571095427056655, 0.7072540797572914872, 1.225000000000000089 ) ) ;
#1795 = CARTESIAN_POINT ( 'NONE',  ( 3.961571095427056655, 0.7072540797572914872, 1.225000000000000089 ) ) ;
#1796 = AXIS2_PLACEMENT_3D ( 'NONE', #3043, #3104, #1902 ) ;
#1797 = CARTESIAN_POINT ( 'NONE',  ( 6.086571094061464571, -0.7072540797572888227, -1.225000000000004530 ) ) ;
#1798 = VERTEX_POINT ( 'NONE', #753 ) ;
#1799 = CARTESIAN_POINT ( 'NONE',  ( 2.492821094744261057, 1.295256118611743723, -0.7478164687499997410 ) ) ;
#1800 = CARTESIAN_POINT ( 'NONE',  ( 2.168404344971008868E-16, 0.5773502691896256200, -1.000000000000000000 ) ) ;
#1801 = CARTESIAN_POINT ( 'NONE',  ( 1.638654428077594982, 1.295256118611743723, 0.7478164687500002961 ) ) ;
#1802 = ORIENTED_EDGE ( 'NONE', *, *, #3193, .T. ) ;
#1803 = DIRECTION ( 'NONE',  ( 0.000000000000000000, 0.000000000000000000, 1.000000000000000000 ) ) ;
#1804 = CARTESIAN_POINT ( 'NONE',  ( 5.378237760728130645, 0.000000000000000000, 1.225000000000000089 ) ) ;
#1805 = CARTESIAN_POINT ( 'NONE',  ( 3.034487761410928464, 1.727008158148991557, 1.057487506489264306E-16 ) ) ;
#1806 = CARTESIAN_POINT ( 'NONE',  ( 5.992821094744261501, 1.295256118611743723, -0.7478164687499997410 ) ) ;
#1807 = FACE_OUTER_BOUND ( 'NONE', #2787, .T. ) ;
#1808 = CARTESIAN_POINT ( 'NONE',  ( 3.138654428077594538, 1.295256118611743723, 0.7478164687500002961 ) ) ;
#1809 = CARTESIAN_POINT ( 'NONE',  ( 1.503237762093723395, 0.000000000000000000, 1.225000000000000089 ) ) ;
#1810 = LINE ( 'NONE', #2970, #1559 ) ;
#1811 = CARTESIAN_POINT ( 'NONE',  ( 0.1699044273947968864, 0.7072540797572920424, -1.224999999999999867 ) ) ;
#1812 = EDGE_CURVE ( 'NONE', #2028, #253, #2196, .T. ) ;
#1813 = CARTESIAN_POINT ( 'NONE',  ( 7.076154428077594538, 1.295256118611743723, 0.7478164687500002961 ) ) ;
#1814 = ORIENTED_EDGE ( 'NONE', *, *, #2891, .T. ) ;
#1815 = CARTESIAN_POINT ( 'NONE',  ( 0.6178210947442620560, 0.8635040790744956674, 1.495632937500000148 ) ) ;
#1816 = CARTESIAN_POINT ( 'NONE',  ( 7.596987761752309609, 4.238645306144165953E-32, 1.387379762618237367 ) ) ;
#1817 = CARTESIAN_POINT ( 'NONE',  ( 1.930321094744261279, -0.8635040790744952233, -1.495632937500000592 ) ) ;
#1818 = ORIENTED_EDGE ( 'NONE', *, *, #1196, .T. ) ;
#1819 = CARTESIAN_POINT ( 'NONE',  ( -4.666666666666662522, 0.000000000000000000, 1.225000000000000089 ) ) ;
#1820 = CARTESIAN_POINT ( 'NONE',  ( 4.128237760728130645, 1.500192328955507931E-16, -1.225000000000000089 ) ) ;
#1821 = CARTESIAN_POINT ( 'NONE',  ( 2.367821094744261501, -0.8635040790744952233, -1.495632937500000592 ) ) ;
#1822 =( BOUNDED_CURVE ( )  B_SPLINE_CURVE ( 2, ( #1898, #3060, #2794, #205, #3496, #2012, #616 ),
 .UNSPECIFIED., .F., .T. ) 
 B_SPLINE_CURVE_WITH_KNOTS ( ( 3, 2, 2, 3 ),
 ( 0.1111111111111111049, 0.1203703703703703637, 0.1296296296296296224, 0.1388888888888888951 ),
 .UNSPECIFIED. ) 
 CURVE ( )  GEOMETRIC_REPRESENTATION_ITEM ( )  RATIONAL_B_SPLINE_CURVE ( ( 1.000000000000000000, 0.8660254037844387076, 1.000000000000000000, 0.8660254037844387076, 1.000000000000000000, 0.8660254037844387076, 1.000000000000000000 ) ) 
 REPRESENTATION_ITEM ( '' )  );
#1823 = CARTESIAN_POINT ( 'NONE',  ( 7.951154428077594538, 0.8635040790744962225, -1.495632937499999704 ) ) ;
#1824 = CARTESIAN_POINT ( 'NONE',  ( 7.388654428077594538, -1.295256118611743501, -0.7478164687500007402 ) ) ;
#1825 = CARTESIAN_POINT ( 'NONE',  ( 0.4303210947442618894, -0.8635040790744952233, -1.495632937500000592 ) ) ;
#1826 = CARTESIAN_POINT ( 'NONE',  ( 0.3782377620937232288, 1.414508159514583197, 8.661364449586740749E-17 ) ) ;
#1827 = CARTESIAN_POINT ( 'NONE',  ( 7.815162948219604111, 0.6264144013996081339, -1.107005163836635164 ) ) ;
#1828 = EDGE_CURVE ( 'NONE', #271, #253, #1484, .T. ) ;
#1829 = CARTESIAN_POINT ( 'NONE',  ( 0.6699044273947972750, 0.7072540797572920424, -1.224999999999999867 ) ) ;
#1830 = CARTESIAN_POINT ( 'NONE',  ( 0.7011544280775948712, -0.8635040790744966666, 1.495632937499999704 ) ) ;
#1831 = CARTESIAN_POINT ( 'NONE',  ( 3.294904428760391468, 0.7072540797573020344, -1.224999999999982991 ) ) ;
#1832 = CARTESIAN_POINT ( 'NONE',  ( 5.951154428077594538, 0.8635040790744962225, -1.495632937499999704 ) ) ;
#1833 = VERTEX_POINT ( 'NONE', #1112 ) ;
#1834 = DIRECTION ( 'NONE',  ( -1.000000000000000000, -0.000000000000000000, -0.000000000000000000 ) ) ;
#1835 = CARTESIAN_POINT ( 'NONE',  ( 6.003237762093722729, 0.000000000000000000, 1.225000000000000089 ) ) ;
#1836 = CARTESIAN_POINT ( 'NONE',  ( 7.532997276784346496, 1.254554074452187251, 0.6809412550181069834 ) ) ;
#1837 = EDGE_CURVE ( 'NONE', #2644, #389, #2255, .T. ) ;
#1838 = ORIENTED_EDGE ( 'NONE', *, *, #2048, .T. ) ;
#1839 = VECTOR ( 'NONE', #1479, 1000.000000000000227 ) ;
#1840 = LINE ( 'NONE', #1819, #537 ) ;
#1841 = CARTESIAN_POINT ( 'NONE',  ( 4.367821094744260613, -0.8635040790744952233, -1.495632937500000592 ) ) ;
#1842 = AXIS2_PLACEMENT_3D ( 'NONE', #2154, #710, #2995 ) ;
#1843 = CARTESIAN_POINT ( 'NONE',  ( 6.034487761410928464, 1.727008158148991557, 1.057487506489264306E-16 ) ) ;
#1844 = CARTESIAN_POINT ( 'NONE',  ( -0.6834230854612498574, 0.000000000000000000, 3.500000000000000000 ) ) ;
#1845 = CARTESIAN_POINT ( 'NONE',  ( 8.242821094744261501, -1.295256118611744389, 0.7478164687499990748 ) ) ;
#1846 = CARTESIAN_POINT ( 'NONE',  ( 0.7532377620937235063, 1.500192328955507931E-16, -1.225000000000000089 ) ) ;
#1847 = CARTESIAN_POINT ( 'NONE',  ( 0.5553210947442620560, 1.295256118611743723, -0.7478164687499997410 ) ) ;
#1848 =( BOUNDED_CURVE ( )  B_SPLINE_CURVE ( 2, ( #3573, #2657, #977, #1522, #3321, #82, #3266 ),
 .UNSPECIFIED., .F., .F. ) 
 B_SPLINE_CURVE_WITH_KNOTS ( ( 3, 2, 2, 3 ),
 ( 0.8611111111111110494, 0.8703703703703702388, 0.8796296296296296502, 0.8888888888888888395 ),
 .UNSPECIFIED. ) 
 CURVE ( )  GEOMETRIC_REPRESENTATION_ITEM ( )  RATIONAL_B_SPLINE_CURVE ( ( 1.000000000000001554, 0.8660254037844371533, 1.000000000000000000, 0.8660254037844387076, 1.000000000000000000, 0.8660254037844387076, 1.000000000000000000 ) ) 
 REPRESENTATION_ITEM ( '' )  );
#1849 = CARTESIAN_POINT ( 'NONE',  ( 2.503237760728130645, -1.414508159514583197, -2.598409334876022102E-16 ) ) ;
#1850 = CARTESIAN_POINT ( 'NONE',  ( 0.2428210947442617507, -1.295256118611744389, 0.7478164687499990748 ) ) ;
#1851 = CARTESIAN_POINT ( 'NONE',  ( 1.878237760728130201, 0.000000000000000000, 1.225000000000000089 ) ) ;
#1852 = CARTESIAN_POINT ( 'NONE',  ( 5.992821094744261501, 1.295256118611743723, -0.7478164687499997410 ) ) ;
#1853 = VERTEX_POINT ( 'NONE', #832 ) ;
#1854 = CIRCLE ( 'NONE', #776, 3.250000000000000444 ) ;
#1855 = LINE ( 'NONE', #424, #2324 ) ;
#1856 = EDGE_CURVE ( 'NONE', #2508, #1150, #1973, .T. ) ;
#1857 = CARTESIAN_POINT ( 'NONE',  ( 0.5553210947442620560, 1.295256118611743723, -0.7478164687499997410 ) ) ;
#1858 = VECTOR ( 'NONE', #871, 1000.000000000000000 ) ;
#1859 = ORIENTED_EDGE ( 'NONE', *, *, #482, .T. ) ;
#1860 = DIRECTION ( 'NONE',  ( -1.000000000000000000, -0.000000000000000000, -0.000000000000000000 ) ) ;
#1861 = EDGE_CURVE ( 'NONE', #1833, #3190, #1822, .T. ) ;
#1862 = CARTESIAN_POINT ( 'NONE',  ( 2.701154428077595426, -0.8635040790744966666, 1.495632937499999704 ) ) ;
#1863 = CARTESIAN_POINT ( 'NONE',  ( 7.076154428077594538, 1.295256118611743723, 0.7478164687500002961 ) ) ;
#1864 = DIRECTION ( 'NONE',  ( -1.000000000000000000, -0.000000000000000000, -0.000000000000000000 ) ) ;
#1865 = CARTESIAN_POINT ( 'NONE',  ( 0.1386544280775944271, 1.295256118611743723, 0.7478164687500002961 ) ) ;
#1866 = CARTESIAN_POINT ( 'NONE',  ( 1.878237762093723617, 1.414508159514583197, 8.661364449586740749E-17 ) ) ;
#1867 = CARTESIAN_POINT ( 'NONE',  ( -4.666666666666662522, 1.500192328955507931E-16, -1.225000000000000089 ) ) ;
#1868 = CARTESIAN_POINT ( 'NONE',  ( 0.7115710940614645708, 1.060881119635937564, -0.6124999999999997113 ) ) ;
#1869 = CARTESIAN_POINT ( 'NONE',  ( 8.294904428760389692, 0.7072540797572920424, -1.224999999999999867 ) ) ;
#1870 = DIRECTION ( 'NONE',  ( 0.000000000000000000, -0.8660254037844384856, 0.5000000000000003331 ) ) ;
#1871 = CARTESIAN_POINT ( 'NONE',  ( 7.367821094744261501, -0.8635040790744953343, -1.495632937500000592 ) ) ;
#1872 = ORIENTED_EDGE ( 'NONE', *, *, #2252, .F. ) ;
#1873 = CARTESIAN_POINT ( 'NONE',  ( -0.2155122385890714254, -1.727008158148991557, -3.172462519467792547E-16 ) ) ;
#1874 = CARTESIAN_POINT ( 'NONE',  ( 5.346987761410927575, -1.727008158148991557, -3.172462519467792547E-16 ) ) ;
#1875 = LINE ( 'NONE', #994, #3674 ) ;
#1876 = CARTESIAN_POINT ( 'NONE',  ( -0.1946789052557386379, -1.295256118611744389, 0.7478164687499990748 ) ) ;
#1877 = ORIENTED_EDGE ( 'NONE', *, *, #1189, .F. ) ;
#1878 = EDGE_CURVE ( 'NONE', #3637, #350, #597, .T. ) ;
#1879 = LINE ( 'NONE', #660, #845 ) ;
#1880 = CARTESIAN_POINT ( 'NONE',  ( 2.451154428077594982, 0.8635040790744962225, -1.495632937499999704 ) ) ;
#1881 = CARTESIAN_POINT ( 'NONE',  ( 4.451154428077594538, 0.8635040790744962225, -1.495632937499999704 ) ) ;
#1882 = DIRECTION ( 'NONE',  ( 0.000000000000000000, 1.000000000000000000, -1.877893248421449775E-16 ) ) ;
#1883 = CARTESIAN_POINT ( 'NONE',  ( 1.138654428077594538, 1.295256118611743723, 0.7478164687500002961 ) ) ;
#1884 = DIRECTION ( 'NONE',  ( 0.000000000000000000, 0.000000000000000000, 1.000000000000000000 ) ) ;
#1885 = APPLICATION_PROTOCOL_DEFINITION ( 'draft international standard', 'automotive_design', 1998, #2378 ) ;
#1886 = CARTESIAN_POINT ( 'NONE',  ( 1.753237760728131089, 1.414508159514583197, 8.661364449586740749E-17 ) ) ;
#1887 = CARTESIAN_POINT ( 'NONE',  ( 0.2011544280775944549, -0.8635040790744966666, 1.495632937499999704 ) ) ;
#1888 = DIRECTION ( 'NONE',  ( -1.000000000000000000, 0.000000000000000000, -0.000000000000000000 ) ) ;
#1889 = CARTESIAN_POINT ( 'NONE',  ( 6.576154428077594538, 1.295256118611743723, 0.7478164687500002961 ) ) ;
#1890 = ORIENTED_EDGE ( 'NONE', *, *, #3749, .T. ) ;
#1891 = CARTESIAN_POINT ( 'NONE',  ( 7.794904428760389692, 0.7072540797572932636, -1.224999999999997646 ) ) ;
#1892 = CARTESIAN_POINT ( 'NONE',  ( 5.471987761410928464, 1.831622089608728481E-16, -1.495632937500000148 ) ) ;
#1893 = DIRECTION ( 'NONE',  ( -1.000000000000000000, -0.000000000000000000, -0.000000000000000000 ) ) ;
#1894 = CARTESIAN_POINT ( 'NONE',  ( 3.628237760728131089, 1.500192328955507931E-16, -1.225000000000000089 ) ) ;
#1895 = CARTESIAN_POINT ( 'NONE',  ( 7.497293978029815342, 1.441544680149623892, -0.1372576768543536385 ) ) ;
#1896 = EDGE_LOOP ( 'NONE', ( #2547, #824, #3631, #3192 ) ) ;
#1897 = VERTEX_POINT ( 'NONE', #579 ) ;
#1898 = CARTESIAN_POINT ( 'NONE',  ( 7.503237762093723617, 0.000000000000000000, 1.225000000000000089 ) ) ;
#1899 = CARTESIAN_POINT ( 'NONE',  ( 4.367821094744260613, -0.8635040790744952233, -1.495632937500000592 ) ) ;
#1900 = CARTESIAN_POINT ( 'NONE',  ( 3.971987761410928020, 1.831622089608728481E-16, -1.495632937500000148 ) ) ;
#1901 = CARTESIAN_POINT ( 'NONE',  ( 1.305321094744261723, -1.295256118611744389, 0.7478164687499990748 ) ) ;
#1902 = DIRECTION ( 'NONE',  ( 0.000000000000000000, 0.000000000000000000, 1.000000000000000000 ) ) ;
#1903 = CARTESIAN_POINT ( 'NONE',  ( 8.451154428077595426, 0.8635040790744962225, -1.495632937499999704 ) ) ;
#1904 = VECTOR ( 'NONE', #1338, 1000.000000000000227 ) ;
#1905 = AXIS2_PLACEMENT_3D ( 'NONE', #1029, #2171, #1888 ) ;
#1906 = CARTESIAN_POINT ( 'NONE',  ( 6.305321094744261501, -1.295256118611744389, 0.7478164687499990748 ) ) ;
#1907 = CARTESIAN_POINT ( 'NONE',  ( 0.7844877614109277975, -1.727008158148991557, -3.172462519467792547E-16 ) ) ;
#1908 = CARTESIAN_POINT ( 'NONE',  ( 4.003237762093723617, 0.000000000000000000, 1.225000000000000089 ) ) ;
#1909 = CARTESIAN_POINT ( 'NONE',  ( 3.909487761410928020, 1.831622089608728481E-16, -1.495632937500000148 ) ) ;
#1910 = VERTEX_POINT ( 'NONE', #1745 ) ;
#1911 = CARTESIAN_POINT ( 'NONE',  ( 3.503237762093723173, 0.000000000000000000, 1.225000000000000089 ) ) ;
#1912 = CARTESIAN_POINT ( 'NONE',  ( 5.013654428077595426, 0.8635040790744962225, -1.495632937499999704 ) ) ;
#1913 = CARTESIAN_POINT ( 'NONE',  ( 4.961571094061463683, -1.060881119635938008, 0.6124999999999992673 ) ) ;
#1914 = CARTESIAN_POINT ( 'NONE',  ( -4.666666666666662522, 0.000000000000000000, 0.000000000000000000 ) ) ;
#1915 = VERTEX_POINT ( 'NONE', #3755 ) ;
#1916 = DIRECTION ( 'NONE',  ( 0.000000000000000000, 1.000000000000000000, -1.877893248421449775E-16 ) ) ;
#1917 = AXIS2_PLACEMENT_3D ( 'NONE', #380, #1532, #2686 ) ;
#1918 = CARTESIAN_POINT ( 'NONE',  ( 3.784487761410928020, -1.727008158148991557, -3.172462519467792547E-16 ) ) ;
#1919 = CARTESIAN_POINT ( 'NONE',  ( 3.638654428077594982, 1.295256118611743723, 0.7478164687500002961 ) ) ;
#1920 = CARTESIAN_POINT ( 'NONE',  ( 7.711571094061463683, 1.060881119635937564, -0.6124999999999997113 ) ) ;
#1921 = CARTESIAN_POINT ( 'NONE',  ( -1.293446068048918470E-15, 1.403323421777845192, 0.2583974517873739996 ) ) ;
#1922 = CARTESIAN_POINT ( 'NONE',  ( 6.336571095427056655, 1.060881119635937564, -0.6124999999999997113 ) ) ;
#1923 = CARTESIAN_POINT ( 'NONE',  ( 8.346987761410927575, -1.727008158148991557, -3.172462519467792547E-16 ) ) ;
#1924 = CARTESIAN_POINT ( 'NONE',  ( 6.211571095427057543, -0.7072540797572911542, -1.225000000000000533 ) ) ;
#1925 = PLANE ( 'NONE',  #3550 ) ;
#1926 = CARTESIAN_POINT ( 'NONE',  ( 4.534487761410927575, 1.727008158148991335, 1.057487506489264306E-16 ) ) ;
#1927 = VERTEX_POINT ( 'NONE', #1429 ) ;
#1928 = EDGE_CURVE ( 'NONE', #2500, #3434, #2598, .T. ) ;
#1929 = CARTESIAN_POINT ( 'NONE',  ( 4.638654428077594538, 1.295256118611743723, 0.7478164687500002961 ) ) ;
#1930 = CARTESIAN_POINT ( 'NONE',  ( 0.1699044273947980521, 0.7072540797573020344, -1.224999999999982991 ) ) ;
#1931 = CARTESIAN_POINT ( 'NONE',  ( 5.253237762093724506, 1.500192328955507931E-16, -1.225000000000000089 ) ) ;
#1932 = FACE_OUTER_BOUND ( 'NONE', #3305, .T. ) ;
#1933 = CARTESIAN_POINT ( 'NONE',  ( 1.034487761410928020, 1.727008158148991335, 1.057487506489264306E-16 ) ) ;
#1934 = CARTESIAN_POINT ( 'NONE',  ( 2.867821094744261501, -0.8635040790744952233, -1.495632937500000592 ) ) ;
#1935 = CARTESIAN_POINT ( 'NONE',  ( 5.138654428077594538, 1.295256118611743723, 0.7478164687500002961 ) ) ;
#1936 = EDGE_CURVE ( 'NONE', #1910, #3481, #3176, .T. ) ;
#1937 = CARTESIAN_POINT ( 'NONE',  ( -4.666666666666662522, 0.000000000000000000, 0.000000000000000000 ) ) ;
#1938 = DIRECTION ( 'NONE',  ( 0.000000000000000000, 0.000000000000000000, 1.000000000000000000 ) ) ;
#1939 = CARTESIAN_POINT ( 'NONE',  ( 8.201154428077593650, -0.8635040790744966666, 1.495632937499999704 ) ) ;
#1940 = CARTESIAN_POINT ( 'NONE',  ( -0.08009557260520334954, -0.7072540797572921534, 1.224999999999999867 ) ) ;
#1941 = CARTESIAN_POINT ( 'NONE',  ( 6.044904428760390580, -0.7072540797572921534, 1.224999999999999867 ) ) ;
#1942 = CARTESIAN_POINT ( 'NONE',  ( 4.253237762093723617, 1.500192328955507931E-16, -1.225000000000000089 ) ) ;
#1943 = CARTESIAN_POINT ( 'NONE',  ( 4.701154428077595426, -0.8635040790744965555, 1.495632937499999704 ) ) ;
#1944 =( BOUNDED_CURVE ( )  B_SPLINE_CURVE ( 2, ( #366, #2672, #78, #3070, #1591, #2206, #477 ),
 .UNSPECIFIED., .F., .T. ) 
 B_SPLINE_CURVE_WITH_KNOTS ( ( 3, 2, 2, 3 ),
 ( 0.7222222222222222099, 0.7314814814814815103, 0.7407407407407406996, 0.7500000000000000000 ),
 .UNSPECIFIED. ) 
 CURVE ( )  GEOMETRIC_REPRESENTATION_ITEM ( )  RATIONAL_B_SPLINE_CURVE ( ( 1.000000000000000000, 0.8660254037844387076, 1.000000000000000000, 0.8660254037844387076, 1.000000000000000000, 0.8660254037844387076, 1.000000000000000000 ) ) 
 REPRESENTATION_ITEM ( '' )  );
#1945 = CARTESIAN_POINT ( 'NONE',  ( 0.4199044273947982187, -0.7072540797573021454, 1.224999999999982991 ) ) ;
#1946 = CARTESIAN_POINT ( 'NONE',  ( -4.666666666666662522, 0.000000000000000000, 1.225000000000000089 ) ) ;
#1947 = CARTESIAN_POINT ( 'NONE',  ( 5.055321094744260613, 1.295256118611743723, -0.7478164687499997410 ) ) ;
#1948 = DIRECTION ( 'NONE',  ( -1.000000000000000000, -0.000000000000000000, -0.000000000000000000 ) ) ;
#1949 = DIRECTION ( 'NONE',  ( 0.000000000000000000, 0.5000000000000001110, -0.8660254037844384856 ) ) ;
#1950 = EDGE_LOOP ( 'NONE', ( #678, #1277, #12, #3754 ) ) ;
#1951 = CARTESIAN_POINT ( 'NONE',  ( 2.211571095427057099, -0.7072540797572862692, -1.225000000000008749 ) ) ;
#1952 = CYLINDRICAL_SURFACE ( 'NONE', #2460, 1.225000000000000089 ) ;
#1953 = EDGE_CURVE ( 'NONE', #3514, #1037, #2637, .T. ) ;
#1954 = CARTESIAN_POINT ( 'NONE',  ( 5.326154428077594538, -1.295256118611743501, -0.7478164687500007402 ) ) ;
#1955 = CARTESIAN_POINT ( 'NONE',  ( 6.138654428077594538, 1.295256118611743723, 0.7478164687500002961 ) ) ;
#1956 = CARTESIAN_POINT ( 'NONE',  ( 7.044904427394796720, -1.060881119635937342, -0.6125000000000005995 ) ) ;
#1957 = CARTESIAN_POINT ( 'NONE',  ( 8.878237760728129757, 0.000000000000000000, 1.225000000000000089 ) ) ;
#1958 = CARTESIAN_POINT ( 'NONE',  ( 8.159487761410927575, 0.000000000000000000, 1.495632937500000148 ) ) ;
#1959 = CARTESIAN_POINT ( 'NONE',  ( 7.721987761410927575, 0.000000000000000000, 1.495632937500000148 ) ) ;
#1960 = CARTESIAN_POINT ( 'NONE',  ( 5.628237762093723617, -1.414508159514583197, -2.598409334876022102E-16 ) ) ;
#1961 = AXIS2_PLACEMENT_3D ( 'NONE', #329, #2633, #1198 ) ;
#1962 = DIRECTION ( 'NONE',  ( -1.000000000000000000, -0.000000000000000000, -0.000000000000000000 ) ) ;
#1963 = CARTESIAN_POINT ( 'NONE',  ( 4.367821094744261501, -0.8635040790744953343, -1.495632937500000592 ) ) ;
#1964 = AXIS2_PLACEMENT_3D ( 'NONE', #3707, #3433, #1988 ) ;
#1965 = CARTESIAN_POINT ( 'NONE',  ( 5.253237762093724506, 1.500192328955507931E-16, -1.225000000000000089 ) ) ;
#1966 = CARTESIAN_POINT ( 'NONE',  ( -0.6834230854612498574, 0.000000000000000000, -3.250000000000000444 ) ) ;
#1967 = ORIENTED_EDGE ( 'NONE', *, *, #3579, .T. ) ;
#1968 = CARTESIAN_POINT ( 'NONE',  ( 3.555321094744261057, 1.295256118611743723, -0.7478164687499997410 ) ) ;
#1969 = DIRECTION ( 'NONE',  ( 0.000000000000000000, 0.5000000000000002220, -0.8660254037844384856 ) ) ;
#1970 = CARTESIAN_POINT ( 'NONE',  ( 1.753237762093723617, 1.500192328955507931E-16, -1.225000000000000089 ) ) ;
#1971 =( BOUNDED_CURVE ( )  B_SPLINE_CURVE ( 2, ( #3588, #349, #2406, #989, #403, #1831, #3530 ),
 .UNSPECIFIED., .F., .T. ) 
 B_SPLINE_CURVE_WITH_KNOTS ( ( 3, 2, 2, 3 ),
 ( 0.5555555555555555802, 0.5648148148148146586, 0.5740740740740739589, 0.5833333333333331483 ),
 .UNSPECIFIED. ) 
 CURVE ( )  GEOMETRIC_REPRESENTATION_ITEM ( )  RATIONAL_B_SPLINE_CURVE ( ( 1.000000000000000000, 0.8660254037844387076, 1.000000000000000000, 0.8660254037844387076, 1.000000000000000000, 0.8660254037844419273, 0.9999999999999967804 ) ) 
 REPRESENTATION_ITEM ( '' )  );
#1972 = VERTEX_POINT ( 'NONE', #26 ) ;
#1973 = LINE ( 'NONE', #3365, #1425 ) ;
#1974 = CARTESIAN_POINT ( 'NONE',  ( 1.701154428077594982, -0.8635040790744965555, 1.495632937499999704 ) ) ;
#1975 = CARTESIAN_POINT ( 'NONE',  ( 2.201154428077594538, -0.8635040790744966666, 1.495632937499999704 ) ) ;
#1976 = CARTESIAN_POINT ( 'NONE',  ( 4.305321094744260613, -1.295256118611744389, 0.7478164687499990748 ) ) ;
#1977 = EDGE_CURVE ( 'NONE', #1798, #1478, #428, .T. ) ;
#1978 = AXIS2_PLACEMENT_3D ( 'NONE', #1652, #3437, #3751 ) ;
#1979 = CARTESIAN_POINT ( 'NONE',  ( -4.666666666666662522, 1.500192328955507931E-16, -1.225000000000000089 ) ) ;
#1980 = ADVANCED_FACE ( 'NONE', ( #333 ), #3734, .F. ) ;
#1981 = CARTESIAN_POINT ( 'NONE',  ( 6.336571094061465459, 0.7072540797572914872, 1.225000000000000089 ) ) ;
#1982 = CARTESIAN_POINT ( 'NONE',  ( -0.8749341962409943330, 0.000000000000000000, 0.000000000000000000 ) ) ;
#1983 =( GEOMETRIC_REPRESENTATION_CONTEXT ( 3 ) GLOBAL_UNCERTAINTY_ASSIGNED_CONTEXT ( ( #3716 ) ) GLOBAL_UNIT_ASSIGNED_CONTEXT ( ( #1186, #908, #3465 ) ) REPRESENTATION_CONTEXT ( 'NONE', 'WORKASPACE' ) );
#1984 = CARTESIAN_POINT ( 'NONE',  ( 7.055321094744260613, 1.295256118611743723, -0.7478164687499997410 ) ) ;
#1985 = CARTESIAN_POINT ( 'NONE',  ( 7.128237762093723617, -1.414508159514583197, -2.598409334876022102E-16 ) ) ;
#1986 = DIRECTION ( 'NONE',  ( -0.8660254037844379305, 0.000000000000000000, 0.5000000000000013323 ) ) ;
#1987 = CARTESIAN_POINT ( 'NONE',  ( 4.617821094744261501, 0.8635040790744956674, 1.495632937500000148 ) ) ;
#1988 = DIRECTION ( 'NONE',  ( 0.000000000000000000, 0.000000000000000000, -1.000000000000000000 ) ) ;
#1989 = EDGE_LOOP ( 'NONE', ( #2961, #631, #3595, #3318 ) ) ;
#1990 = CARTESIAN_POINT ( 'NONE',  ( 1.971987761410928020, 1.831622089608728481E-16, -1.495632937500000148 ) ) ;
#1991 = CARTESIAN_POINT ( 'NONE',  ( 5.128237760728130645, 1.500192328955507931E-16, -1.225000000000000089 ) ) ;
#1992 = CARTESIAN_POINT ( 'NONE',  ( 7.628237760728129757, 1.500192328955507931E-16, -1.225000000000000089 ) ) ;
#1993 = EDGE_LOOP ( 'NONE', ( #1890, #1560, #1038, #1195 ) ) ;
#1994 = CARTESIAN_POINT ( 'NONE',  ( 3.711571094061463683, 1.060881119635937564, -0.6124999999999997113 ) ) ;
#1995 = CARTESIAN_POINT ( 'NONE',  ( 0.6178210947442620560, 0.8635040790744956674, 1.495632937500000148 ) ) ;
#1996 = EDGE_CURVE ( 'NONE', #3343, #979, #296, .T. ) ;
#1997 = CARTESIAN_POINT ( 'NONE',  ( 0.8886544280775950932, -1.295256118611743501, -0.7478164687500007402 ) ) ;
#1998 = ORIENTED_EDGE ( 'NONE', *, *, #759, .T. ) ;
#1999 = FACE_OUTER_BOUND ( 'NONE', #578, .T. ) ;
#2000 = CARTESIAN_POINT ( 'NONE',  ( 6.753237760728129757, 1.414508159514583197, 8.661364449586740749E-17 ) ) ;
#2001 = CARTESIAN_POINT ( 'NONE',  ( 4.867821094744260613, -0.8635040790744952233, -1.495632937500000592 ) ) ;
#2002 = CARTESIAN_POINT ( 'NONE',  ( 3.680321094744261057, 0.8635040790744956674, 1.495632937500000148 ) ) ;
#2003 = CARTESIAN_POINT ( 'NONE',  ( 6.419904428760390580, 1.060881119635937564, 0.6125000000000001554 ) ) ;
#2004 = CARTESIAN_POINT ( 'NONE',  ( 2.753237762093723617, 1.500192328955507931E-16, -1.225000000000000089 ) ) ;
#2005 = CARTESIAN_POINT ( 'NONE',  ( 2.367821094744261501, -0.8635040790744953343, -1.495632937500000592 ) ) ;
#2006 = CARTESIAN_POINT ( 'NONE',  ( 2.168404344971008868E-16, 1.154700538379251684, 4.601041607915416270E-18 ) ) ;
#2007 = ORIENTED_EDGE ( 'NONE', *, *, #2557, .F. ) ;
#2008 = CARTESIAN_POINT ( 'NONE',  ( 2.388654428077594538, -1.295256118611743501, -0.7478164687500007402 ) ) ;
#2009 = CARTESIAN_POINT ( 'NONE',  ( 0.9615710954270577648, 0.7072540797572866023, 1.225000000000008527 ) ) ;
#2010 = CARTESIAN_POINT ( 'NONE',  ( 6.669904427394797608, 0.7072540797572920424, -1.224999999999999645 ) ) ;
#2011 = ORIENTED_EDGE ( 'NONE', *, *, #1390, .F. ) ;
#2012 = CARTESIAN_POINT ( 'NONE',  ( 7.294904428760389692, 0.7072540797572920424, -1.224999999999999645 ) ) ;
#2013 = CARTESIAN_POINT ( 'NONE',  ( 0.6594877614109275754, 0.000000000000000000, 1.495632937500000148 ) ) ;
#2014 = CARTESIAN_POINT ( 'NONE',  ( 2.638654428077594982, 1.295256118611743723, 0.7478164687500002961 ) ) ;
#2015 = ORIENTED_EDGE ( 'NONE', *, *, #1390, .T. ) ;
#2016 = CARTESIAN_POINT ( 'NONE',  ( 7.794904427394796720, 1.060881119635937564, 0.6125000000000001554 ) ) ;
#2017 = CARTESIAN_POINT ( 'NONE',  ( 5.367821094744261501, -0.8635040790744952233, -1.495632937500000592 ) ) ;
#2018 = CARTESIAN_POINT ( 'NONE',  ( 4.930321094744261501, -0.8635040790744952233, -1.495632937500000592 ) ) ;
#2019 = CARTESIAN_POINT ( 'NONE',  ( 3.544904428760390580, -0.7072540797572921534, 1.224999999999999867 ) ) ;
#2020 = CARTESIAN_POINT ( 'NONE',  ( 8.305321094744261501, -1.295256118611744389, 0.7478164687499990748 ) ) ;
#2021 = AXIS2_PLACEMENT_3D ( 'NONE', #2827, #826, #1969 ) ;
#2022 = CARTESIAN_POINT ( 'NONE',  ( 2.544904427394797164, -1.060881119635937342, -0.6125000000000005995 ) ) ;
#2023 = ORIENTED_EDGE ( 'NONE', *, *, #527, .T. ) ;
#2024 = ORIENTED_EDGE ( 'NONE', *, *, #1196, .F. ) ;
#2025 = CARTESIAN_POINT ( 'NONE',  ( 0.9199044287603900250, 1.060881119635937564, 0.6125000000000001554 ) ) ;
#2026 = DIRECTION ( 'NONE',  ( 0.000000000000000000, 0.000000000000000000, 1.000000000000000000 ) ) ;
#2027 = TOROIDAL_SURFACE ( 'NONE', #2082, 3.250000000000000444, 0.2500000000000000000 ) ;
#2028 = VERTEX_POINT ( 'NONE', #1447 ) ;
#2029 = CARTESIAN_POINT ( 'NONE',  ( 6.378237760728129757, 0.000000000000000000, 1.225000000000000089 ) ) ;
#2030 = CARTESIAN_POINT ( 'NONE',  ( 2.888654428077594982, -1.295256118611743501, -0.7478164687500007402 ) ) ;
#2031 = CARTESIAN_POINT ( 'NONE',  ( 3.471987761410928464, 1.831622089608728481E-16, -1.495632937500000148 ) ) ;
#2032 = ORIENTED_EDGE ( 'NONE', *, *, #1607, .F. ) ;
#2033 = CARTESIAN_POINT ( 'NONE',  ( -4.666666666666662522, 1.500192328955507931E-16, -1.225000000000000089 ) ) ;
#2034 = CARTESIAN_POINT ( 'NONE',  ( 6.586571094061463683, -0.7072540797572911542, -1.225000000000000533 ) ) ;
#2035 = CARTESIAN_POINT ( 'NONE',  ( 5.242821094744260613, -1.295256118611744389, 0.7478164687499990748 ) ) ;
#2036 = CARTESIAN_POINT ( 'NONE',  ( 7.544904428760389692, -0.7072540797572921534, 1.224999999999999645 ) ) ;
#2037 = CARTESIAN_POINT ( 'NONE',  ( 6.055321094744261501, 1.295256118611743723, -0.7478164687499997410 ) ) ;
#2038 = CARTESIAN_POINT ( 'NONE',  ( 2.711571095427057099, -0.7072540797572911542, -1.225000000000000533 ) ) ;
#2039 = CIRCLE ( 'NONE', #2529, 3.410696902421634924 ) ;
#2040 = CARTESIAN_POINT ( 'NONE',  ( 6.003237762093722729, 0.000000000000000000, 1.225000000000000089 ) ) ;
#2041 = ORIENTED_EDGE ( 'NONE', *, *, #3405, .F. ) ;
#2042 = CARTESIAN_POINT ( 'NONE',  ( 7.544904427394797608, -1.060881119635937342, -0.6125000000000005995 ) ) ;
#2043 = CARTESIAN_POINT ( 'NONE',  ( -9.075044336004181131E-17, -1.259264810276447211, -0.1760586545630842825 ) ) ;
#2044 = EDGE_LOOP ( 'NONE', ( #185, #2429, #2050, #1446 ) ) ;
#2045 = CARTESIAN_POINT ( 'NONE',  ( 1.784487761410927797, -1.727008158148991557, -3.172462519467792547E-16 ) ) ;
#2046 = CARTESIAN_POINT ( 'NONE',  ( 6.128237760728130645, 1.500192328955507931E-16, -1.225000000000000089 ) ) ;
#2047 = CARTESIAN_POINT ( 'NONE',  ( 2.221987761410928020, 0.000000000000000000, 1.495632937500000148 ) ) ;
#2048 = EDGE_CURVE ( 'NONE', #3473, #2254, #2089, .T. ) ;
#2049 = CARTESIAN_POINT ( 'NONE',  ( 2.055321094744261501, 1.295256118611743723, -0.7478164687499997410 ) ) ;
#2050 = ORIENTED_EDGE ( 'NONE', *, *, #2947, .F. ) ;
#2051 = CARTESIAN_POINT ( 'NONE',  ( 7.169904427394796720, 0.7072540797572920424, -1.224999999999999867 ) ) ;
#2052 = CARTESIAN_POINT ( 'NONE',  ( 6.617821094744261501, 0.8635040790744956674, 1.495632937500000148 ) ) ;
#2053 = EDGE_CURVE ( 'NONE', #257, #423, #3282, .T. ) ;
#2054 = CARTESIAN_POINT ( 'NONE',  ( 5.419904428760389692, 1.060881119635937564, 0.6125000000000001554 ) ) ;
#2055 = CARTESIAN_POINT ( 'NONE',  ( 4.305321094744260613, -1.295256118611744389, 0.7478164687499990748 ) ) ;
#2056 = CARTESIAN_POINT ( 'NONE',  ( 4.336571095427056655, 1.060881119635937564, -0.6124999999999997113 ) ) ;
#2057 = CARTESIAN_POINT ( 'NONE',  ( 7.221987761410928464, 0.000000000000000000, 1.495632937500000148 ) ) ;
#2058 = CARTESIAN_POINT ( 'NONE',  ( -4.666666666666662522, 1.500192328955507931E-16, -1.225000000000000089 ) ) ;
#2059 = VERTEX_POINT ( 'NONE', #1483 ) ;
#2060 = DIRECTION ( 'NONE',  ( 0.000000000000000000, 0.000000000000000000, 1.000000000000000000 ) ) ;
#2061 = CARTESIAN_POINT ( 'NONE',  ( 6.003237760728130645, -1.414508159514583197, -2.598409334876022102E-16 ) ) ;
#2062 = ORIENTED_EDGE ( 'NONE', *, *, #2557, .T. ) ;
#2063 = CARTESIAN_POINT ( 'NONE',  ( 1.617821094744261279, 0.8635040790744956674, 1.495632937500000148 ) ) ;
#2064 = CARTESIAN_POINT ( 'NONE',  ( 7.294904427394796720, 1.060881119635937564, 0.6125000000000001554 ) ) ;
#2065 = CARTESIAN_POINT ( 'NONE',  ( 3.180321094744261945, 0.8635040790744956674, 1.495632937500000148 ) ) ;
#2066 = CARTESIAN_POINT ( 'NONE',  ( 2.930321094744261057, -0.8635040790744953343, -1.495632937500000592 ) ) ;
#2067 = ORIENTED_EDGE ( 'NONE', *, *, #2489, .T. ) ;
#2068 = CARTESIAN_POINT ( 'NONE',  ( 7.657997664801632354, -1.153758399535076640, 0.7104418780556774893 ) ) ;
#2069 = CARTESIAN_POINT ( 'NONE',  ( 5.419904427394797608, -0.7072540797572921534, 1.224999999999999867 ) ) ;
#2070 = CARTESIAN_POINT ( 'NONE',  ( 7.117821094744260613, 0.8635040790744956674, 1.495632937500000148 ) ) ;
#2071 = CARTESIAN_POINT ( 'NONE',  ( 6.409487761410927575, 1.831622089608728481E-16, -1.495632937500000148 ) ) ;
#2072 = CARTESIAN_POINT ( 'NONE',  ( 4.003237760728130645, -1.414508159514583197, -2.598409334876022102E-16 ) ) ;
#2073 = CARTESIAN_POINT ( 'NONE',  ( 3.430321094744261057, -0.8635040790744952233, -1.495632937500000592 ) ) ;
#2074 = CARTESIAN_POINT ( 'NONE',  ( 0.1282377620937230067, -1.414508159514583197, -2.598409334876022102E-16 ) ) ;
#2075 = CARTESIAN_POINT ( 'NONE',  ( 5.003237762093723617, 0.000000000000000000, 1.225000000000000089 ) ) ;
#2076 = CARTESIAN_POINT ( 'NONE',  ( 3.878237762093723617, 1.414508159514583197, 8.661364449586740749E-17 ) ) ;
#2077 = DIRECTION ( 'NONE',  ( 0.000000000000000000, 0.000000000000000000, 1.000000000000000000 ) ) ;
#2078 = CARTESIAN_POINT ( 'NONE',  ( -4.666666666666662522, 0.000000000000000000, 0.000000000000000000 ) ) ;
#2079 = VERTEX_POINT ( 'NONE', #2920 ) ;
#2080 = CARTESIAN_POINT ( 'NONE',  ( 1.534487761410928464, 1.727008158148991557, 1.057487506489264306E-16 ) ) ;
#2081 = CARTESIAN_POINT ( 'NONE',  ( 3.419904427394798052, -0.7072540797572970384, 1.224999999999991207 ) ) ;
#2082 = AXIS2_PLACEMENT_3D ( 'NONE', #444, #1596, #2526 ) ;
#2083 = CARTESIAN_POINT ( 'NONE',  ( 2.596987761410928908, 1.727008158148991557, 1.057487506489264306E-16 ) ) ;
#2084 = TOROIDAL_SURFACE ( 'NONE', #1964, 3.250000000000000444, 0.2500000000000000000 ) ;
#2085 = ORIENTED_EDGE ( 'NONE', *, *, #527, .F. ) ;
#2086 = CYLINDRICAL_SURFACE ( 'NONE', #2466, 1.225000000000000089 ) ;
#2087 = CARTESIAN_POINT ( 'NONE',  ( 3.378237760728130645, 0.000000000000000000, 1.225000000000000089 ) ) ;
#2088 = CARTESIAN_POINT ( 'NONE',  ( 2.576154428077594982, 1.295256118611743723, 0.7478164687500002961 ) ) ;
#2089 =( BOUNDED_CURVE ( )  B_SPLINE_CURVE ( 2, ( #2903, #3460, #3477, #1202, #2617, #920, #3229 ),
 .UNSPECIFIED., .F., .T. ) 
 B_SPLINE_CURVE_WITH_KNOTS ( ( 3, 2, 2, 3 ),
 ( 0.3611111111111110494, 0.3703703703703702943, 0.3796296296296295947, 0.3888888888888888395 ),
 .UNSPECIFIED. ) 
 CURVE ( )  GEOMETRIC_REPRESENTATION_ITEM ( )  RATIONAL_B_SPLINE_CURVE ( ( 1.000000000000000888, 0.8660254037844379305, 1.000000000000000000, 0.8660254037844387076, 1.000000000000000000, 0.8660254037844394848, 0.9999999999999992228 ) ) 
 REPRESENTATION_ITEM ( '' )  );
#2090 = EDGE_CURVE ( 'NONE', #2100, #1554, #2234, .T. ) ;
#2091 = CARTESIAN_POINT ( 'NONE',  ( 5.659487761410927575, 0.000000000000000000, 1.495632937500000148 ) ) ;
#2092 = CARTESIAN_POINT ( 'NONE',  ( 6.555321094744261501, 1.295256118611743723, -0.7478164687499997410 ) ) ;
#2093 = CARTESIAN_POINT ( 'NONE',  ( 4.096987761410928464, 1.727008158148991557, 1.057487506489264306E-16 ) ) ;
#2094 = CARTESIAN_POINT ( 'NONE',  ( 2.211571095427056655, -0.7072540797572911542, -1.225000000000000533 ) ) ;
#2095 = CARTESIAN_POINT ( 'NONE',  ( 3.378237762093723173, 1.414508159514583197, 8.661364449586740749E-17 ) ) ;
#2096 = CARTESIAN_POINT ( 'NONE',  ( 1.961571094061463905, -1.060881119635938008, 0.6124999999999992673 ) ) ;
#2097 = AXIS2_PLACEMENT_3D ( 'NONE', #741, #1301, #1884 ) ;
#2098 = CARTESIAN_POINT ( 'NONE',  ( 3.294904427394797164, 1.060881119635937564, 0.6125000000000001554 ) ) ;
#2099 = CARTESIAN_POINT ( 'NONE',  ( 1.544904428760391468, -0.7072540797572970384, 1.224999999999991207 ) ) ;
#2100 = VERTEX_POINT ( 'NONE', #2865 ) ;
#2101 = CARTESIAN_POINT ( 'NONE',  ( 2.159487761410928020, 0.000000000000000000, 1.495632937500000148 ) ) ;
#2102 = CARTESIAN_POINT ( 'NONE',  ( 3.430321094744261057, -0.8635040790744952233, -1.495632937500000592 ) ) ;
#2103 =( BOUNDED_CURVE ( )  B_SPLINE_CURVE ( 2, ( #3566, #1251, #972, #2706, #2419, #3585, #986 ),
 .UNSPECIFIED., .F., .F. ) 
 B_SPLINE_CURVE_WITH_KNOTS ( ( 3, 2, 2, 3 ),
 ( 0.6388888888888888395, 0.6481481481481481399, 0.6574074074074074403, 0.6666666666666666297 ),
 .UNSPECIFIED. ) 
 CURVE ( )  GEOMETRIC_REPRESENTATION_ITEM ( )  RATIONAL_B_SPLINE_CURVE ( ( 1.000000000000000000, 0.8660254037844387076, 1.000000000000000000, 0.8660254037844387076, 1.000000000000000000, 0.8660254037844387076, 1.000000000000000000 ) ) 
 REPRESENTATION_ITEM ( '' )  );
#2104 = VERTEX_POINT ( 'NONE', #1816 ) ;
#2105 = CARTESIAN_POINT ( 'NONE',  ( 3.294904427394797164, 1.060881119635937564, 0.6125000000000001554 ) ) ;
#2106 = CARTESIAN_POINT ( 'NONE',  ( 2.409487761410928464, 1.831622089608728481E-16, -1.495632937500000148 ) ) ;
#2107 = EDGE_CURVE ( 'NONE', #3673, #1350, #39, .T. ) ;
#2108 = CARTESIAN_POINT ( 'NONE',  ( 7.617821094744260613, 0.8635040790744956674, 1.495632937500000148 ) ) ;
#2109 = CARTESIAN_POINT ( 'NONE',  ( 6.388654428077594538, -1.295256118611743501, -0.7478164687500007402 ) ) ;
#2110 = CARTESIAN_POINT ( 'NONE',  ( 8.451154428077595426, 0.8635040790744962225, -1.495632937499999704 ) ) ;
#2111 = CARTESIAN_POINT ( 'NONE',  ( 2.128237762093723617, -1.414508159514583197, -2.598409334876022102E-16 ) ) ;
#2112 = CARTESIAN_POINT ( 'NONE',  ( -0.8749341962409943330, 4.176899044412447981E-16, 3.410696902421635368 ) ) ;
#2113 =( BOUNDED_CURVE ( )  B_SPLINE_CURVE ( 2, ( #1123, #3454, #1649, #1143, #2269, #3668, #538 ),
 .UNSPECIFIED., .F., .T. ) 
 B_SPLINE_CURVE_WITH_KNOTS ( ( 3, 2, 2, 3 ),
 ( 0.3055555555555555247, 0.3148148148148147696, 0.3240740740740740700, 0.3333333333333333148 ),
 .UNSPECIFIED. ) 
 CURVE ( )  GEOMETRIC_REPRESENTATION_ITEM ( )  RATIONAL_B_SPLINE_CURVE ( ( 1.000000000000000888, 0.8660254037844379305, 1.000000000000000000, 0.8660254037844387076, 1.000000000000000000, 0.8660254037844387076, 1.000000000000000000 ) ) 
 REPRESENTATION_ITEM ( '' )  );
#2114 = CARTESIAN_POINT ( 'NONE',  ( 2.628237760728131089, 1.500192328955507931E-16, -1.225000000000000089 ) ) ;
#2115 = CARTESIAN_POINT ( 'NONE',  ( 0.8261544280775949822, -1.295256118611743501, -0.7478164687500007402 ) ) ;
#2116 = CARTESIAN_POINT ( 'NONE',  ( 3.253237760728130645, 1.414508159514583197, 8.661364449586740749E-17 ) ) ;
#2117 = CARTESIAN_POINT ( 'NONE',  ( 5.659487761410927575, 0.000000000000000000, 1.495632937500000148 ) ) ;
#2118 = EDGE_LOOP ( 'NONE', ( #2730, #3591, #2153 ) ) ;
#2119 = CARTESIAN_POINT ( 'NONE',  ( 2.168404344971008868E-16, 0.5773502691896258421, 0.9999999999999997780 ) ) ;
#2120 = CARTESIAN_POINT ( 'NONE',  ( 7.409487762776461039, 2.829943561418909628E-08, -1.495632937500000148 ) ) ;
#2121 = VERTEX_POINT ( 'NONE', #675 ) ;
#2122 = CARTESIAN_POINT ( 'NONE',  ( -2.889223464999396725E-16, 0.05426385379685155774, 1.223797546235125377 ) ) ;
#2123 = CARTESIAN_POINT ( 'NONE',  ( 3.659487761410927575, 0.000000000000000000, 1.495632937500000148 ) ) ;
#2124 = EDGE_CURVE ( 'NONE', #561, #2028, #2390, .T. ) ;
#2125 = CARTESIAN_POINT ( 'NONE',  ( 6.367821094744260613, -0.8635040790744952233, -1.495632937500000592 ) ) ;
#2126 = FACE_OUTER_BOUND ( 'NONE', #275, .T. ) ;
#2127 = CARTESIAN_POINT ( 'NONE',  ( 8.367821094744261501, -0.8635040790744952233, -1.495632937500000592 ) ) ;
#2128 = CARTESIAN_POINT ( 'NONE',  ( 1.669904428760390802, -1.060881119635937342, -0.6125000000000005995 ) ) ;
#2129 = EDGE_CURVE ( 'NONE', #1219, #979, #797, .T. ) ;
#2130 = PRODUCT_DEFINITION ( 'UNKNOWN', '', #1252, #2258 ) ;
#2131 = CARTESIAN_POINT ( 'NONE',  ( 1.044904427394797608, -1.060881119635937342, -0.6125000000000005995 ) ) ;
#2132 = CARTESIAN_POINT ( 'NONE',  ( 0.7428210947442621670, -1.295256118611744389, 0.7478164687499990748 ) ) ;
#2133 = CARTESIAN_POINT ( 'NONE',  ( 1.503237760728130867, -1.414508159514583197, -2.598409334876022102E-16 ) ) ;
#2134 = CARTESIAN_POINT ( 'NONE',  ( 4.455940929281407092E-16, 0.07753505236629391895, -1.469802926906884633 ) ) ;
#2135 = ORIENTED_EDGE ( 'NONE', *, *, #2317, .F. ) ;
#2136 = CARTESIAN_POINT ( 'NONE',  ( 0.000000000000000000, -1.224075041859135737, 0.04759508270352307696 ) ) ;
#2137 = LINE ( 'NONE', #2366, #704 ) ;
#2138 = CARTESIAN_POINT ( 'NONE',  ( 7.481464366057287485, 1.366300719753325232, -0.5064366781047151544 ) ) ;
#2139 = EDGE_LOOP ( 'NONE', ( #2446, #3098, #3459, #3037 ) ) ;
#2140 = VECTOR ( 'NONE', #3285, 1000.000000000000000 ) ;
#2141 = CARTESIAN_POINT ( 'NONE',  ( 5.003237760728130645, -1.414508159514583197, -2.598409334876022102E-16 ) ) ;
#2142 = CARTESIAN_POINT ( 'NONE',  ( 2.784487761410928020, -1.727008158148991557, -3.172462519467792547E-16 ) ) ;
#2143 = CARTESIAN_POINT ( 'NONE',  ( 7.242821094744260613, -1.295256118611744389, 0.7478164687499990748 ) ) ;
#2144 = CARTESIAN_POINT ( 'NONE',  ( 6.378237760728129757, 0.000000000000000000, 1.225000000000000089 ) ) ;
#2145 = CARTESIAN_POINT ( 'NONE',  ( 0.2636544280775945381, -0.8635040790744966666, 1.495632937499999704 ) ) ;
#2146 = CARTESIAN_POINT ( 'NONE',  ( 2.253237762093724061, 1.500192328955507931E-16, -1.225000000000000089 ) ) ;
#2147 = CARTESIAN_POINT ( 'NONE',  ( 7.823479891729840929, 0.7640505431741605458, -1.010901760220691559 ) ) ;
#2148 = SHAPE_DEFINITION_REPRESENTATION ( #1132, #393 ) ;
#2149 = CARTESIAN_POINT ( 'NONE',  ( 1.336571094061464127, 0.7072540797572914872, 1.225000000000000089 ) ) ;
#2150 = CARTESIAN_POINT ( 'NONE',  ( -0.007178905255738471380, 1.295256118611743723, -0.7478164687499997410 ) ) ;
#2151 = CARTESIAN_POINT ( 'NONE',  ( 0.8365710940614646818, 0.7072540797572914872, 1.225000000000000089 ) ) ;
#2152 = CARTESIAN_POINT ( 'NONE',  ( 6.951154428077595426, 0.8635040790744962225, -1.495632937499999704 ) ) ;
#2153 = ORIENTED_EDGE ( 'NONE', *, *, #2723, .F. ) ;
#2154 = CARTESIAN_POINT ( 'NONE',  ( -4.666666666666662522, 0.000000000000000000, 0.000000000000000000 ) ) ;
#2155 = CARTESIAN_POINT ( 'NONE',  ( 6.263654428077594538, -0.8635040790744966666, 1.495632937499999704 ) ) ;
#2156 = DIRECTION ( 'NONE',  ( 1.000000000000000000, 0.000000000000000000, 0.000000000000000000 ) ) ;
#2157 = CARTESIAN_POINT ( 'NONE',  ( 0.3053210947442618339, -1.295256118611744389, 0.7478164687499990748 ) ) ;
#2158 = TOROIDAL_SURFACE ( 'NONE', #1246, 3.250000000000000444, 0.2500000000000000000 ) ;
#2159 = VERTEX_POINT ( 'NONE', #2444 ) ;
#2160 = CARTESIAN_POINT ( 'NONE',  ( -4.666666666666662522, 0.000000000000000000, 0.000000000000000000 ) ) ;
#2161 = EDGE_CURVE ( 'NONE', #2543, #3445, #400, .T. ) ;
#2162 = CARTESIAN_POINT ( 'NONE',  ( 3.242821094744261057, -1.295256118611744389, 0.7478164687499990748 ) ) ;
#2163 = CARTESIAN_POINT ( 'NONE',  ( 4.117821094744260613, 0.8635040790744956674, 1.495632937500000148 ) ) ;
#2164 = CARTESIAN_POINT ( 'NONE',  ( 7.305321094744261501, -1.295256118611744389, 0.7478164687499990748 ) ) ;
#2165 = CARTESIAN_POINT ( 'NONE',  ( 8.617821094744261501, 0.8635040790744956674, 1.495632937500000148 ) ) ;
#2166 = CARTESIAN_POINT ( 'NONE',  ( -0.2050955712396100583, 0.7072540797572920424, -1.224999999999999867 ) ) ;
#2167 = CARTESIAN_POINT ( 'NONE',  ( 0.8782377607281302012, 0.000000000000000000, 1.225000000000000089 ) ) ;
#2168 = APPLICATION_PROTOCOL_DEFINITION ( 'draft international standard', 'automotive_design', 1998, #1223 ) ;
#2169 = CARTESIAN_POINT ( 'NONE',  ( 2.169904427394796720, 0.7072540797572920424, -1.224999999999999867 ) ) ;
#2170 = CARTESIAN_POINT ( 'NONE',  ( 8.461571095427055766, 0.7072540797572914872, 1.225000000000000089 ) ) ;
#2171 = DIRECTION ( 'NONE',  ( 0.000000000000000000, 0.000000000000000000, -1.000000000000000000 ) ) ;
#2172 = CARTESIAN_POINT ( 'NONE',  ( 5.742821094744261501, -1.295256118611744389, 0.7478164687499990748 ) ) ;
#2173 = ORIENTED_EDGE ( 'NONE', *, *, #436, .F. ) ;
#2174 = DIRECTION ( 'NONE',  ( -1.000000000000000000, -0.000000000000000000, -0.000000000000000000 ) ) ;
#2175 = CARTESIAN_POINT ( 'NONE',  ( 5.763654428077594538, -0.8635040790744966666, 1.495632937499999704 ) ) ;
#2176 = CARTESIAN_POINT ( 'NONE',  ( 0.3365710940614654589, 0.7072540797572814952, 1.225000000000016964 ) ) ;
#2177 = CARTESIAN_POINT ( 'NONE',  ( 4.169904427394796720, 0.7072540797572920424, -1.224999999999999867 ) ) ;
#2178 = CARTESIAN_POINT ( 'NONE',  ( 0.7636544280775949822, -0.8635040790744966666, 1.495632937499999704 ) ) ;
#2179 = ORIENTED_EDGE ( 'NONE', *, *, #941, .F. ) ;
#2180 = VERTEX_POINT ( 'NONE', #1014 ) ;
#2181 = LINE ( 'NONE', #1372, #2774 ) ;
#2182 = CARTESIAN_POINT ( 'NONE',  ( 4.659487761410927575, 0.000000000000000000, 1.495632937500000148 ) ) ;
#2183 = CARTESIAN_POINT ( 'NONE',  ( 5.930321094744261501, -0.8635040790744953343, -1.495632937500000592 ) ) ;
#2184 = CARTESIAN_POINT ( 'NONE',  ( -0.06967890525573852689, -0.8635040790744952233, -1.495632937500000592 ) ) ;
#2185 = CARTESIAN_POINT ( 'NONE',  ( 8.294904427394797608, 1.060881119635937564, 0.6125000000000001554 ) ) ;
#2186 = FACE_OUTER_BOUND ( 'NONE', #310, .T. ) ;
#2187 = CARTESIAN_POINT ( 'NONE',  ( 6.638654428077595426, 1.295256118611743723, 0.7478164687500002961 ) ) ;
#2188 = CARTESIAN_POINT ( 'NONE',  ( -0.1321789052557385824, -0.8635040790744952233, -1.495632937500000592 ) ) ;
#2189 = DIRECTION ( 'NONE',  ( -0.000000000000000000, 0.8660254037844385966, 0.5000000000000003331 ) ) ;
#2190 = CARTESIAN_POINT ( 'NONE',  ( 5.492821094744261501, 1.295256118611743723, -0.7478164687499997410 ) ) ;
#2191 = ORIENTED_EDGE ( 'NONE', *, *, #3230, .F. ) ;
#2192 = CARTESIAN_POINT ( 'NONE',  ( -0.09051223858907130049, 1.831622089608728481E-16, -1.495632937500000148 ) ) ;
#2193 = CARTESIAN_POINT ( 'NONE',  ( 7.138654428077594538, 1.295256118611743723, 0.7478164687500002961 ) ) ;
#2194 = CARTESIAN_POINT ( 'NONE',  ( 5.461571094061463683, -1.060881119635938008, 0.6124999999999992673 ) ) ;
#2195 = CYLINDRICAL_SURFACE ( 'NONE', #3073, 1.225000000000000089 ) ;
#2196 = LINE ( 'NONE', #239, #2630 ) ;
#2197 = CARTESIAN_POINT ( 'NONE',  ( 4.867821094744260613, -0.8635040790744952233, -1.495632937500000592 ) ) ;
#2198 = CARTESIAN_POINT ( 'NONE',  ( 4.930321094744261501, -0.8635040790744953343, -1.495632937500000592 ) ) ;
#2199 = CARTESIAN_POINT ( 'NONE',  ( 4.294904428760391468, 0.7072540797572970384, -1.224999999999991207 ) ) ;
#2200 = CARTESIAN_POINT ( 'NONE',  ( 8.117821094744263277, 0.8635040790744956674, 1.495632937500000148 ) ) ;
#2201 = AXIS2_PLACEMENT_3D ( 'NONE', #2784, #2189, #2802 ) ;
#2202 = ADVANCED_FACE ( 'NONE', ( #3302 ), #3736, .T. ) ;
#2203 = AXIS2_PLACEMENT_3D ( 'NONE', #1966, #3746, #1703 ) ;
#2204 = CARTESIAN_POINT ( 'NONE',  ( 6.721987761410927575, 0.000000000000000000, 1.495632937500000148 ) ) ;
#2205 = CARTESIAN_POINT ( 'NONE',  ( 7.669904428760389692, -1.060881119635937342, -0.6125000000000005995 ) ) ;
#2206 = CARTESIAN_POINT ( 'NONE',  ( 1.794904428760390136, 0.7072540797572920424, -1.224999999999999645 ) ) ;
#2207 = CARTESIAN_POINT ( 'NONE',  ( 4.576154428077594538, 1.295256118611743723, 0.7478164687500002961 ) ) ;
#2208 =( BOUNDED_CURVE ( )  B_SPLINE_CURVE ( 2, ( #2289, #2009, #2025, #1722, #883, #2596, #23 ),
 .UNSPECIFIED., .F., .T. ) 
 B_SPLINE_CURVE_WITH_KNOTS ( ( 3, 2, 2, 3 ),
 ( 0.8333333333333332593, 0.8425925925925924487, 0.8518518518518517491, 0.8611111111111110494 ),
 .UNSPECIFIED. ) 
 CURVE ( )  GEOMETRIC_REPRESENTATION_ITEM ( )  RATIONAL_B_SPLINE_CURVE ( ( 1.000000000000001554, 0.8660254037844371533, 1.000000000000000000, 0.8660254037844387076, 1.000000000000000000, 0.8660254037844402619, 0.9999999999999984457 ) ) 
 REPRESENTATION_ITEM ( '' )  );
#2209 = ORIENTED_EDGE ( 'NONE', *, *, #1274, .T. ) ;
#2210 = CARTESIAN_POINT ( 'NONE',  ( 0.08657109542705744565, -1.060881119635938008, 0.6124999999999992673 ) ) ;
#2211 = CARTESIAN_POINT ( 'NONE',  ( 6.180321094744261501, 0.8635040790744956674, 1.495632937500000148 ) ) ;
#2212 = CARTESIAN_POINT ( 'NONE',  ( 0.04490442739479676149, -1.060881119635937342, -0.6125000000000005995 ) ) ;
#2213 = CARTESIAN_POINT ( 'NONE',  ( 7.577167027044871439, 0.8135212604725268193, -1.151109221331586108 ) ) ;
#2214 = EDGE_CURVE ( 'NONE', #3227, #3337, #1848, .T. ) ;
#2215 = CONICAL_SURFACE ( 'NONE', #3753, 577.3502691896277383, 0.5235987755983003700 ) ;
#2216 = CARTESIAN_POINT ( 'NONE',  ( 1.659487761410927575, 0.000000000000000000, 1.495632937500000148 ) ) ;
#2217 = UNCERTAINTY_MEASURE_WITH_UNIT (LENGTH_MEASURE( 1.000000000000000082E-05 ), #2420, 'distance_accuracy_value', 'NONE');
#2218 = CARTESIAN_POINT ( 'NONE',  ( 2.992821094744261501, 1.295256118611743723, -0.7478164687499997410 ) ) ;
#2219 = CARTESIAN_POINT ( 'NONE',  ( 4.055321094744261501, 1.295256118611743723, -0.7478164687499997410 ) ) ;
#2220 = EDGE_CURVE ( 'NONE', #2159, #882, #1875, .T. ) ;
#2221 = CARTESIAN_POINT ( 'NONE',  ( 2.503237762093723173, 0.000000000000000000, 1.225000000000000089 ) ) ;
#2222 = CARTESIAN_POINT ( 'NONE',  ( 4.461571095427056655, 0.7072540797572914872, 1.225000000000000089 ) ) ;
#2223 = CARTESIAN_POINT ( 'NONE',  ( 4.586571094061463683, -0.7072540797572862692, -1.225000000000008749 ) ) ;
#2224 = CARTESIAN_POINT ( 'NONE',  ( 7.930321094744261501, -0.8635040790744952233, -1.495632937500000592 ) ) ;
#2225 = CARTESIAN_POINT ( 'NONE',  ( 6.086571095427056655, -1.060881119635938008, 0.6124999999999992673 ) ) ;
#2226 = CARTESIAN_POINT ( 'NONE',  ( 5.711571094061463683, 1.060881119635937564, -0.6124999999999997113 ) ) ;
#2227 = CARTESIAN_POINT ( 'NONE',  ( 3.992821094744261501, 1.295256118611743723, -0.7478164687499997410 ) ) ;
#2228 = ORIENTED_EDGE ( 'NONE', *, *, #3603, .T. ) ;
#2229 = CARTESIAN_POINT ( 'NONE',  ( 2.878237760728130201, 0.000000000000000000, 1.225000000000000089 ) ) ;
#2230 = CARTESIAN_POINT ( 'NONE',  ( 5.638654428077593650, 1.295256118611743723, 0.7478164687500002961 ) ) ;
#2231 = EDGE_CURVE ( 'NONE', #713, #2249, #2137, .T. ) ;
#2232 = CARTESIAN_POINT ( 'NONE',  ( 5.211571094061463683, 1.060881119635937564, -0.6124999999999997113 ) ) ;
#2233 = CARTESIAN_POINT ( 'NONE',  ( 7.715367507053036533, 1.296047063017642609, 0.2602070806036168027 ) ) ;
#2234 =( BOUNDED_CURVE ( )  B_SPLINE_CURVE ( 2, ( #2566, #1130, #3440, #852, #1994, #3157, #562 ),
 .UNSPECIFIED., .F., .T. ) 
 B_SPLINE_CURVE_WITH_KNOTS ( ( 3, 2, 2, 3 ),
 ( 0.5555555555555555802, 0.5648148148148146586, 0.5740740740740739589, 0.5833333333333331483 ),
 .UNSPECIFIED. ) 
 CURVE ( )  GEOMETRIC_REPRESENTATION_ITEM ( )  RATIONAL_B_SPLINE_CURVE ( ( 1.000000000000000000, 0.8660254037844387076, 1.000000000000000000, 0.8660254037844387076, 1.000000000000000000, 0.8660254037844419273, 0.9999999999999967804 ) ) 
 REPRESENTATION_ITEM ( '' )  );
#2235 = ORIENTED_EDGE ( 'NONE', *, *, #1699, .F. ) ;
#2236 = CARTESIAN_POINT ( 'NONE',  ( 2.044904427394797608, -1.060881119635937342, -0.6125000000000005995 ) ) ;
#2237 = FACE_OUTER_BOUND ( 'NONE', #446, .T. ) ;
#2238 = CARTESIAN_POINT ( 'NONE',  ( 4.159487761410928464, 0.000000000000000000, 1.495632937500000148 ) ) ;
#2239 = CARTESIAN_POINT ( 'NONE',  ( 4.971987761410927575, 1.831622089608728481E-16, -1.495632937500000148 ) ) ;
#2240 = DIRECTION ( 'NONE',  ( 0.000000000000000000, 0.000000000000000000, -1.000000000000000000 ) ) ;
#2241 = CARTESIAN_POINT ( 'NONE',  ( -0.8749341962409943330, 0.000000000000000000, -3.410696902421635368 ) ) ;
#2242 = CARTESIAN_POINT ( 'NONE',  ( 8.659487761410927575, 0.000000000000000000, 1.495632937500000148 ) ) ;
#2243 = CARTESIAN_POINT ( 'NONE',  ( 8.430321094744261501, -0.8635040790744952233, -1.495632937500000592 ) ) ;
#2244 = CARTESIAN_POINT ( 'NONE',  ( 6.753237762093723617, 1.500192328955507931E-16, -1.225000000000000089 ) ) ;
#2245 = CARTESIAN_POINT ( 'NONE',  ( 2.794904428760390136, 0.7072540797572920424, -1.224999999999999645 ) ) ;
#2246 = CARTESIAN_POINT ( 'NONE',  ( 3.201154428077594538, -0.8635040790744965555, 1.495632937499999704 ) ) ;
#2247 = EDGE_CURVE ( 'NONE', #1554, #3464, #1728, .T. ) ;
#2248 = CARTESIAN_POINT ( 'NONE',  ( 6.253237762093723617, 1.500192328955507931E-16, -1.225000000000000089 ) ) ;
#2249 = VERTEX_POINT ( 'NONE', #140 ) ;
#2250 = CARTESIAN_POINT ( 'NONE',  ( 3.680321094744261057, 0.8635040790744956674, 1.495632937500000148 ) ) ;
#2251 = DIRECTION ( 'NONE',  ( -0.000000000000000000, 1.000000000000000000, 1.224646799147353207E-16 ) ) ;
#2252 = EDGE_CURVE ( 'NONE', #3514, #1332, #1538, .T. ) ;
#2253 = ADVANCED_FACE ( 'NONE', ( #2694 ), #3248, .T. ) ;
#2254 = VERTEX_POINT ( 'NONE', #1557 ) ;
#2255 = LINE ( 'NONE', #3420, #1904 ) ;
#2256 =( BOUNDED_CURVE ( )  B_SPLINE_CURVE ( 2, ( #2541, #2892, #1454, #2606, #1513, #1105, #3505 ),
 .UNSPECIFIED., .F., .F. ) 
 B_SPLINE_CURVE_WITH_KNOTS ( ( 3, 2, 2, 3 ),
 ( 0.5833333333333331483, 0.5925925925925923377, 0.6018518518518517491, 0.6111111111111110494 ),
 .UNSPECIFIED. ) 
 CURVE ( )  GEOMETRIC_REPRESENTATION_ITEM ( )  RATIONAL_B_SPLINE_CURVE ( ( 1.000000000000003109, 0.8660254037844354880, 1.000000000000000000, 0.8660254037844387076, 1.000000000000000000, 0.8660254037844402619, 0.9999999999999984457 ) ) 
 REPRESENTATION_ITEM ( '' )  );
#2257 = CARTESIAN_POINT ( 'NONE',  ( 0.07615442807759435773, 1.295256118611743723, 0.7478164687500002961 ) ) ;
#2258 = PRODUCT_DEFINITION_CONTEXT ( 'detailed design', #1223, 'design' ) ;
#2259 = CARTESIAN_POINT ( 'NONE',  ( 0.3678210947442618339, -0.8635040790744952233, -1.495632937500000592 ) ) ;
#2260 = CARTESIAN_POINT ( 'NONE',  ( 4.471987761410928464, 1.831622089608728481E-16, -1.495632937500000148 ) ) ;
#2261 = CARTESIAN_POINT ( 'NONE',  ( 7.720582018054245488, -1.168987884566748070, -0.6289580204040073896 ) ) ;
#2262 = CARTESIAN_POINT ( 'NONE',  ( 5.753237760728130645, 1.414508159514583197, 8.661364449586740749E-17 ) ) ;
#2263 = CARTESIAN_POINT ( 'NONE',  ( 7.534487761410927575, 1.727008158148991557, 1.057487506489264306E-16 ) ) ;
#2264 = CARTESIAN_POINT ( 'NONE',  ( 6.680321094744261501, 0.8635040790744956674, 1.495632937500000148 ) ) ;
#2265 = CARTESIAN_POINT ( 'NONE',  ( 6.003237762093722729, 0.000000000000000000, 1.225000000000000089 ) ) ;
#2266 = AXIS2_PLACEMENT_3D ( 'NONE', #487, #2548, #3714 ) ;
#2267 = CARTESIAN_POINT ( 'NONE',  ( 7.721987761410927575, 0.000000000000000000, 1.495632937500000148 ) ) ;
#2268 = CARTESIAN_POINT ( 'NONE',  ( 2.617821094744261057, 0.8635040790744956674, 1.495632937500000148 ) ) ;
#2269 = CARTESIAN_POINT ( 'NONE',  ( 5.586571095427057543, -1.060881119635938008, 0.6124999999999992673 ) ) ;
#2270 = ORIENTED_EDGE ( 'NONE', *, *, #1426, .F. ) ;
#2271 = CARTESIAN_POINT ( 'NONE',  ( 2.805321094744261501, -1.295256118611744389, 0.7478164687499990748 ) ) ;
#2272 = DIRECTION ( 'NONE',  ( -1.000000000000000000, -0.000000000000000000, -0.000000000000000000 ) ) ;
#2273 = CARTESIAN_POINT ( 'NONE',  ( 7.878237760728122652, 1.552392554547140852E-30, 1.224999999999987876 ) ) ;
#2274 = EDGE_CURVE ( 'NONE', #253, #271, #3363, .T. ) ;
#2275 = ORIENTED_EDGE ( 'NONE', *, *, #1658, .T. ) ;
#2276 = CARTESIAN_POINT ( 'NONE',  ( 6.336571094061465459, 0.7072540797572914872, 1.225000000000000089 ) ) ;
#2277 = CARTESIAN_POINT ( 'NONE',  ( 0.9511544280775949822, 0.8635040790744962225, -1.495632937499999704 ) ) ;
#2278 = CARTESIAN_POINT ( 'NONE',  ( 2.826154428077594982, -1.295256118611743501, -0.7478164687500007402 ) ) ;
#2279 = CARTESIAN_POINT ( 'NONE',  ( 0.9719877614109279085, 1.831622089608728481E-16, -1.495632937500000148 ) ) ;
#2280 = CARTESIAN_POINT ( 'NONE',  ( 7.336571094061463683, 0.7072540797572914872, 1.225000000000000089 ) ) ;
#2281 = CARTESIAN_POINT ( 'NONE',  ( 6.034487761410928464, 1.727008158148991557, 1.057487506489264306E-16 ) ) ;
#2282 = VECTOR ( 'NONE', #2679, 1000.000000000000000 ) ;
#2283 = CARTESIAN_POINT ( 'NONE',  ( 4.138654428077594538, 1.295256118611743723, 0.7478164687500002961 ) ) ;
#2284 = CARTESIAN_POINT ( 'NONE',  ( 7.544904428760389692, -0.7072540797572921534, 1.224999999999999867 ) ) ;
#2285 = CARTESIAN_POINT ( 'NONE',  ( 2.451154428077594538, 0.8635040790744962225, -1.495632937499999704 ) ) ;
#2286 = CARTESIAN_POINT ( 'NONE',  ( 4.669904427394798496, 0.7072540797572970384, -1.224999999999991207 ) ) ;
#2287 = ORIENTED_EDGE ( 'NONE', *, *, #48, .T. ) ;
#2288 = CARTESIAN_POINT ( 'NONE',  ( 4.471987761410928464, 1.831622089608728481E-16, -1.495632937500000148 ) ) ;
#2289 = CARTESIAN_POINT ( 'NONE',  ( 1.003237762093723839, 0.000000000000000000, 1.225000000000000089 ) ) ;
#2290 = CARTESIAN_POINT ( 'NONE',  ( 2.168404344971008868E-16, 0.5773502691896258421, 0.9999999999999997780 ) ) ;
#2291 = EDGE_CURVE ( 'NONE', #943, #3356, #1708, .T. ) ;
#2292 = ORIENTED_EDGE ( 'NONE', *, *, #2274, .F. ) ;
#2293 = CARTESIAN_POINT ( 'NONE',  ( 7.128237760728130645, 1.500192328955507931E-16, -1.225000000000000089 ) ) ;
#2294 = CARTESIAN_POINT ( 'NONE',  ( 2.471377641308081726E-17, 1.361539963777916640, -0.6189723828819091445 ) ) ;
#2295 = CARTESIAN_POINT ( 'NONE',  ( 2.263654428077594538, -0.8635040790744965555, 1.495632937499999704 ) ) ;
#2296 = ORIENTED_EDGE ( 'NONE', *, *, #1953, .T. ) ;
#2297 = CARTESIAN_POINT ( 'NONE',  ( 6.169904427394797608, 0.7072540797572920424, -1.224999999999999867 ) ) ;
#2298 = CARTESIAN_POINT ( 'NONE',  ( 6.742821094744261501, -1.295256118611744389, 0.7478164687499990748 ) ) ;
#2299 = CARTESIAN_POINT ( 'NONE',  ( 5.180321094744261501, 0.8635040790744956674, 1.495632937500000148 ) ) ;
#2300 = CARTESIAN_POINT ( 'NONE',  ( 4.669904428760390580, -1.060881119635937342, -0.6125000000000005995 ) ) ;
#2301 = DIRECTION ( 'NONE',  ( 0.000000000000000000, 0.000000000000000000, 1.000000000000000000 ) ) ;
#2302 = ORIENTED_EDGE ( 'NONE', *, *, #3563, .F. ) ;
#2303 = DIRECTION ( 'NONE',  ( 0.000000000000000000, 0.000000000000000000, -1.000000000000000000 ) ) ;
#2304 = CARTESIAN_POINT ( 'NONE',  ( 1.753237762093723617, 1.500192328955507931E-16, -1.225000000000000089 ) ) ;
#2305 = ORIENTED_EDGE ( 'NONE', *, *, #1110, .F. ) ;
#2306 = DIRECTION ( 'NONE',  ( -1.000000000000000000, -0.000000000000000000, -0.000000000000000000 ) ) ;
#2307 = CARTESIAN_POINT ( 'NONE',  ( 2.846987761410928020, -1.727008158148991557, -3.172462519467792547E-16 ) ) ;
#2308 = CARTESIAN_POINT ( 'NONE',  ( 1.596987761410928242, 1.727008158148991335, 1.057487506489264306E-16 ) ) ;
#2309 = VERTEX_POINT ( 'NONE', #1353 ) ;
#2310 = SURFACE_STYLE_USAGE ( .BOTH. , #3502 ) ;
#2311 = CARTESIAN_POINT ( 'NONE',  ( 6.419904427394796720, -0.7072540797572921534, 1.224999999999999867 ) ) ;
#2312 = CARTESIAN_POINT ( 'NONE',  ( 5.284487761410928464, -1.727008158148991557, -3.172462519467792547E-16 ) ) ;
#2313 = CARTESIAN_POINT ( 'NONE',  ( 7.628237762093723617, -1.414508159514583197, -2.598409334876022102E-16 ) ) ;
#2314 = CARTESIAN_POINT ( 'NONE',  ( 4.888654428077595426, -1.295256118611743501, -0.7478164687500007402 ) ) ;
#2315 = CARTESIAN_POINT ( 'NONE',  ( 2.794904428760390136, 0.7072540797572920424, -1.224999999999999867 ) ) ;
#2316 = CARTESIAN_POINT ( 'NONE',  ( 8.138654428077595426, 1.295256118611743723, 0.7478164687500002961 ) ) ;
#2317 = EDGE_CURVE ( 'NONE', #2254, #2678, #1464, .T. ) ;
#2318 = VECTOR ( 'NONE', #1758, 1000.000000000000000 ) ;
#2319 = FACE_OUTER_BOUND ( 'NONE', #785, .T. ) ;
#2320 = ORIENTED_EDGE ( 'NONE', *, *, #84, .T. ) ;
#2321 = ADVANCED_FACE ( 'NONE', ( #1651 ), #1055, .F. ) ;
#2322 = CARTESIAN_POINT ( 'NONE',  ( 7.503237760728131533, -1.414508159514583197, -2.598409334876022102E-16 ) ) ;
#2323 = CARTESIAN_POINT ( 'NONE',  ( 2.168404344971008868E-16, -0.5773502691896257311, -1.000000000000000000 ) ) ;
#2324 = VECTOR ( 'NONE', #3033, 1000.000000000000000 ) ;
#2325 = ORIENTED_EDGE ( 'NONE', *, *, #2810, .F. ) ;
#2326 = CARTESIAN_POINT ( 'NONE',  ( 6.169904427394795832, 0.7072540797572945959, -1.224999999999996092 ) ) ;
#2327 = CARTESIAN_POINT ( 'NONE',  ( 2.721987761410927575, 0.000000000000000000, 1.495632937500000148 ) ) ;
#2328 = ADVANCED_FACE ( 'NONE', ( #3397 ), #2027, .T. ) ;
#2329 =( BOUNDED_CURVE ( )  B_SPLINE_CURVE ( 2, ( #262, #857, #548, #3064, #1693, #2834, #1623 ),
 .UNSPECIFIED., .F., .F. ) 
 B_SPLINE_CURVE_WITH_KNOTS ( ( 3, 2, 2, 3 ),
 ( 0.1666666666666666019, 0.1759259259259258745, 0.1851851851851851471, 0.1944444444444444198 ),
 .UNSPECIFIED. ) 
 CURVE ( )  GEOMETRIC_REPRESENTATION_ITEM ( )  RATIONAL_B_SPLINE_CURVE ( ( 1.000000000000000888, 0.8660254037844379305, 1.000000000000000000, 0.8660254037844387076, 1.000000000000000000, 0.8660254037844391517, 0.9999999999999995559 ) ) 
 REPRESENTATION_ITEM ( '' )  );
#2330 = CARTESIAN_POINT ( 'NONE',  ( 2.180321094744261945, 0.8635040790744956674, 1.495632937500000148 ) ) ;
#2331 = ORIENTED_EDGE ( 'NONE', *, *, #41, .T. ) ;
#2332 = CARTESIAN_POINT ( 'NONE',  ( 4.878237760728130645, 0.000000000000000000, 1.225000000000000089 ) ) ;
#2333 = CARTESIAN_POINT ( 'NONE',  ( 7.294904427394796720, 1.060881119635937564, 0.6125000000000001554 ) ) ;
#2334 = CARTESIAN_POINT ( 'NONE',  ( 6.326154428077594538, -1.295256118611743501, -0.7478164687500007402 ) ) ;
#2335 = CARTESIAN_POINT ( 'NONE',  ( 0.5449044273947971639, -1.060881119635937342, -0.6125000000000005995 ) ) ;
#2336 = CARTESIAN_POINT ( 'NONE',  ( 5.013654428077595426, 0.8635040790744962225, -1.495632937499999704 ) ) ;
#2337 = CARTESIAN_POINT ( 'NONE',  ( 5.169904428760390580, -1.060881119635937342, -0.6125000000000005995 ) ) ;
#2338 = CARTESIAN_POINT ( 'NONE',  ( 7.430321094744261501, -0.8635040790744952233, -1.495632937500000592 ) ) ;
#2339 = VECTOR ( 'NONE', #1413, 1000.000000000000000 ) ;
#2340 = CARTESIAN_POINT ( 'NONE',  ( 1.211571095427057987, -0.7072540797572813842, -1.225000000000017186 ) ) ;
#2341 = VERTEX_POINT ( 'NONE', #789 ) ;
#2342 = CARTESIAN_POINT ( 'NONE',  ( 0.9199044273947974970, -0.7072540797572921534, 1.224999999999999645 ) ) ;
#2343 = CARTESIAN_POINT ( 'NONE',  ( -4.666666666666662522, 0.000000000000000000, 0.000000000000000000 ) ) ;
#2344 = B_SPLINE_CURVE_WITH_KNOTS ( 'NONE', 3,
 ( #2373, #3537, #281, #1509, #1152, #3521 ),
 .UNSPECIFIED., .F., .F.,
 ( 4, 2, 4 ),
 ( 0.000000000000000000, 0.0005898137474311010734, 0.001179627494862202147 ),
 .UNSPECIFIED. ) ;
#2345 = ORIENTED_EDGE ( 'NONE', *, *, #481, .T. ) ;
#2346 = EDGE_CURVE ( 'NONE', #1150, #2935, #807, .T. ) ;
#2347 = CARTESIAN_POINT ( 'NONE',  ( 1.701154428077594982, -0.8635040790744966666, 1.495632937499999704 ) ) ;
#2348 = CARTESIAN_POINT ( 'NONE',  ( 2.168404344971008868E-16, -0.5773502691896253980, 1.000000000000000000 ) ) ;
#2349 = CARTESIAN_POINT ( 'NONE',  ( 0.9303210947442615009, -0.8635040790744952233, -1.495632937500000592 ) ) ;
#2350 = CARTESIAN_POINT ( 'NONE',  ( 1.346987761410928242, -1.727008158148991335, -3.172462519467792547E-16 ) ) ;
#2351 = ORIENTED_EDGE ( 'NONE', *, *, #3304, .T. ) ;
#2352 = CARTESIAN_POINT ( 'NONE',  ( 5.128237760728130645, 1.500192328955507931E-16, -1.225000000000000089 ) ) ;
#2353 = CARTESIAN_POINT ( 'NONE',  ( 4.461571094061463683, -1.060881119635938008, 0.6124999999999992673 ) ) ;
#2354 = CARTESIAN_POINT ( 'NONE',  ( 6.159487761410927575, 0.000000000000000000, 1.495632937500000148 ) ) ;
#2355 =( BOUNDED_CURVE ( )  B_SPLINE_CURVE ( 2, ( #953, #2340, #2594, #1, #590, #1158, #610 ),
 .UNSPECIFIED., .F., .F. ) 
 B_SPLINE_CURVE_WITH_KNOTS ( ( 3, 2, 2, 3 ),
 ( 0.8055555555555553582, 0.8148148148148145475, 0.8240740740740739589, 0.8333333333333332593 ),
 .UNSPECIFIED. ) 
 CURVE ( )  GEOMETRIC_REPRESENTATION_ITEM ( )  RATIONAL_B_SPLINE_CURVE ( ( 1.000000000000003109, 0.8660254037844354880, 1.000000000000000000, 0.8660254037844387076, 1.000000000000000000, 0.8660254037844402619, 0.9999999999999984457 ) ) 
 REPRESENTATION_ITEM ( '' )  );
#2356 = CARTESIAN_POINT ( 'NONE',  ( 7.586571095427057543, -1.060881119635938008, 0.6124999999999992673 ) ) ;
#2357 = CARTESIAN_POINT ( 'NONE',  ( 2.680321094744261501, 0.8635040790744956674, 1.495632937500000148 ) ) ;
#2358 = CARTESIAN_POINT ( 'NONE',  ( 3.971987761410928020, 1.831622089608728481E-16, -1.495632937500000148 ) ) ;
#2359 = CARTESIAN_POINT ( 'NONE',  ( 3.044904428760390136, -0.7072540797572921534, 1.224999999999999867 ) ) ;
#2360 = CYLINDRICAL_SURFACE ( 'NONE', #99, 1.225000000000000089 ) ;
#2361 = ORIENTED_EDGE ( 'NONE', *, *, #2769, .F. ) ;
#2362 = CARTESIAN_POINT ( 'NONE',  ( 1.461571094061464349, -1.060881119635938008, 0.6124999999999992673 ) ) ;
#2363 = DIRECTION ( 'NONE',  ( -1.000000000000000000, -0.000000000000000000, -0.000000000000000000 ) ) ;
#2364 = ORIENTED_EDGE ( 'NONE', *, *, #1166, .T. ) ;
#2365 = CARTESIAN_POINT ( 'NONE',  ( 1.409487761410928242, 1.831622089608728481E-16, -1.495632937500000148 ) ) ;
#2366 = CARTESIAN_POINT ( 'NONE',  ( -4.666666666666662522, 1.500192328955507931E-16, -1.225000000000000089 ) ) ;
#2367 = CARTESIAN_POINT ( 'NONE',  ( 2.263654428077594538, -0.8635040790744966666, 1.495632937499999704 ) ) ;
#2368 = EDGE_CURVE ( 'NONE', #3445, #2028, #3422, .T. ) ;
#2369 = EDGE_CURVE ( 'NONE', #2543, #561, #458, .T. ) ;
#2370 = CARTESIAN_POINT ( 'NONE',  ( 0.7636544280775949822, -0.8635040790744965555, 1.495632937499999704 ) ) ;
#2371 =( BOUNDED_CURVE ( )  B_SPLINE_CURVE ( 2, ( #360, #303, #2665, #2072, #55, #930, #3487 ),
 .UNSPECIFIED., .F., .F. ) 
 B_SPLINE_CURVE_WITH_KNOTS ( ( 3, 2, 2, 3 ),
 ( 0.5277777777777777901, 0.5370370370370370905, 0.5462962962962962798, 0.5555555555555555802 ),
 .UNSPECIFIED. ) 
 CURVE ( )  GEOMETRIC_REPRESENTATION_ITEM ( )  RATIONAL_B_SPLINE_CURVE ( ( 1.000000000000000000, 0.8660254037844387076, 1.000000000000000000, 0.8660254037844387076, 1.000000000000000000, 0.8660254037844387076, 1.000000000000000000 ) ) 
 REPRESENTATION_ITEM ( '' )  );
#2372 = ORIENTED_EDGE ( 'NONE', *, *, #2090, .T. ) ;
#2373 = CARTESIAN_POINT ( 'NONE',  ( -2.146075233711434638E-16, 0.5254777593324171381, -1.400282474425021517 ) ) ;
#2374 = CARTESIAN_POINT ( 'NONE',  ( 4.711571094061463683, 1.060881119635937564, -0.6124999999999997113 ) ) ;
#2375 = CARTESIAN_POINT ( 'NONE',  ( 3.826154428077594094, -1.295256118611743501, -0.7478164687500007402 ) ) ;
#2376 = CARTESIAN_POINT ( 'NONE',  ( 5.701154428077593650, -0.8635040790744966666, 1.495632937499999704 ) ) ;
#2377 = CARTESIAN_POINT ( 'NONE',  ( 3.388654428077594538, -1.295256118611743501, -0.7478164687500007402 ) ) ;
#2378 = APPLICATION_CONTEXT ( 'automotive_design' ) ;
#2379 = CARTESIAN_POINT ( 'NONE',  ( 1.544904428760390580, -0.7072540797572921534, 1.224999999999999867 ) ) ;
#2380 = CARTESIAN_POINT ( 'NONE',  ( 2.586571095427057099, -1.060881119635938008, 0.6124999999999992673 ) ) ;
#2381 =( BOUNDED_CURVE ( )  B_SPLINE_CURVE ( 2, ( #2304, #1501, #3226, #2901, #62, #2099, #1218 ),
 .UNSPECIFIED., .F., .F. ) 
 B_SPLINE_CURVE_WITH_KNOTS ( ( 3, 2, 2, 3 ),
 ( 0.7500000000000000000, 0.7592592592592593004, 0.7685185185185183787, 0.7777777777777776791 ),
 .UNSPECIFIED. ) 
 CURVE ( )  GEOMETRIC_REPRESENTATION_ITEM ( )  RATIONAL_B_SPLINE_CURVE ( ( 1.000000000000000000, 0.8660254037844387076, 1.000000000000000000, 0.8660254037844387076, 1.000000000000000000, 0.8660254037844402619, 0.9999999999999984457 ) ) 
 REPRESENTATION_ITEM ( '' )  );
#2382 = CARTESIAN_POINT ( 'NONE',  ( 2.211571094061464127, 1.060881119635937564, -0.6124999999999997113 ) ) ;
#2383 = CARTESIAN_POINT ( 'NONE',  ( 0.2949044273947969974, 1.060881119635937564, 0.6125000000000001554 ) ) ;
#2384 = CYLINDRICAL_SURFACE ( 'NONE', #3545, 1.225000000000000089 ) ;
#2385 = FACE_OUTER_BOUND ( 'NONE', #295, .T. ) ;
#2386 = ORIENTED_EDGE ( 'NONE', *, *, #1566, .T. ) ;
#2387 = CARTESIAN_POINT ( 'NONE',  ( 1.201154428077594316, -0.8635040790744966666, 1.495632937499999704 ) ) ;
#2388 = EDGE_CURVE ( 'NONE', #2180, #943, #553, .T. ) ;
#2389 = CARTESIAN_POINT ( 'NONE',  ( 1.128237760728130423, 1.500192328955507931E-16, -1.225000000000000089 ) ) ;
#2390 = CIRCLE ( 'NONE', #828, 3.500000000000000000 ) ;
#2391 = EDGE_CURVE ( 'NONE', #1853, #3419, #3634, .T. ) ;
#2392 = CARTESIAN_POINT ( 'NONE',  ( 1.846987761410927797, -1.727008158148991557, -3.172462519467792547E-16 ) ) ;
#2393 = VECTOR ( 'NONE', #235, 1000.000000000000000 ) ;
#2394 = EDGE_LOOP ( 'NONE', ( #466, #1408, #3264, #619 ) ) ;
#2395 = CARTESIAN_POINT ( 'NONE',  ( 2.753237760728131089, 1.414508159514583197, 8.661364449586740749E-17 ) ) ;
#2396 = CARTESIAN_POINT ( 'NONE',  ( 4.836571094061464571, 0.7072540797572914872, 1.225000000000000089 ) ) ;
#2397 = CARTESIAN_POINT ( 'NONE',  ( 3.701154428077594982, -0.8635040790744966666, 1.495632937499999704 ) ) ;
#2398 = CARTESIAN_POINT ( 'NONE',  ( 7.992821094744261501, 1.295256118611743723, -0.7478164687499997410 ) ) ;
#2399 = CARTESIAN_POINT ( 'NONE',  ( 6.888654428077594538, -1.295256118611743501, -0.7478164687500007402 ) ) ;
#2400 = CARTESIAN_POINT ( 'NONE',  ( 1.263654428077594538, -0.8635040790744966666, 1.495632937499999704 ) ) ;
#2401 = CARTESIAN_POINT ( 'NONE',  ( -0.03842890457294265844, 0.7072540797572914872, 1.225000000000000089 ) ) ;
#2402 = CARTESIAN_POINT ( 'NONE',  ( -4.666666666666662522, 0.000000000000000000, 1.225000000000000089 ) ) ;
#2403 = VECTOR ( 'NONE', #515, 1000.000000000000114 ) ;
#2404 = CARTESIAN_POINT ( 'NONE',  ( 2.461571094061463683, -1.060881119635938008, 0.6124999999999992673 ) ) ;
#2405 = CARTESIAN_POINT ( 'NONE',  ( 7.961571095427056655, 0.7072540797572914872, 1.225000000000000089 ) ) ;
#2406 = CARTESIAN_POINT ( 'NONE',  ( 3.419904428760390580, 1.060881119635937564, 0.6125000000000001554 ) ) ;
#2407 = CARTESIAN_POINT ( 'NONE',  ( 7.242821094744260613, -1.295256118611744389, 0.7478164687499990748 ) ) ;
#2408 = ORIENTED_EDGE ( 'NONE', *, *, #1977, .F. ) ;
#2409 = CARTESIAN_POINT ( 'NONE',  ( 3.669904428760389692, -1.060881119635937342, -0.6125000000000005995 ) ) ;
#2410 = DIRECTION ( 'NONE',  ( 1.000000000000000000, 0.000000000000000000, 0.000000000000000000 ) ) ;
#2411 = CARTESIAN_POINT ( 'NONE',  ( 7.596987761752309609, 4.238645306144165953E-32, 1.387379762618237367 ) ) ;
#2412 = ORIENTED_EDGE ( 'NONE', *, *, #1166, .F. ) ;
#2413 = CARTESIAN_POINT ( 'NONE',  ( 4.076154428077594538, 1.295256118611743723, 0.7478164687500002961 ) ) ;
#2414 = EDGE_CURVE ( 'NONE', #2059, #2254, #1074, .T. ) ;
#2415 = CARTESIAN_POINT ( 'NONE',  ( 7.201154428077594538, -0.8635040790744966666, 1.495632937499999704 ) ) ;
#2416 = CARTESIAN_POINT ( 'NONE',  ( 6.596987761410929352, 1.727008158148991335, 1.057487506489264306E-16 ) ) ;
#2417 = CARTESIAN_POINT ( 'NONE',  ( 0.5969877614109275754, 1.727008158148991557, 1.057487506489264306E-16 ) ) ;
#2418 = CARTESIAN_POINT ( 'NONE',  ( 0.9615710954270573207, 0.7072540797572914872, 1.225000000000000089 ) ) ;
#2419 = CARTESIAN_POINT ( 'NONE',  ( 2.961571094061464127, -1.060881119635938008, 0.6124999999999992673 ) ) ;
#2420 =( LENGTH_UNIT ( ) NAMED_UNIT ( * ) SI_UNIT ( .MILLI., .METRE. ) );
#2421 = CARTESIAN_POINT ( 'NONE',  ( 2.544904427394797164, -1.060881119635937342, -0.6125000000000005995 ) ) ;
#2422 = CARTESIAN_POINT ( 'NONE',  ( 0.8678210947442615009, -0.8635040790744952233, -1.495632937500000592 ) ) ;
#2423 = LINE ( 'NONE', #3262, #1302 ) ;
#2424 = CARTESIAN_POINT ( 'NONE',  ( 6.284487761410927575, -1.727008158148991335, -3.172462519467792547E-16 ) ) ;
#2425 = ORIENTED_EDGE ( 'NONE', *, *, #1699, .T. ) ;
#2426 = CARTESIAN_POINT ( 'NONE',  ( -0.1738455719224058504, -1.295256118611743501, -0.7478164687500007402 ) ) ;
#2427 = DIRECTION ( 'NONE',  ( 0.000000000000000000, 0.000000000000000000, 1.000000000000000000 ) ) ;
#2428 = CARTESIAN_POINT ( 'NONE',  ( 7.529428857923055496, 1.298480512352278238, 0.5978751204523722329 ) ) ;
#2429 = ORIENTED_EDGE ( 'NONE', *, *, #2810, .T. ) ;
#2430 = LINE ( 'NONE', #3596, #2282 ) ;
#2431 = CARTESIAN_POINT ( 'NONE',  ( 3.784487761410928020, -1.727008158148991557, -3.172462519467792547E-16 ) ) ;
#2432 = CARTESIAN_POINT ( 'NONE',  ( 6.992821094744260613, 1.295256118611743723, -0.7478164687499997410 ) ) ;
#2433 = DIRECTION ( 'NONE',  ( -1.000000000000000000, -0.000000000000000000, -0.000000000000000000 ) ) ;
#2434 = CARTESIAN_POINT ( 'NONE',  ( 0.09698776141092887992, 1.727008158148991557, 1.057487506489264306E-16 ) ) ;
#2435 = CARTESIAN_POINT ( 'NONE',  ( -0.08009557123960994729, 1.060881119635937564, 0.6125000000000001554 ) ) ;
#2436 = CARTESIAN_POINT ( 'NONE',  ( -2.146075233711434638E-16, 0.5254777593324171381, -1.400282474425021517 ) ) ;
#2437 = CARTESIAN_POINT ( 'NONE',  ( 1.711571094061463683, 1.060881119635937564, -0.6124999999999997113 ) ) ;
#2438 = CARTESIAN_POINT ( 'NONE',  ( 8.336571095427055766, 1.060881119635937564, -0.6124999999999997113 ) ) ;
#2439 = CARTESIAN_POINT ( 'NONE',  ( 1.461571095427057321, 0.7072540797572866023, 1.225000000000008527 ) ) ;
#2440 = EDGE_CURVE ( 'NONE', #3571, #2715, #3653, .T. ) ;
#2441 = ORIENTED_EDGE ( 'NONE', *, *, #2922, .T. ) ;
#2442 = CARTESIAN_POINT ( 'NONE',  ( 0.07615442807759435773, 1.295256118611743723, 0.7478164687500002961 ) ) ;
#2443 = CARTESIAN_POINT ( 'NONE',  ( 7.180321094744260613, 0.8635040790744956674, 1.495632937500000148 ) ) ;
#2444 = CARTESIAN_POINT ( 'NONE',  ( 2.168404344971008868E-16, -1.154700538379251684, -1.842639638432752208E-16 ) ) ;
#2445 = CARTESIAN_POINT ( 'NONE',  ( 0.09698776141092887992, 1.727008158148991557, 1.057487506489264306E-16 ) ) ;
#2446 = ORIENTED_EDGE ( 'NONE', *, *, #1665, .F. ) ;
#2447 = CARTESIAN_POINT ( 'NONE',  ( 5.086571094061462794, -0.7072540797572888227, -1.225000000000004530 ) ) ;
#2448 = CARTESIAN_POINT ( 'NONE',  ( 2.076154428077594538, 1.295256118611743723, 0.7478164687500002961 ) ) ;
#2449 = AXIS2_PLACEMENT_3D ( 'NONE', #1664, #2765, #2822 ) ;
#2450 = CARTESIAN_POINT ( 'NONE',  ( 6.534487761410927575, 1.727008158148991557, 1.057487506489264306E-16 ) ) ;
#2451 = CARTESIAN_POINT ( 'NONE',  ( 4.628237760728130645, 1.500192328955507931E-16, -1.225000000000000089 ) ) ;
#2452 = CARTESIAN_POINT ( 'NONE',  ( 0.9303210947442615009, -0.8635040790744952233, -1.495632937500000592 ) ) ;
#2453 = CARTESIAN_POINT ( 'NONE',  ( 0.2115710954270575428, -0.7072540797572911542, -1.225000000000000533 ) ) ;
#2454 = DIRECTION ( 'NONE',  ( -1.000000000000000000, -0.000000000000000000, -0.000000000000000000 ) ) ;
#2455 = CARTESIAN_POINT ( 'NONE',  ( 2.211571094061464127, 1.060881119635937564, -0.6124999999999997113 ) ) ;
#2456 = CARTESIAN_POINT ( 'NONE',  ( 0.1178210947442616535, 0.8635040790744956674, 1.495632937500000148 ) ) ;
#2457 = PLANE ( 'NONE',  #1905 ) ;
#2458 = CARTESIAN_POINT ( 'NONE',  ( 5.867821094744261501, -0.8635040790744953343, -1.495632937500000592 ) ) ;
#2459 = ORIENTED_EDGE ( 'NONE', *, *, #6, .T. ) ;
#2460 = AXIS2_PLACEMENT_3D ( 'NONE', #3421, #2552, #794 ) ;
#2461 = CARTESIAN_POINT ( 'NONE',  ( 7.488512781036623878, -0.1913937563833277566, -1.440439636918642297 ) ) ;
#2462 = CARTESIAN_POINT ( 'NONE',  ( 5.721987761410927575, 0.000000000000000000, 1.495632937500000148 ) ) ;
#2463 = CARTESIAN_POINT ( 'NONE',  ( 5.378237760728130645, 0.000000000000000000, 1.225000000000000089 ) ) ;
#2464 = CARTESIAN_POINT ( 'NONE',  ( 3.169904427394796720, 0.7072540797572920424, -1.224999999999999867 ) ) ;
#2465 = CARTESIAN_POINT ( 'NONE',  ( 7.581395858050136383, 0.3788148149086718042, 1.357074897015954740 ) ) ;
#2466 = AXIS2_PLACEMENT_3D ( 'NONE', #3251, #997, #2716 ) ;
#2467 = VERTEX_POINT ( 'NONE', #518 ) ;
#2468 = ORIENTED_EDGE ( 'NONE', *, *, #2129, .F. ) ;
#2469 = CARTESIAN_POINT ( 'NONE',  ( 0.4615710954270577648, 0.7072540797572914872, 1.225000000000000089 ) ) ;
#2470 = CARTESIAN_POINT ( 'NONE',  ( 1.826154428077594982, -1.295256118611743501, -0.7478164687500007402 ) ) ;
#2471 = CARTESIAN_POINT ( 'NONE',  ( 4.909487761410927575, 1.831622089608728481E-16, -1.495632937500000148 ) ) ;
#2472 = CARTESIAN_POINT ( 'NONE',  ( 6.721987761410927575, 0.000000000000000000, 1.495632937500000148 ) ) ;
#2473 = CARTESIAN_POINT ( 'NONE',  ( 1.513654428077594760, 0.8635040790744962225, -1.495632937499999704 ) ) ;
#2474 = CARTESIAN_POINT ( 'NONE',  ( 8.378237760728129757, 0.000000000000000000, 1.225000000000000089 ) ) ;
#2475 = CARTESIAN_POINT ( 'NONE',  ( 0.09698776141092886605, 1.727008158148991335, 1.057487506489264306E-16 ) ) ;
#2476 = CARTESIAN_POINT ( 'NONE',  ( 6.430321094744261501, -0.8635040790744952233, -1.495632937500000592 ) ) ;
#2477 = CARTESIAN_POINT ( 'NONE',  ( 0.9511544280775950932, 0.8635040790744962225, -1.495632937499999704 ) ) ;
#2478 = DIRECTION ( 'NONE',  ( -1.000000000000000000, -0.000000000000000000, -0.000000000000000000 ) ) ;
#2479 = CARTESIAN_POINT ( 'NONE',  ( 6.701154428077594538, -0.8635040790744965555, 1.495632937499999704 ) ) ;
#2480 = ORIENTED_EDGE ( 'NONE', *, *, #3169, .F. ) ;
#2481 = LINE ( 'NONE', #1032, #2518 ) ;
#2482 = CARTESIAN_POINT ( 'NONE',  ( 6.596987761410929352, 1.727008158148991557, 1.057487506489264306E-16 ) ) ;
#2483 = CARTESIAN_POINT ( 'NONE',  ( 0.2949044273947969974, 1.060881119635937564, 0.6125000000000001554 ) ) ;
#2484 = CARTESIAN_POINT ( 'NONE',  ( 3.003237760728130645, -1.414508159514583197, -2.598409334876022102E-16 ) ) ;
#2485 = CARTESIAN_POINT ( 'NONE',  ( 0.7219877614109276864, 0.000000000000000000, 1.495632937500000148 ) ) ;
#2486 = EDGE_LOOP ( 'NONE', ( #709, #2191, #1619 ) ) ;
#2487 = CARTESIAN_POINT ( 'NONE',  ( 2.003237760728130201, -1.414508159514583197, -2.598409334876022102E-16 ) ) ;
#2488 = EDGE_CURVE ( 'NONE', #882, #3434, #768, .T. ) ;
#2489 = EDGE_CURVE ( 'NONE', #979, #350, #3014, .T. ) ;
#2490 = CARTESIAN_POINT ( 'NONE',  ( 4.034487761410927575, 1.727008158148991557, 1.057487506489264306E-16 ) ) ;
#2491 = CARTESIAN_POINT ( 'NONE',  ( 3.721987761410927575, 0.000000000000000000, 1.495632937500000148 ) ) ;
#2492 = CARTESIAN_POINT ( 'NONE',  ( 6.919904427394797608, -0.7072540797572921534, 1.224999999999999645 ) ) ;
#2493 = CARTESIAN_POINT ( 'NONE',  ( -2.603375517806320735E-14, 1.322720942155472423, 0.4724638966296014764 ) ) ;
#2494 = CARTESIAN_POINT ( 'NONE',  ( 6.378237762093723617, 1.414508159514583197, 8.661364449586740749E-17 ) ) ;
#2495 =( BOUNDED_CURVE ( )  B_SPLINE_CURVE ( 2, ( #3295, #703, #3007, #2494, #1922, #2781, #779 ),
 .UNSPECIFIED., .F., .F. ) 
 B_SPLINE_CURVE_WITH_KNOTS ( ( 3, 2, 2, 3 ),
 ( 0.2222222222222222099, 0.2314814814814814825, 0.2407407407407407274, 0.2500000000000000000 ),
 .UNSPECIFIED. ) 
 CURVE ( )  GEOMETRIC_REPRESENTATION_ITEM ( )  RATIONAL_B_SPLINE_CURVE ( ( 1.000000000000000000, 0.8660254037844387076, 1.000000000000000000, 0.8660254037844387076, 1.000000000000000000, 0.8660254037844387076, 1.000000000000000000 ) ) 
 REPRESENTATION_ITEM ( '' )  );
#2496 = CARTESIAN_POINT ( 'NONE',  ( 8.680321094744261501, 0.8635040790744956674, 1.495632937500000148 ) ) ;
#2497 = CARTESIAN_POINT ( 'NONE',  ( 6.253237762093723617, 1.500192328955507931E-16, -1.225000000000000089 ) ) ;
#2498 = CARTESIAN_POINT ( 'NONE',  ( 0.8782377607281302012, 0.000000000000000000, 1.225000000000000089 ) ) ;
#2499 = CARTESIAN_POINT ( 'NONE',  ( 3.409487761410928464, 1.831622089608728481E-16, -1.495632937500000148 ) ) ;
#2500 = VERTEX_POINT ( 'NONE', #612 ) ;
#2501 = CARTESIAN_POINT ( 'NONE',  ( 0.1699044287603902748, -1.060881119635937342, -0.6125000000000005995 ) ) ;
#2502 = CARTESIAN_POINT ( 'NONE',  ( 4.763654428077595426, -0.8635040790744966666, 1.495632937499999704 ) ) ;
#2503 = CARTESIAN_POINT ( 'NONE',  ( 5.294904427394796720, 1.060881119635937564, 0.6125000000000001554 ) ) ;
#2504 = CARTESIAN_POINT ( 'NONE',  ( 2.878237760728130201, 0.000000000000000000, 1.225000000000000089 ) ) ;
#2505 = CARTESIAN_POINT ( 'NONE',  ( 7.503237760726072736, -2.781882423163709651E-11, -1.441506350947266091 ) ) ;
#2506 =( BOUNDED_SURFACE ( )  B_SPLINE_SURFACE ( 1, 2, ( 
 ( #2242, #3662, #473, #1677, #838, #1903, #3408, #816, #3124, #1643, #245, #1939, #1958, #2200, #3105, #1083, #2799, #3371, #530, #2836, #1398, #2554, #3085, #2572, #3066, #3721, #1118, #2263, #3427, #3146, #550, #1695, #2854, #264, #1415, #3484, #1137, #2070, #1789, #2909, #1209, #320, #3467, #1715, #910, #2623, #2298, #3219, #1511, #2052, #1471, #31, #3182, #283, #621, #1188, #2334, #604, #3504, #876, #2354, #928, #892, #2281, #2663, #1751, #3449, #15, #302, #2872, #1768, #2889, #3236, #2927, #1453, #2605, #2946, #3200, #1171, #2017, #3523, #2312, #2035, #339, #1490, #2643, #1435, #54, #639, #358, #859, #2001, #3163, #568, #2590, #3761, #1154, #586, #1733, #981, #680, #3597, #3039, #1841, #70, #698, #3578, #1544, #392, #1228, #2413, #448, #414, #2717, #3326, #2701, #2375, #2431, #967, #2397, #2123, #3271, #125, #3002, #107, #2737, #3289, #1580, #1562, #716, #2162, #1600, #736, #3253, #2981, #1805, #1245, #1279, #998, #3558, #3539, #2142, #3307, #1862, #946, #3021, #2088, #430, #2681, #1880, #2106, #1821, #1296, #2964, #662, #145, #375, #1527, #2448, #1019, #1263, #3617, #88, #3640, #2470, #1318, #1041, #2755, #166, #2744, #726, #3029, #3568, #96, #1590, #3278, #116, #688, #2764, #3626, #1254, #706, #988, #1286, #154, #2477, #174, #2422, #2115, #1907, #2132, #1830, #3647, #1270, #3353, #1327, #743, #1610, #420, #3605, #1305, #2708, #1850, #1887, #3048, #2456, #1008, #1572, #2150, #1049, #3587, #2188, #2727, #3315, #402, #3297, #761 ),
 ( #1028, #2170, #3011, #455, #2438, #1869, #135, #438, #3334, #3069, #1551, #476, #2689, #2405, #974, #2990, #1363, #1067, #861, #3684, #2205, #2574, #2801, #2284, #1697, #3430, #552, #3107, #2537, #1680, #1645, #3392, #840, #1985, #533, #3703, #512, #1102, #2856, #212, #1139, #1662, #2244, #3089, #2520, #266, #3126, #1417, #3743, #3451, #2003, #493, #2838, #799, #2497, #1924, #1086, #3373, #2225, #1941, #2265, #3166, #3723, #1120, #2821, #782, #247, #3148, #3664, #1960, #1400, #1628, #231, #2783, #2556, #1380, #3410, #818, #194, #1346, #2337, #3203, #3241, #324, #2075, #35, #1213, #2668, #952, #75, #3763, #3489, #2300, #1735, #913, #1495, #2894, #1718, #1192, #3221, #2056, #3544, #2913, #571, #1475, #3185, #1233, #305, #1174, #1794, #3469, #1156, #2647, #286, #878, #648, #1516, #608, #3507, #2019, #58, #625, #2627, #2095, #2874, #1437, #1773, #2931, #344, #2592, #588, #2359, #1456, #2608, #18, #2953, #3527, #2315, #895, #2038, #933, #363, #2380, #1754, #893, #2985, #985, #397, #3565, #1548, #2146, #2094, #1585, #2111, #2705, #3543, #3258, #3311, #3584, #1866, #434, #722, #3026, #951, #2128, #92, #2952, #2379, #1809, #2667, #668, #2969, #2721, #2741, #417, #1568, #3275, #1232, #3294, #3601, #362, #2418, #702, #149, #971, #3240, #1846, #379, #1531, #113, #2685, #3006, #1267, #684, #1003, #1826, #1300, #130, #1283, #2453, #3621, #2074, #1515, #1250, #74, #2401, #2435, #647, #1793, #2166, #1642, #3680, #1360, #244, #3370, #1024, #778 ) ),
 .UNSPECIFIED., .F., .F., .T. ) 
 B_SPLINE_SURFACE_WITH_KNOTS ( ( 2, 2 ),
 ( 3, 2, 2, 2, 2, 2, 2, 2, 2, 2, 2, 2, 2, 2, 2, 2, 2, 2, 2, 2, 2, 2, 2, 2, 2, 2, 2, 2, 2, 2, 2, 2, 2, 2, 2, 2, 2, 2, 2, 2, 2, 2, 2, 2, 2, 2, 2, 2, 2, 2, 2, 2, 2, 2, 2, 2, 2, 2, 2, 2, 2, 2, 2, 2, 2, 2, 2, 2, 2, 2, 2, 2, 2, 2, 2, 2, 2, 2, 2, 2, 2, 2, 2, 2, 2, 2, 2, 2, 2, 2, 2, 2, 2, 2, 2, 2, 2, 2, 2, 2, 2, 2, 2, 2, 2, 2, 2, 2, 3 ),
 ( 0.000000000000000000, 1.000000000000000000 ),
 ( 0.000000000000000000, 0.009259259259259258745, 0.01851851851851851749, 0.02777777777777777624, 0.03703703703703703498, 0.04629629629629629373, 0.05555555555555555247, 0.06481481481481481122, 0.07407407407407406996, 0.08333333333333332871, 0.09259259259259258745, 0.1018518518518518462, 0.1111111111111111049, 0.1203703703703703637, 0.1296296296296296224, 0.1388888888888888951, 0.1481481481481481399, 0.1574074074074074125, 0.1666666666666666574, 0.1759259259259259300, 0.1851851851851851749, 0.1944444444444444475, 0.2037037037037036924, 0.2129629629629629650, 0.2222222222222222099, 0.2314814814814814825, 0.2407407407407407274, 0.2500000000000000000, 0.2592592592592592449, 0.2685185185185185452, 0.2777777777777777901, 0.2870370370370370350, 0.2962962962962962798, 0.3055555555555555802, 0.3148148148148148251, 0.3240740740740740700, 0.3333333333333333148, 0.3425925925925926152, 0.3518518518518518601, 0.3611111111111111049, 0.3703703703703703498, 0.3796296296296296502, 0.3888888888888888951, 0.3981481481481481399, 0.4074074074074073848, 0.4166666666666666852, 0.4259259259259259300, 0.4351851851851851749, 0.4444444444444444198, 0.4537037037037037202, 0.4629629629629629650, 0.4722222222222222099, 0.4814814814814814548, 0.4907407407407407551, 0.5000000000000000000, 0.5092592592592593004, 0.5185185185185184897, 0.5277777777777777901, 0.5370370370370370905, 0.5462962962962962798, 0.5555555555555555802, 0.5648148148148147696, 0.5740740740740740700, 0.5833333333333333703, 0.5925925925925925597, 0.6018518518518518601, 0.6111111111111111605, 0.6203703703703703498, 0.6296296296296296502, 0.6388888888888888395, 0.6481481481481481399, 0.6574074074074074403, 0.6666666666666666297, 0.6759259259259259300, 0.6851851851851852304, 0.6944444444444444198, 0.7037037037037037202, 0.7129629629629629095, 0.7222222222222222099, 0.7314814814814815103, 0.7407407407407406996, 0.7500000000000000000, 0.7592592592592593004, 0.7685185185185184897, 0.7777777777777777901, 0.7870370370370370905, 0.7962962962962962798, 0.8055555555555555802, 0.8148148148148147696, 0.8240740740740740700, 0.8333333333333333703, 0.8425925925925925597, 0.8518518518518518601, 0.8611111111111111605, 0.8703703703703703498, 0.8796296296296296502, 0.8888888888888888395, 0.8981481481481481399, 0.9074074074074074403, 0.9166666666666666297, 0.9259259259259259300, 0.9351851851851852304, 0.9444444444444444198, 0.9537037037037037202, 0.9629629629629629095, 0.9722222222222222099, 0.9814814814814815103, 0.9907407407407406996, 1.000000000000000000 ),
 .UNSPECIFIED. ) 
 GEOMETRIC_REPRESENTATION_ITEM ( )  RATIONAL_B_SPLINE_SURFACE ( (
 ( 1.000000000000000000, 0.8660254037844387076, 1.000000000000000000, 0.8660254037844387076, 1.000000000000000000, 0.8660254037844387076, 1.000000000000000000, 0.8660254037844387076, 1.000000000000000000, 0.8660254037844387076, 1.000000000000000000, 0.8660254037844387076, 1.000000000000000000, 0.8660254037844387076, 1.000000000000000000, 0.8660254037844387076, 1.000000000000000000, 0.8660254037844387076, 1.000000000000000000, 0.8660254037844387076, 1.000000000000000000, 0.8660254037844387076, 1.000000000000000000, 0.8660254037844387076, 1.000000000000000000, 0.8660254037844387076, 1.000000000000000000, 0.8660254037844387076, 1.000000000000000000, 0.8660254037844387076, 1.000000000000000000, 0.8660254037844387076, 1.000000000000000000, 0.8660254037844387076, 1.000000000000000000, 0.8660254037844387076, 1.000000000000000000, 0.8660254037844387076, 1.000000000000000000, 0.8660254037844387076, 1.000000000000000000, 0.8660254037844387076, 1.000000000000000000, 0.8660254037844387076, 1.000000000000000000, 0.8660254037844387076, 1.000000000000000000, 0.8660254037844387076, 1.000000000000000000, 0.8660254037844387076, 1.000000000000000000, 0.8660254037844387076, 1.000000000000000000, 0.8660254037844387076, 1.000000000000000000, 0.8660254037844387076, 1.000000000000000000, 0.8660254037844387076, 1.000000000000000000, 0.8660254037844387076, 1.000000000000000000, 0.8660254037844387076, 1.000000000000000000, 0.8660254037844387076, 1.000000000000000000, 0.8660254037844387076, 1.000000000000000000, 0.8660254037844387076, 1.000000000000000000, 0.8660254037844387076, 1.000000000000000000, 0.8660254037844387076, 1.000000000000000000, 0.8660254037844387076, 1.000000000000000000, 0.8660254037844387076, 1.000000000000000000, 0.8660254037844387076, 1.000000000000000000, 0.8660254037844387076, 1.000000000000000000, 0.8660254037844387076, 1.000000000000000000, 0.8660254037844387076, 1.000000000000000000, 0.8660254037844387076, 1.000000000000000000, 0.8660254037844387076, 1.000000000000000000, 0.8660254037844387076, 1.000000000000000000, 0.8660254037844387076, 1.000000000000000000, 0.8660254037844387076, 1.000000000000000000, 0.8660254037844387076, 1.000000000000000000, 0.8660254037844387076, 1.000000000000000000, 0.8660254037844387076, 1.000000000000000000, 0.8660254037844387076, 1.000000000000000000, 0.8660254037844387076, 1.000000000000000000, 0.8660254037844387076, 1.000000000000000000, 0.8660254037844387076, 1.000000000000000000, 0.8660254037844387076, 1.000000000000000000, 0.8660254037844387076, 1.000000000000000000, 0.8660254037844387076, 1.000000000000000000, 0.8660254037844387076, 1.000000000000000000, 0.8660254037844387076, 1.000000000000000000, 0.8660254037844387076, 1.000000000000000000, 0.8660254037844387076, 1.000000000000000000, 0.8660254037844387076, 1.000000000000000000, 0.8660254037844387076, 1.000000000000000000, 0.8660254037844387076, 1.000000000000000000, 0.8660254037844387076, 1.000000000000000000, 0.8660254037844387076, 1.000000000000000000, 0.8660254037844387076, 1.000000000000000000, 0.8660254037844387076, 1.000000000000000000, 0.8660254037844387076, 1.000000000000000000, 0.8660254037844387076, 1.000000000000000000, 0.8660254037844387076, 1.000000000000000000, 0.8660254037844387076, 1.000000000000000000, 0.8660254037844387076, 1.000000000000000000, 0.8660254037844387076, 1.000000000000000000, 0.8660254037844387076, 1.000000000000000000, 0.8660254037844387076, 1.000000000000000000, 0.8660254037844387076, 1.000000000000000000, 0.8660254037844387076, 1.000000000000000000, 0.8660254037844387076, 1.000000000000000000, 0.8660254037844387076, 1.000000000000000000, 0.8660254037844387076, 1.000000000000000000, 0.8660254037844387076, 1.000000000000000000, 0.8660254037844387076, 1.000000000000000000, 0.8660254037844387076, 1.000000000000000000, 0.8660254037844387076, 1.000000000000000000, 0.8660254037844387076, 1.000000000000000000, 0.8660254037844387076, 1.000000000000000000, 0.8660254037844387076, 1.000000000000000000, 0.8660254037844387076, 1.000000000000000000, 0.8660254037844387076, 1.000000000000000000, 0.8660254037844387076, 1.000000000000000000, 0.8660254037844387076, 1.000000000000000000, 0.8660254037844387076, 1.000000000000000000, 0.8660254037844387076, 1.000000000000000000, 0.8660254037844387076, 1.000000000000000000, 0.8660254037844387076, 1.000000000000000000, 0.8660254037844387076, 1.000000000000000000, 0.8660254037844387076, 1.000000000000000000, 0.8660254037844387076, 1.000000000000000000, 0.8660254037844387076, 1.000000000000000000, 0.8660254037844387076, 1.000000000000000000, 0.8660254037844387076, 1.000000000000000000, 0.8660254037844387076, 1.000000000000000000, 0.8660254037844387076, 1.000000000000000000, 0.8660254037844387076, 1.000000000000000000, 0.8660254037844387076, 1.000000000000000000, 0.8660254037844387076, 1.000000000000000000, 0.8660254037844387076, 1.000000000000000000),
 ( 1.000000000000000000, 0.8660254037844387076, 1.000000000000000000, 0.8660254037844387076, 1.000000000000000000, 0.8660254037844387076, 1.000000000000000000, 0.8660254037844387076, 1.000000000000000000, 0.8660254037844387076, 1.000000000000000000, 0.8660254037844387076, 1.000000000000000000, 0.8660254037844387076, 1.000000000000000000, 0.8660254037844387076, 1.000000000000000000, 0.8660254037844387076, 1.000000000000000000, 0.8660254037844387076, 1.000000000000000000, 0.8660254037844387076, 1.000000000000000000, 0.8660254037844387076, 1.000000000000000000, 0.8660254037844387076, 1.000000000000000000, 0.8660254037844387076, 1.000000000000000000, 0.8660254037844387076, 1.000000000000000000, 0.8660254037844387076, 1.000000000000000000, 0.8660254037844387076, 1.000000000000000000, 0.8660254037844387076, 1.000000000000000000, 0.8660254037844387076, 1.000000000000000000, 0.8660254037844387076, 1.000000000000000000, 0.8660254037844387076, 1.000000000000000000, 0.8660254037844387076, 1.000000000000000000, 0.8660254037844387076, 1.000000000000000000, 0.8660254037844387076, 1.000000000000000000, 0.8660254037844387076, 1.000000000000000000, 0.8660254037844387076, 1.000000000000000000, 0.8660254037844387076, 1.000000000000000000, 0.8660254037844387076, 1.000000000000000000, 0.8660254037844387076, 1.000000000000000000, 0.8660254037844387076, 1.000000000000000000, 0.8660254037844387076, 1.000000000000000000, 0.8660254037844387076, 1.000000000000000000, 0.8660254037844387076, 1.000000000000000000, 0.8660254037844387076, 1.000000000000000000, 0.8660254037844387076, 1.000000000000000000, 0.8660254037844387076, 1.000000000000000000, 0.8660254037844387076, 1.000000000000000000, 0.8660254037844387076, 1.000000000000000000, 0.8660254037844387076, 1.000000000000000000, 0.8660254037844387076, 1.000000000000000000, 0.8660254037844387076, 1.000000000000000000, 0.8660254037844387076, 1.000000000000000000, 0.8660254037844387076, 1.000000000000000000, 0.8660254037844387076, 1.000000000000000000, 0.8660254037844387076, 1.000000000000000000, 0.8660254037844387076, 1.000000000000000000, 0.8660254037844387076, 1.000000000000000000, 0.8660254037844387076, 1.000000000000000000, 0.8660254037844387076, 1.000000000000000000, 0.8660254037844387076, 1.000000000000000000, 0.8660254037844387076, 1.000000000000000000, 0.8660254037844387076, 1.000000000000000000, 0.8660254037844387076, 1.000000000000000000, 0.8660254037844387076, 1.000000000000000000, 0.8660254037844387076, 1.000000000000000000, 0.8660254037844387076, 1.000000000000000000, 0.8660254037844387076, 1.000000000000000000, 0.8660254037844387076, 1.000000000000000000, 0.8660254037844387076, 1.000000000000000000, 0.8660254037844387076, 1.000000000000000000, 0.8660254037844387076, 1.000000000000000000, 0.8660254037844387076, 1.000000000000000000, 0.8660254037844387076, 1.000000000000000000, 0.8660254037844387076, 1.000000000000000000, 0.8660254037844387076, 1.000000000000000000, 0.8660254037844387076, 1.000000000000000000, 0.8660254037844387076, 1.000000000000000000, 0.8660254037844387076, 1.000000000000000000, 0.8660254037844387076, 1.000000000000000000, 0.8660254037844387076, 1.000000000000000000, 0.8660254037844387076, 1.000000000000000000, 0.8660254037844387076, 1.000000000000000000, 0.8660254037844387076, 1.000000000000000000, 0.8660254037844387076, 1.000000000000000000, 0.8660254037844387076, 1.000000000000000000, 0.8660254037844387076, 1.000000000000000000, 0.8660254037844387076, 1.000000000000000000, 0.8660254037844387076, 1.000000000000000000, 0.8660254037844387076, 1.000000000000000000, 0.8660254037844387076, 1.000000000000000000, 0.8660254037844387076, 1.000000000000000000, 0.8660254037844387076, 1.000000000000000000, 0.8660254037844387076, 1.000000000000000000, 0.8660254037844387076, 1.000000000000000000, 0.8660254037844387076, 1.000000000000000000, 0.8660254037844387076, 1.000000000000000000, 0.8660254037844387076, 1.000000000000000000, 0.8660254037844387076, 1.000000000000000000, 0.8660254037844387076, 1.000000000000000000, 0.8660254037844387076, 1.000000000000000000, 0.8660254037844387076, 1.000000000000000000, 0.8660254037844387076, 1.000000000000000000, 0.8660254037844387076, 1.000000000000000000, 0.8660254037844387076, 1.000000000000000000, 0.8660254037844387076, 1.000000000000000000, 0.8660254037844387076, 1.000000000000000000, 0.8660254037844387076, 1.000000000000000000, 0.8660254037844387076, 1.000000000000000000, 0.8660254037844387076, 1.000000000000000000, 0.8660254037844387076, 1.000000000000000000, 0.8660254037844387076, 1.000000000000000000, 0.8660254037844387076, 1.000000000000000000, 0.8660254037844387076, 1.000000000000000000, 0.8660254037844387076, 1.000000000000000000, 0.8660254037844387076, 1.000000000000000000, 0.8660254037844387076, 1.000000000000000000, 0.8660254037844387076, 1.000000000000000000, 0.8660254037844387076, 1.000000000000000000) ) ) 
 REPRESENTATION_ITEM ( '' )  SURFACE ( )  );
#2507 = EDGE_CURVE ( 'NONE', #3637, #3227, #2208, .T. ) ;
#2508 = VERTEX_POINT ( 'NONE', #3154 ) ;
#2509 = CARTESIAN_POINT ( 'NONE',  ( 3.003237762093723617, 0.000000000000000000, 1.225000000000000089 ) ) ;
#2510 = CIRCLE ( 'NONE', #2933, 3.410696902421634924 ) ;
#2511 = CARTESIAN_POINT ( 'NONE',  ( 3.742821094744261501, -1.295256118611744389, 0.7478164687499990748 ) ) ;
#2512 = CARTESIAN_POINT ( 'NONE',  ( 4.346987761410928464, -1.727008158148991335, -3.172462519467792547E-16 ) ) ;
#2513 = CARTESIAN_POINT ( 'NONE',  ( 7.727578091797222548, -1.070562298693950476, -0.7781651375760179068 ) ) ;
#2514 = DIRECTION ( 'NONE',  ( -1.000000000000000000, -0.000000000000000000, -0.000000000000000000 ) ) ;
#2515 = CARTESIAN_POINT ( 'NONE',  ( 4.461571094061463683, -1.060881119635938008, 0.6124999999999992673 ) ) ;
#2516 = AXIS2_PLACEMENT_3D ( 'NONE', #1273, #3016, #993 ) ;
#2517 = EDGE_CURVE ( 'NONE', #2805, #882, #899, .T. ) ;
#2518 = VECTOR ( 'NONE', #2174, 1000.000000000000000 ) ;
#2519 = CARTESIAN_POINT ( 'NONE',  ( 8.096987761410927575, 1.727008158148991557, 1.057487506489264306E-16 ) ) ;
#2520 = CARTESIAN_POINT ( 'NONE',  ( 6.669904428760389692, -1.060881119635937342, -0.6125000000000005995 ) ) ;
#2521 = DIRECTION ( 'NONE',  ( 0.000000000000000000, 0.000000000000000000, 1.000000000000000000 ) ) ;
#2522 = CARTESIAN_POINT ( 'NONE',  ( 3.492821094744261057, 1.295256118611743723, -0.7478164687499997410 ) ) ;
#2523 = EDGE_LOOP ( 'NONE', ( #3, #3019 ) ) ;
#2524 = CARTESIAN_POINT ( 'NONE',  ( 4.253237762093723617, 1.500192328955507931E-16, -1.225000000000000089 ) ) ;
#2525 = CARTESIAN_POINT ( 'NONE',  ( 6.763654428077595426, -0.8635040790744966666, 1.495632937499999704 ) ) ;
#2526 = DIRECTION ( 'NONE',  ( 0.000000000000000000, 0.000000000000000000, 1.000000000000000000 ) ) ;
#2527 = CARTESIAN_POINT ( 'NONE',  ( 7.690721437591629517, 1.336092360810202218, 0.0001291428393046458074 ) ) ;
#2528 = CARTESIAN_POINT ( 'NONE',  ( 6.669904428760389692, -1.060881119635937342, -0.6125000000000005995 ) ) ;
#2529 = AXIS2_PLACEMENT_3D ( 'NONE', #1982, #1064, #3701 ) ;
#2530 = CARTESIAN_POINT ( 'NONE',  ( 0.03902719442172466330, 1.679970331090898439, 0.08147190634225517925 ) ) ;
#2531 = CARTESIAN_POINT ( 'NONE',  ( 4.076154428077594538, 1.295256118611743723, 0.7478164687500002961 ) ) ;
#2532 = CARTESIAN_POINT ( 'NONE',  ( 5.430321094744261501, -0.8635040790744953343, -1.495632937500000592 ) ) ;
#2533 = ADVANCED_FACE ( 'NONE', ( #1460 ), #1706, .F. ) ;
#2534 = CARTESIAN_POINT ( 'NONE',  ( 8.669904427394797608, 0.7072540797572920424, -1.224999999999999867 ) ) ;
#2535 = CARTESIAN_POINT ( 'NONE',  ( 4.544904427394797608, -1.060881119635937342, -0.6125000000000005995 ) ) ;
#2536 = CARTESIAN_POINT ( 'NONE',  ( 7.471987761410927575, 1.831622089608728481E-16, -1.495632937500000148 ) ) ;
#2537 = CARTESIAN_POINT ( 'NONE',  ( 7.336571095427056655, 1.060881119635937564, -0.6124999999999997113 ) ) ;
#2538 = CARTESIAN_POINT ( 'NONE',  ( 5.628237760728130645, 1.500192328955507931E-16, -1.225000000000000089 ) ) ;
#2539 = EDGE_CURVE ( 'NONE', #3156, #2715, #1181, .T. ) ;
#2540 = CARTESIAN_POINT ( 'NONE',  ( 3.617821094744261945, 0.8635040790744956674, 1.495632937500000148 ) ) ;
#2541 = CARTESIAN_POINT ( 'NONE',  ( 3.253237762093724061, 1.500192328955507931E-16, -1.225000000000000089 ) ) ;
#2542 = DIRECTION ( 'NONE',  ( -1.000000000000000000, -0.000000000000000000, -0.000000000000000000 ) ) ;
#2543 = VERTEX_POINT ( 'NONE', #3457 ) ;
#2544 = CARTESIAN_POINT ( 'NONE',  ( 2.513654428077594982, 0.8635040790744962225, -1.495632937499999704 ) ) ;
#2545 = CARTESIAN_POINT ( 'NONE',  ( 7.409487762776459263, -0.1952668265789187785, -1.495632941194716237 ) ) ;
#2546 = CARTESIAN_POINT ( 'NONE',  ( 6.878237760728130645, 0.000000000000000000, 1.225000000000000089 ) ) ;
#2547 = ORIENTED_EDGE ( 'NONE', *, *, #2517, .T. ) ;
#2548 = DIRECTION ( 'NONE',  ( 1.000000000000000000, 0.000000000000000000, 0.000000000000000000 ) ) ;
#2549 = CARTESIAN_POINT ( 'NONE',  ( 0.2428210947442617507, -1.295256118611744389, 0.7478164687499990748 ) ) ;
#2550 = CARTESIAN_POINT ( 'NONE',  ( 0.8678210947442615009, -0.8635040790744952233, -1.495632937500000592 ) ) ;
#2551 = CARTESIAN_POINT ( 'NONE',  ( 4.763654428077595426, -0.8635040790744965555, 1.495632937499999704 ) ) ;
#2552 = DIRECTION ( 'NONE',  ( -1.000000000000000000, -0.000000000000000000, -0.000000000000000000 ) ) ;
#2553 = CARTESIAN_POINT ( 'NONE',  ( -5.783801310030288700E-16, 0.2785948701584159415, 1.237242142707006831 ) ) ;
#2554 = CARTESIAN_POINT ( 'NONE',  ( 7.784487761410927575, -1.727008158148991557, -3.172462519467792547E-16 ) ) ;
#2555 = CARTESIAN_POINT ( 'NONE',  ( 6.763654428077595426, -0.8635040790744966666, 1.495632937499999704 ) ) ;
#2556 = CARTESIAN_POINT ( 'NONE',  ( 5.419904428760389692, 1.060881119635937564, 0.6125000000000001554 ) ) ;
#2557 = EDGE_CURVE ( 'NONE', #3227, #1356, #1423, .T. ) ;
#2558 = CARTESIAN_POINT ( 'NONE',  ( 8.221987761410927575, 0.000000000000000000, 1.495632937500000148 ) ) ;
#2559 = CARTESIAN_POINT ( 'NONE',  ( 2.701154428077594982, -0.8635040790744965555, 1.495632937499999704 ) ) ;
#2560 = CYLINDRICAL_SURFACE ( 'NONE', #2997, 1.225000000000000089 ) ;
#2561 = ORIENTED_EDGE ( 'NONE', *, *, #1382, .F. ) ;
#2562 = CARTESIAN_POINT ( 'NONE',  ( 2.013654428077594094, 0.8635040790744962225, -1.495632937499999704 ) ) ;
#2563 = CYLINDRICAL_SURFACE ( 'NONE', #886, 1.225000000000000089 ) ;
#2564 = CARTESIAN_POINT ( 'NONE',  ( 7.747051279377283883, 1.173759393276472718, 0.5871430347937195426 ) ) ;
#2565 = ORIENTED_EDGE ( 'NONE', *, *, #641, .F. ) ;
#2566 = CARTESIAN_POINT ( 'NONE',  ( 3.878237760728130201, 0.000000000000000000, 1.225000000000000089 ) ) ;
#2567 = CARTESIAN_POINT ( 'NONE',  ( 2.326154428077594538, -1.295256118611743501, -0.7478164687500007402 ) ) ;
#2568 = CARTESIAN_POINT ( 'NONE',  ( 0.9511544280775950932, 0.8635040790744962225, -1.495632937499999704 ) ) ;
#2569 = CARTESIAN_POINT ( 'NONE',  ( 1.096987761410928020, 1.727008158148991335, 1.057487506489264306E-16 ) ) ;
#2570 = CYLINDRICAL_SURFACE ( 'NONE', #1197, 1.225000000000000089 ) ;
#2571 = CARTESIAN_POINT ( 'NONE',  ( 7.044904427394796720, -1.060881119635937342, -0.6125000000000005995 ) ) ;
#2572 = CARTESIAN_POINT ( 'NONE',  ( 7.701154428077593650, -0.8635040790744966666, 1.495632937499999704 ) ) ;
#2573 = CARTESIAN_POINT ( 'NONE',  ( 3.805321094744261501, -1.295256118611744389, 0.7478164687499990748 ) ) ;
#2574 = CARTESIAN_POINT ( 'NONE',  ( 7.628237762093723617, -1.414508159514583197, -2.598409334876022102E-16 ) ) ;
#2575 = CARTESIAN_POINT ( 'NONE',  ( 4.711571095427056655, -0.7072540797572888227, -1.225000000000004530 ) ) ;
#2576 = CARTESIAN_POINT ( 'NONE',  ( 5.076154428077594538, 1.295256118611743723, 0.7478164687500002961 ) ) ;
#2577 = VECTOR ( 'NONE', #1385, 1000.000000000000000 ) ;
#2578 = FACE_OUTER_BOUND ( 'NONE', #1725, .T. ) ;
#2579 = ORIENTED_EDGE ( 'NONE', *, *, #3364, .T. ) ;
#2580 = CARTESIAN_POINT ( 'NONE',  ( 2.638654428077594982, 1.295256118611743723, 0.7478164687500002961 ) ) ;
#2581 = CARTESIAN_POINT ( 'NONE',  ( -0.8749341962409943330, 0.000000000000000000, 0.000000000000000000 ) ) ;
#2582 = CARTESIAN_POINT ( 'NONE',  ( 7.845556167705256101, 0.3519215246664211816, 1.205760910163186539 ) ) ;
#2583 = VERTEX_POINT ( 'NONE', #3493 ) ;
#2584 = CARTESIAN_POINT ( 'NONE',  ( 7.336571094061463683, 0.7072540797572890447, 1.225000000000004308 ) ) ;
#2585 = CARTESIAN_POINT ( 'NONE',  ( 2.284487761410928020, -1.727008158148991335, -3.172462519467792547E-16 ) ) ;
#2586 = CARTESIAN_POINT ( 'NONE',  ( 3.430321094744261057, -0.8635040790744953343, -1.495632937500000592 ) ) ;
#2587 = ORIENTED_EDGE ( 'NONE', *, *, #3589, .F. ) ;
#2588 = CYLINDRICAL_SURFACE ( 'NONE', #842, 1.225000000000000089 ) ;
#2589 = CARTESIAN_POINT ( 'NONE',  ( 7.669904427394795832, 0.7072540797572920424, -1.224999999999999867 ) ) ;
#2590 = CARTESIAN_POINT ( 'NONE',  ( 4.742821094744261501, -1.295256118611744389, 0.7478164687499990748 ) ) ;
#2591 = CARTESIAN_POINT ( 'NONE',  ( 5.971987761410927575, 1.831622089608728481E-16, -1.495632937500000148 ) ) ;
#2592 = CARTESIAN_POINT ( 'NONE',  ( 3.128237762093724061, -1.414508159514583197, -2.598409334876022102E-16 ) ) ;
#2593 = CARTESIAN_POINT ( 'NONE',  ( 4.586571095427057543, -1.060881119635938008, 0.6124999999999992673 ) ) ;
#2594 = CARTESIAN_POINT ( 'NONE',  ( 1.169904428760390358, -1.060881119635937342, -0.6125000000000005995 ) ) ;
#2595 = ORIENTED_EDGE ( 'NONE', *, *, #2161, .T. ) ;
#2596 = CARTESIAN_POINT ( 'NONE',  ( 0.7949044287603915793, 0.7072540797572970384, -1.224999999999991207 ) ) ;
#2597 = ORIENTED_EDGE ( 'NONE', *, *, #1349, .F. ) ;
#2598 = LINE ( 'NONE', #2348, #278 ) ;
#2599 = CARTESIAN_POINT ( 'NONE',  ( 2.201154428077594538, -0.8635040790744965555, 1.495632937499999704 ) ) ;
#2600 =( BOUNDED_CURVE ( )  B_SPLINE_CURVE ( 2, ( #766, #1258, #2409, #3338, #3572, #1291, #1911 ),
 .UNSPECIFIED., .F., .T. ) 
 B_SPLINE_CURVE_WITH_KNOTS ( ( 3, 2, 2, 3 ),
 ( 0.5277777777777777901, 0.5370370370370370905, 0.5462962962962962798, 0.5555555555555555802 ),
 .UNSPECIFIED. ) 
 CURVE ( )  GEOMETRIC_REPRESENTATION_ITEM ( )  RATIONAL_B_SPLINE_CURVE ( ( 1.000000000000000000, 0.8660254037844387076, 1.000000000000000000, 0.8660254037844387076, 1.000000000000000000, 0.8660254037844387076, 1.000000000000000000 ) ) 
 REPRESENTATION_ITEM ( '' )  );
#2601 = CARTESIAN_POINT ( 'NONE',  ( 3.221987761410928020, 0.000000000000000000, 1.495632937500000148 ) ) ;
#2602 = ORIENTED_EDGE ( 'NONE', *, *, #645, .T. ) ;
#2603 = CARTESIAN_POINT ( 'NONE',  ( 2.753237762093723617, 1.500192328955507931E-16, -1.225000000000000089 ) ) ;
#2604 = CARTESIAN_POINT ( 'NONE',  ( 7.753237760728129757, 1.414508159514583197, 8.661364449586740749E-17 ) ) ;
#2605 = CARTESIAN_POINT ( 'NONE',  ( 5.534487761410927575, 1.727008158148991557, 1.057487506489264306E-16 ) ) ;
#2606 = CARTESIAN_POINT ( 'NONE',  ( 3.128237762093724061, -1.414508159514583197, -2.598409334876022102E-16 ) ) ;
#2607 = CARTESIAN_POINT ( 'NONE',  ( 5.846987761410927575, -1.727008158148991557, -3.172462519467792547E-16 ) ) ;
#2608 = CARTESIAN_POINT ( 'NONE',  ( 2.961571095427057543, 0.7072540797572914872, 1.225000000000000089 ) ) ;
#2609 = CARTESIAN_POINT ( 'NONE',  ( 2.919904428760390136, 1.060881119635937564, 0.6125000000000001554 ) ) ;
#2610 = DIRECTION ( 'NONE',  ( 0.000000000000000000, 0.5000000000000001110, -0.8660254037844384856 ) ) ;
#2611 = ORIENTED_EDGE ( 'NONE', *, *, #2786, .T. ) ;
#2612 = EDGE_CURVE ( 'NONE', #1508, #3464, #593, .T. ) ;
#2613 = FACE_OUTER_BOUND ( 'NONE', #2523, .T. ) ;
#2614 = CARTESIAN_POINT ( 'NONE',  ( 4.753237762093723617, 1.500192328955507931E-16, -1.225000000000000089 ) ) ;
#2615 = ORIENTED_EDGE ( 'NONE', *, *, #1498, .F. ) ;
#2616 =( BOUNDED_CURVE ( )  B_SPLINE_CURVE ( 2, ( #2625, #911, #2335, #1230, #1752, #1945, #2911 ),
 .UNSPECIFIED., .F., .F. ) 
 B_SPLINE_CURVE_WITH_KNOTS ( ( 3, 2, 2, 3 ),
 ( 0.9166666666666666297, 0.9259259259259258190, 0.9351851851851851194, 0.9444444444444441977 ),
 .UNSPECIFIED. ) 
 CURVE ( )  GEOMETRIC_REPRESENTATION_ITEM ( )  RATIONAL_B_SPLINE_CURVE ( ( 1.000000000000000000, 0.8660254037844387076, 1.000000000000000000, 0.8660254037844387076, 1.000000000000000000, 0.8660254037844419273, 0.9999999999999967804 ) ) 
 REPRESENTATION_ITEM ( '' )  );
#2617 = CARTESIAN_POINT ( 'NONE',  ( 5.461571094061463683, -1.060881119635938008, 0.6124999999999992673 ) ) ;
#2618 = CARTESIAN_POINT ( 'NONE',  ( 1.721987761410927797, 0.000000000000000000, 1.495632937500000148 ) ) ;
#2619 = CARTESIAN_POINT ( 'NONE',  ( 2.596987761410928020, 1.727008158148991335, 1.057487506489264306E-16 ) ) ;
#2620 = ORIENTED_EDGE ( 'NONE', *, *, #41, .F. ) ;
#2621 = PRESENTATION_STYLE_ASSIGNMENT (( #2310 ) ) ;
#2622 = CARTESIAN_POINT ( 'NONE',  ( 8.086571094061463683, -0.7072540797572911542, -1.225000000000000533 ) ) ;
#2623 = CARTESIAN_POINT ( 'NONE',  ( 6.784487761410928464, -1.727008158148991557, -3.172462519467792547E-16 ) ) ;
#2624 =( BOUNDED_CURVE ( )  B_SPLINE_CURVE ( 2, ( #2221, #2852, #1116, #3388, #508, #3739, #1376 ),
 .UNSPECIFIED., .F., .T. ) 
 B_SPLINE_CURVE_WITH_KNOTS ( ( 3, 2, 2, 3 ),
 ( 0.6666666666666666297, 0.6759259259259259300, 0.6851851851851851194, 0.6944444444444443088 ),
 .UNSPECIFIED. ) 
 CURVE ( )  GEOMETRIC_REPRESENTATION_ITEM ( )  RATIONAL_B_SPLINE_CURVE ( ( 1.000000000000000000, 0.8660254037844387076, 1.000000000000000000, 0.8660254037844387076, 1.000000000000000000, 0.8660254037844402619, 0.9999999999999984457 ) ) 
 REPRESENTATION_ITEM ( '' )  );
#2625 = CARTESIAN_POINT ( 'NONE',  ( 0.6282377607281299792, 1.500192328955507931E-16, -1.225000000000000089 ) ) ;
#2626 = CARTESIAN_POINT ( 'NONE',  ( 6.221987761410927575, 0.000000000000000000, 1.495632937500000148 ) ) ;
#2627 = CARTESIAN_POINT ( 'NONE',  ( 3.419904428760390580, 1.060881119635937564, 0.6125000000000001554 ) ) ;
#2628 = CARTESIAN_POINT ( 'NONE',  ( 7.513654428077593650, 0.8635040790744962225, -1.495632937499999704 ) ) ;
#2629 = ADVANCED_FACE ( 'NONE', ( #867, #2613 ), #1161, .F. ) ;
#2630 = VECTOR ( 'NONE', #1392, 1000.000000000000000 ) ;
#2631 = CYLINDRICAL_SURFACE ( 'NONE', #2697, 1.225000000000000089 ) ;
#2632 = EDGE_LOOP ( 'NONE', ( #2994, #3455, #3747, #992 ) ) ;
#2633 = DIRECTION ( 'NONE',  ( -1.000000000000000000, -0.000000000000000000, -0.000000000000000000 ) ) ;
#2634 = DIRECTION ( 'NONE',  ( -1.000000000000000000, -0.000000000000000000, -0.000000000000000000 ) ) ;
#2635 = ORIENTED_EDGE ( 'NONE', *, *, #3589, .T. ) ;
#2636 = CARTESIAN_POINT ( 'NONE',  ( 1.867821094744261501, -0.8635040790744952233, -1.495632937500000592 ) ) ;
#2637 = LINE ( 'NONE', #314, #2813 ) ;
#2638 = CARTESIAN_POINT ( 'NONE',  ( 0.9719877614109279085, 1.831622089608728481E-16, -1.495632937500000148 ) ) ;
#2639 = CARTESIAN_POINT ( 'NONE',  ( 2.346987761410928464, -1.727008158148991335, -3.172462519467792547E-16 ) ) ;
#2640 = VERTEX_POINT ( 'NONE', #3474 ) ;
#2641 = LINE ( 'NONE', #2033, #3313 ) ;
#2642 = CARTESIAN_POINT ( 'NONE',  ( 4.878237760728130645, 0.000000000000000000, 1.225000000000000089 ) ) ;
#2643 = CARTESIAN_POINT ( 'NONE',  ( 5.117821094744261501, 0.8635040790744956674, 1.495632937500000148 ) ) ;
#2644 = VERTEX_POINT ( 'NONE', #1126 ) ;
#2645 = CARTESIAN_POINT ( 'NONE',  ( 3.180321094744261945, 0.8635040790744956674, 1.495632937500000148 ) ) ;
#2646 = CARTESIAN_POINT ( 'NONE',  ( 4.055321094744261501, 1.295256118611743723, -0.7478164687499997410 ) ) ;
#2647 = CARTESIAN_POINT ( 'NONE',  ( 3.836571095427057099, 1.060881119635937564, -0.6124999999999997113 ) ) ;
#2648 = STYLED_ITEM ( 'NONE', ( #2621 ), #1473 ) ;
#2649 = CARTESIAN_POINT ( 'NONE',  ( -4.666666666666662522, 0.000000000000000000, 0.000000000000000000 ) ) ;
#2650 = ORIENTED_EDGE ( 'NONE', *, *, #214, .F. ) ;
#2651 = EDGE_CURVE ( 'NONE', #957, #1798, #1563, .T. ) ;
#2652 = DIRECTION ( 'NONE',  ( 0.000000000000000000, 0.000000000000000000, 1.000000000000000000 ) ) ;
#2653 = EDGE_CURVE ( 'NONE', #2902, #2644, #1724, .T. ) ;
#2654 = CARTESIAN_POINT ( 'NONE',  ( 1.128237760728130423, 1.500192328955507931E-16, -1.225000000000000089 ) ) ;
#2655 = ORIENTED_EDGE ( 'NONE', *, *, #3560, .F. ) ;
#2656 = CARTESIAN_POINT ( 'NONE',  ( 1.909487761410927797, 1.831622089608728481E-16, -1.495632937500000148 ) ) ;
#2657 = CARTESIAN_POINT ( 'NONE',  ( 0.7115710954270576538, -0.7072540797572862692, -1.225000000000008749 ) ) ;
#2658 = CARTESIAN_POINT ( 'NONE',  ( 2.930321094744261945, -0.8635040790744952233, -1.495632937500000592 ) ) ;
#2659 = CARTESIAN_POINT ( 'NONE',  ( 0.5969877614109274644, 1.727008158148991335, 1.057487506489264306E-16 ) ) ;
#2660 = ORIENTED_EDGE ( 'NONE', *, *, #2723, .T. ) ;
#2661 = CARTESIAN_POINT ( 'NONE',  ( 7.661452825487753415, -1.196030657519994156, 0.6325041051632919187 ) ) ;
#2662 = CARTESIAN_POINT ( 'NONE',  ( 3.711571094061463683, 1.060881119635937564, -0.6124999999999997113 ) ) ;
#2663 = CARTESIAN_POINT ( 'NONE',  ( 5.992821094744261501, 1.295256118611743723, -0.7478164687499997410 ) ) ;
#2664 = CARTESIAN_POINT ( 'NONE',  ( 5.867821094744261501, -0.8635040790744952233, -1.495632937500000592 ) ) ;
#2665 = CARTESIAN_POINT ( 'NONE',  ( 4.044904427394796720, -1.060881119635937342, -0.6125000000000005995 ) ) ;
#2666 = CARTESIAN_POINT ( 'NONE',  ( 4.055321094744261501, 1.295256118611743723, -0.7478164687499997410 ) ) ;
#2667 = CARTESIAN_POINT ( 'NONE',  ( 1.461571095427057099, 0.7072540797572914872, 1.225000000000000089 ) ) ;
#2668 = CARTESIAN_POINT ( 'NONE',  ( 4.878237762093724506, 1.414508159514583197, 8.661364449586740749E-17 ) ) ;
#2669 = CARTESIAN_POINT ( 'NONE',  ( 1.003237762093723839, 0.000000000000000000, 1.225000000000000089 ) ) ;
#2670 = ADVANCED_FACE ( 'NONE', ( #3512 ), #2563, .T. ) ;
#2671 = CARTESIAN_POINT ( 'NONE',  ( 2.669904427394797608, 0.7072540797572920424, -1.224999999999999867 ) ) ;
#2672 = CARTESIAN_POINT ( 'NONE',  ( 1.961571095427057321, 0.7072540797572914872, 1.225000000000000089 ) ) ;
#2673 = CARTESIAN_POINT ( 'NONE',  ( 1.794904427394797386, 1.060881119635937564, 0.6125000000000001554 ) ) ;
#2674 = ORIENTED_EDGE ( 'NONE', *, *, #3710, .F. ) ;
#2675 = CARTESIAN_POINT ( 'NONE',  ( 1.742821094744261279, -1.295256118611744389, 0.7478164687499990748 ) ) ;
#2676 = DIRECTION ( 'NONE',  ( -1.000000000000000000, -0.000000000000000000, -0.000000000000000000 ) ) ;
#2677 = CARTESIAN_POINT ( 'NONE',  ( 3.471987761410928464, 1.831622089608728481E-16, -1.495632937500000148 ) ) ;
#2678 = VERTEX_POINT ( 'NONE', #1991 ) ;
#2679 = DIRECTION ( 'NONE',  ( -1.000000000000000000, -0.000000000000000000, -0.000000000000000000 ) ) ;
#2680 = CARTESIAN_POINT ( 'NONE',  ( 4.294904427394796720, 1.060881119635937564, 0.6125000000000001554 ) ) ;
#2681 = CARTESIAN_POINT ( 'NONE',  ( 2.492821094744261057, 1.295256118611743723, -0.7478164687499997410 ) ) ;
#2682 = CARTESIAN_POINT ( 'NONE',  ( 5.576154428077593650, 1.295256118611743723, 0.7478164687500002961 ) ) ;
#2683 = CARTESIAN_POINT ( 'NONE',  ( 6.305321094744261501, -1.295256118611744389, 0.7478164687499990748 ) ) ;
#2684 = CARTESIAN_POINT ( 'NONE',  ( 0.7636544280775949822, -0.8635040790744966666, 1.495632937499999704 ) ) ;
#2685 = CARTESIAN_POINT ( 'NONE',  ( 0.5865710954270578759, -1.060881119635938008, 0.6124999999999992673 ) ) ;
#2686 = DIRECTION ( 'NONE',  ( 0.000000000000000000, 0.000000000000000000, 1.000000000000000000 ) ) ;
#2687 = EDGE_CURVE ( 'NONE', #389, #658, #2510, .T. ) ;
#2688 = CARTESIAN_POINT ( 'NONE',  ( 1.836571094061463683, 0.7072540797572914872, 1.225000000000000089 ) ) ;
#2689 = CARTESIAN_POINT ( 'NONE',  ( 8.003237762093723617, 0.000000000000000000, 1.225000000000000089 ) ) ;
#2690 = DIRECTION ( 'NONE',  ( -1.000000000000000000, -0.000000000000000000, -0.000000000000000000 ) ) ;
#2691 = CARTESIAN_POINT ( 'NONE',  ( 5.326154428077594538, -1.295256118611743501, -0.7478164687500007402 ) ) ;
#2692 = EDGE_LOOP ( 'NONE', ( #830, #1872, #1144, #996 ) ) ;
#2693 = CARTESIAN_POINT ( 'NONE',  ( 7.496120690155542832, -0.09477137631892412761, -1.445615393555155004 ) ) ;
#2694 = FACE_OUTER_BOUND ( 'NONE', #3667, .T. ) ;
#2695 = AXIS2_PLACEMENT_3D ( 'NONE', #3393, #1009, #2521 ) ;
#2696 = CARTESIAN_POINT ( 'NONE',  ( 3.138654428077594538, 1.295256118611743723, 0.7478164687500002961 ) ) ;
#2697 = AXIS2_PLACEMENT_3D ( 'NONE', #2649, #1214, #3491 ) ;
#2698 = ORIENTED_EDGE ( 'NONE', *, *, #903, .F. ) ;
#2699 = CARTESIAN_POINT ( 'NONE',  ( 0.5032377620937232843, 0.000000000000000000, 1.225000000000000089 ) ) ;
#2700 = CARTESIAN_POINT ( 'NONE',  ( 3.753237760728130201, 1.414508159514583197, 8.661364449586740749E-17 ) ) ;
#2701 = CARTESIAN_POINT ( 'NONE',  ( 3.867821094744261945, -0.8635040790744952233, -1.495632937500000592 ) ) ;
#2702 = CARTESIAN_POINT ( 'NONE',  ( 6.076154428077594538, 1.295256118611743723, 0.7478164687500002961 ) ) ;
#2703 = CARTESIAN_POINT ( 'NONE',  ( 6.180321094744261501, 0.8635040790744956674, 1.495632937500000148 ) ) ;
#2704 = CARTESIAN_POINT ( 'NONE',  ( 1.471987761410928464, 1.831622089608728481E-16, -1.495632937500000148 ) ) ;
#2705 = CARTESIAN_POINT ( 'NONE',  ( 2.086571095427056655, -1.060881119635938008, 0.6124999999999992673 ) ) ;
#2706 = CARTESIAN_POINT ( 'NONE',  ( 3.003237760728130201, -1.414508159514583197, -2.598409334876022102E-16 ) ) ;
#2707 = CARTESIAN_POINT ( 'NONE',  ( 0.5032377607281298681, -1.414508159514583197, -2.598409334876022102E-16 ) ) ;
#2708 = CARTESIAN_POINT ( 'NONE',  ( 0.2844877614109272979, -1.727008158148991557, -3.172462519467792547E-16 ) ) ;
#2709 = CARTESIAN_POINT ( 'NONE',  ( -4.666666666666662522, 1.500192328955507931E-16, -1.225000000000000089 ) ) ;
#2710 = CARTESIAN_POINT ( 'NONE',  ( 5.367821094744261501, -0.8635040790744953343, -1.495632937500000592 ) ) ;
#2711 = ORIENTED_EDGE ( 'NONE', *, *, #3009, .T. ) ;
#2712 = CARTESIAN_POINT ( 'NONE',  ( -0.3405122385890715364, 0.000000000000000000, 1.495632937500000148 ) ) ;
#2713 = CARTESIAN_POINT ( 'NONE',  ( 3.628237760728131089, 1.500192328955507931E-16, -1.225000000000000089 ) ) ;
#2714 = CARTESIAN_POINT ( 'NONE',  ( -4.666666666666662522, 1.500192328955507931E-16, -1.225000000000000089 ) ) ;
#2715 = VERTEX_POINT ( 'NONE', #117 ) ;
#2716 = DIRECTION ( 'NONE',  ( 0.000000000000000000, 0.000000000000000000, 1.000000000000000000 ) ) ;
#2717 = CARTESIAN_POINT ( 'NONE',  ( 3.951154428077594538, 0.8635040790744962225, -1.495632937499999704 ) ) ;
#2718 = CARTESIAN_POINT ( 'NONE',  ( 7.784487761410927575, -1.727008158148991557, -3.172462519467792547E-16 ) ) ;
#2719 = CARTESIAN_POINT ( 'NONE',  ( 0.000000000000000000, 1.225000000000000089, 0.000000000000000000 ) ) ;
#2720 = CARTESIAN_POINT ( 'NONE',  ( 1.680321094744261279, 0.8635040790744956674, 1.495632937500000148 ) ) ;
#2721 = CARTESIAN_POINT ( 'NONE',  ( 1.336571095427056877, 1.060881119635937564, -0.6124999999999997113 ) ) ;
#2722 = CARTESIAN_POINT ( 'NONE',  ( 0.4719877614109274644, 1.831622089608728481E-16, -1.495632937500000148 ) ) ;
#2723 = EDGE_CURVE ( 'NONE', #3415, #2079, #2875, .T. ) ;
#2724 = CARTESIAN_POINT ( 'NONE',  ( 0.000000000000000000, 0.000000000000000000, 0.000000000000000000 ) ) ;
#2725 =( BOUNDED_CURVE ( )  B_SPLINE_CURVE ( 2, ( #1737, #2575, #1457, #3744, #2593, #862, #1140 ),
 .UNSPECIFIED., .F., .F. ) 
 B_SPLINE_CURVE_WITH_KNOTS ( ( 3, 2, 2, 3 ),
 ( 0.4166666666666666297, 0.4259259259259258745, 0.4351851851851851749, 0.4444444444444444198 ),
 .UNSPECIFIED. ) 
 CURVE ( )  GEOMETRIC_REPRESENTATION_ITEM ( )  RATIONAL_B_SPLINE_CURVE ( ( 1.000000000000000888, 0.8660254037844379305, 1.000000000000000000, 0.8660254037844387076, 1.000000000000000000, 0.8660254037844387076, 1.000000000000000000 ) ) 
 REPRESENTATION_ITEM ( '' )  );
#2726 = CARTESIAN_POINT ( 'NONE',  ( 1.461571094061464349, -1.060881119635938008, 0.6124999999999992673 ) ) ;
#2727 = CARTESIAN_POINT ( 'NONE',  ( -0.1738455719224058504, -1.295256118611743501, -0.7478164687500007402 ) ) ;
#2728 = FACE_OUTER_BOUND ( 'NONE', #3246, .T. ) ;
#2729 = CARTESIAN_POINT ( 'NONE',  ( 4.455940929281407092E-16, -0.3627862135543198918, -1.384633491736535049 ) ) ;
#2730 = ORIENTED_EDGE ( 'NONE', *, *, #3446, .F. ) ;
#2732 = EDGE_CURVE ( 'NONE', #1508, #1972, #1971, .T. ) ;
#2731 = CARTESIAN_POINT ( 'NONE',  ( -0.2988455719224059615, -0.8635040790744966666, 1.495632937499999704 ) ) ;
#2733 = DIRECTION ( 'NONE',  ( 0.000000000000000000, 0.000000000000000000, -1.000000000000000000 ) ) ;
#2734 = CARTESIAN_POINT ( 'NONE',  ( 0.1386544280775944271, 1.295256118611743723, 0.7478164687500002961 ) ) ;
#2735 = ORIENTED_EDGE ( 'NONE', *, *, #1936, .F. ) ;
#2736 = CARTESIAN_POINT ( 'NONE',  ( 2.669904428760390580, -1.060881119635937342, -0.6125000000000005995 ) ) ;
#2737 = CARTESIAN_POINT ( 'NONE',  ( 3.451154428077594982, 0.8635040790744962225, -1.495632937499999704 ) ) ;
#2738 = CARTESIAN_POINT ( 'NONE',  ( 6.909487761410927575, 1.831622089608728481E-16, -1.495632937500000148 ) ) ;
#2739 = CARTESIAN_POINT ( 'NONE',  ( 6.930321094744260613, -0.8635040790744953343, -1.495632937500000592 ) ) ;
#2740 = CARTESIAN_POINT ( 'NONE',  ( 8.659487761410927575, 0.000000000000000000, 1.495632937500000148 ) ) ;
#2741 = CARTESIAN_POINT ( 'NONE',  ( 1.294904428760390580, 0.7072540797572920424, -1.224999999999999867 ) ) ;
#2742 = CARTESIAN_POINT ( 'NONE',  ( 7.784487761752311386, 1.566478280651627437E-16, -1.279126587145184235 ) ) ;
#2743 = CARTESIAN_POINT ( 'NONE',  ( 1.253237760728130645, 1.414508159514583197, 8.661364449586740749E-17 ) ) ;
#2744 = CARTESIAN_POINT ( 'NONE',  ( 1.617821094744261279, 0.8635040790744956674, 1.495632937500000148 ) ) ;
#2745 = CARTESIAN_POINT ( 'NONE',  ( 2.628237760728131089, 1.500192328955507931E-16, -1.225000000000000089 ) ) ;
#2746 = CARTESIAN_POINT ( 'NONE',  ( 6.326154428077594538, -1.295256118611743501, -0.7478164687500007402 ) ) ;
#2747 =( BOUNDED_CURVE ( )  B_SPLINE_CURVE ( 2, ( #3288, #1262, #2122 ),
 .UNSPECIFIED., .F., .F. ) 
 B_SPLINE_CURVE_WITH_KNOTS ( ( 3, 3 ),
 ( 0.9444444444444441977, 0.9448523813108268277 ),
 .UNSPECIFIED. ) 
 CURVE ( )  GEOMETRIC_REPRESENTATION_ITEM ( )  RATIONAL_B_SPLINE_CURVE ( ( 1.000000000000003109, 0.9940974568888603091, 0.9887150126048538379 ) ) 
 REPRESENTATION_ITEM ( '' )  );
#2748 = ORIENTED_EDGE ( 'NONE', *, *, #2882, .F. ) ;
#2749 = CARTESIAN_POINT ( 'NONE',  ( 6.513654428077594538, 0.8635040790744962225, -1.495632937499999704 ) ) ;
#2750 = CARTESIAN_POINT ( 'NONE',  ( 7.409487762776452158, -1.047884193964549793, -1.067172244660697489 ) ) ;
#2751 = CARTESIAN_POINT ( 'NONE',  ( -0.2363455719224059337, -0.8635040790744966666, 1.495632937499999704 ) ) ;
#2752 = VERTEX_POINT ( 'NONE', #1851 ) ;
#2753 = AXIS2_PLACEMENT_3D ( 'NONE', #1534, #3279, #689 ) ;
#2754 = CARTESIAN_POINT ( 'NONE',  ( 2.753237762093723617, 1.500192328955507931E-16, -1.225000000000000089 ) ) ;
#2755 = CARTESIAN_POINT ( 'NONE',  ( 1.701154428077594982, -0.8635040790744966666, 1.495632937499999704 ) ) ;
#2756 = VECTOR ( 'NONE', #1458, 1000.000000000000000 ) ;
#2757 = CARTESIAN_POINT ( 'NONE',  ( 5.284487761410928464, -1.727008158148991557, -3.172462519467792547E-16 ) ) ;
#2758 = DIRECTION ( 'NONE',  ( 0.000000000000000000, -0.5000000000000001110, 0.8660254037844384856 ) ) ;
#2759 = CARTESIAN_POINT ( 'NONE',  ( 0.4719877614109274644, 1.831622089608728481E-16, -1.495632937500000148 ) ) ;
#2760 = CARTESIAN_POINT ( 'NONE',  ( 8.461571094061463683, -1.060881119635938008, 0.6124999999999992673 ) ) ;
#2761 = CARTESIAN_POINT ( 'NONE',  ( 4.003237762093723617, 0.000000000000000000, 1.225000000000000089 ) ) ;
#2762 =( BOUNDED_CURVE ( )  B_SPLINE_CURVE ( 2, ( #3413, #72, #2054, #2824, #822, #16, #1965 ),
 .UNSPECIFIED., .F., .F. ) 
 B_SPLINE_CURVE_WITH_KNOTS ( ( 3, 2, 2, 3 ),
 ( 0.3333333333333333148, 0.3425925925925926152, 0.3518518518518518046, 0.3611111111111110494 ),
 .UNSPECIFIED. ) 
 CURVE ( )  GEOMETRIC_REPRESENTATION_ITEM ( )  RATIONAL_B_SPLINE_CURVE ( ( 1.000000000000000000, 0.8660254037844387076, 1.000000000000000000, 0.8660254037844387076, 1.000000000000000000, 0.8660254037844394848, 0.9999999999999992228 ) ) 
 REPRESENTATION_ITEM ( '' )  );
#2763 = CARTESIAN_POINT ( 'NONE',  ( 6.805321094744261501, -1.295256118611744389, 0.7478164687499990748 ) ) ;
#2764 = CARTESIAN_POINT ( 'NONE',  ( 1.242821094744261723, -1.295256118611744389, 0.7478164687499990748 ) ) ;
#2765 = DIRECTION ( 'NONE',  ( -1.000000000000000000, -0.000000000000000000, -0.000000000000000000 ) ) ;
#2766 = CARTESIAN_POINT ( 'NONE',  ( 7.326154428077594538, -1.295256118611743501, -0.7478164687500007402 ) ) ;
#2767 = ORIENTED_EDGE ( 'NONE', *, *, #1466, .T. ) ;
#2768 = CARTESIAN_POINT ( 'NONE',  ( 7.473087793333712980, -0.3789377730403232780, -1.412023311238035816 ) ) ;
#2769 = EDGE_CURVE ( 'NONE', #1106, #3343, #819, .T. ) ;
#2770 = CARTESIAN_POINT ( 'NONE',  ( 5.180321094744261501, 0.8635040790744956674, 1.495632937500000148 ) ) ;
#2771 = CARTESIAN_POINT ( 'NONE',  ( 7.409487762776461039, -0.3866939145938437239, -1.457784357122783758 ) ) ;
#2772 = CARTESIAN_POINT ( 'NONE',  ( 3.044904427394797608, -1.060881119635937342, -0.6125000000000005995 ) ) ;
#2773 = CARTESIAN_POINT ( 'NONE',  ( 7.424027154043983501, 0.3788633291831051131, -1.450363125269341413 ) ) ;
#2774 = VECTOR ( 'NONE', #1916, 1000.000000000000000 ) ;
#2775 =( BOUNDED_CURVE ( )  B_SPLINE_CURVE ( 2, ( #3161, #13, #1451, #602, #3217, #1787, #3234 ),
 .UNSPECIFIED., .F., .F. ) 
 B_SPLINE_CURVE_WITH_KNOTS ( ( 3, 2, 2, 3 ),
 ( 0.1388888888888888951, 0.1481481481481481122, 0.1574074074074073848, 0.1666666666666666019 ),
 .UNSPECIFIED. ) 
 CURVE ( )  GEOMETRIC_REPRESENTATION_ITEM ( )  RATIONAL_B_SPLINE_CURVE ( ( 1.000000000000000000, 0.8660254037844387076, 1.000000000000000000, 0.8660254037844387076, 1.000000000000000000, 0.8660254037844394848, 0.9999999999999992228 ) ) 
 REPRESENTATION_ITEM ( '' )  );
#2776 = ORIENTED_EDGE ( 'NONE', *, *, #2369, .F. ) ;
#2777 = CARTESIAN_POINT ( 'NONE',  ( 1.919904427394798496, -0.7072540797572970384, 1.224999999999991207 ) ) ;
#2778 = CARTESIAN_POINT ( 'NONE',  ( 2.951154428077594538, 0.8635040790744962225, -1.495632937499999704 ) ) ;
#2779 = CARTESIAN_POINT ( 'NONE',  ( 5.680321094744261501, 0.8635040790744956674, 1.495632937500000148 ) ) ;
#2780 = CARTESIAN_POINT ( 'NONE',  ( 8.753237760728131533, 1.414508159514583197, 8.661364449586740749E-17 ) ) ;
#2781 = CARTESIAN_POINT ( 'NONE',  ( 6.294904428760390580, 0.7072540797572920424, -1.224999999999999645 ) ) ;
#2782 = CARTESIAN_POINT ( 'NONE',  ( 7.638654428077594538, 1.295256118611743723, 0.7478164687500002961 ) ) ;
#2783 = CARTESIAN_POINT ( 'NONE',  ( 5.461571095427056655, 0.7072540797572914872, 1.225000000000000089 ) ) ;
#2784 = CARTESIAN_POINT ( 'NONE',  ( 2.168404344971008868E-16, 0.5773502691896258421, 0.9999999999999997780 ) ) ;
#2785 = CARTESIAN_POINT ( 'NONE',  ( 5.117821094744260613, 0.8635040790744956674, 1.495632937500000148 ) ) ;
#2786 = EDGE_CURVE ( 'NONE', #1744, #3529, #2991, .T. ) ;
#2787 = EDGE_LOOP ( 'NONE', ( #2595, #915 ) ) ;
#2788 = CARTESIAN_POINT ( 'NONE',  ( 4.794904427394797608, 1.060881119635937564, 0.6125000000000001554 ) ) ;
#2789 = CARTESIAN_POINT ( 'NONE',  ( 6.096987761410927575, 1.727008158148991557, 1.057487506489264306E-16 ) ) ;
#2790 = CARTESIAN_POINT ( 'NONE',  ( 0.02405577392214898816, -1.237824662347656091, -0.3060247939520699401 ) ) ;
#2791 = CARTESIAN_POINT ( 'NONE',  ( 2.836571094061463683, 0.7072540797572914872, 1.225000000000000089 ) ) ;
#2792 = FACE_OUTER_BOUND ( 'NONE', #2883, .T. ) ;
#2793 = ORIENTED_EDGE ( 'NONE', *, *, #2539, .F. ) ;
#2794 = CARTESIAN_POINT ( 'NONE',  ( 7.419904428760389692, 1.060881119635937564, 0.6125000000000001554 ) ) ;
#2795 = CARTESIAN_POINT ( 'NONE',  ( 3.451154428077594982, 0.8635040790744962225, -1.495632937499999704 ) ) ;
#2796 = CARTESIAN_POINT ( 'NONE',  ( 3.555321094744261057, 1.295256118611743723, -0.7478164687499997410 ) ) ;
#2797 = CARTESIAN_POINT ( 'NONE',  ( 7.086571094061464571, -0.7072540797572901550, -1.225000000000002531 ) ) ;
#2798 = CARTESIAN_POINT ( 'NONE',  ( 2.075685621715823164E-16, 1.423210240337996924, -0.4050005866908148455 ) ) ;
#2799 = CARTESIAN_POINT ( 'NONE',  ( 7.992821094744261501, 1.295256118611743723, -0.7478164687499997410 ) ) ;
#2800 = CARTESIAN_POINT ( 'NONE',  ( -0.03842890593853606762, -1.060881119635938008, 0.6124999999999992673 ) ) ;
#2801 = CARTESIAN_POINT ( 'NONE',  ( 7.586571095427057543, -1.060881119635938008, 0.6124999999999992673 ) ) ;
#2802 = DIRECTION ( 'NONE',  ( 0.000000000000000000, -0.5000000000000002220, 0.8660254037844384856 ) ) ;
#2803 = CARTESIAN_POINT ( 'NONE',  ( 4.201154428077594538, -0.8635040790744965555, 1.495632937499999704 ) ) ;
#2804 = EDGE_CURVE ( 'NONE', #3464, #1524, #187, .T. ) ;
#2805 = VERTEX_POINT ( 'NONE', #3548 ) ;
#2806 = CARTESIAN_POINT ( 'NONE',  ( 2.378237760728130645, 0.000000000000000000, 1.225000000000000089 ) ) ;
#2807 = CARTESIAN_POINT ( 'NONE',  ( 4.555321094744261501, 1.295256118611743723, -0.7478164687499997410 ) ) ;
#2808 = CARTESIAN_POINT ( 'NONE',  ( 1.086571094061464571, -0.7072540797572862692, -1.225000000000008749 ) ) ;
#2809 = CARTESIAN_POINT ( 'NONE',  ( 5.128237762093723617, -1.414508159514583197, -2.598409334876022102E-16 ) ) ;
#2810 = EDGE_CURVE ( 'NONE', #1350, #3473, #421, .T. ) ;
#2811 = CARTESIAN_POINT ( 'NONE',  ( -4.666666666666662522, 0.000000000000000000, 0.000000000000000000 ) ) ;
#2812 = CARTESIAN_POINT ( 'NONE',  ( 0.3261544280775945936, -1.295256118611743501, -0.7478164687500007402 ) ) ;
#2813 = VECTOR ( 'NONE', #3516, 1000.000000000000000 ) ;
#2814 = CARTESIAN_POINT ( 'NONE',  ( 4.951154428077595426, 0.8635040790744962225, -1.495632937499999704 ) ) ;
#2815 = CARTESIAN_POINT ( 'NONE',  ( 6.096987761410929352, 1.727008158148991335, 1.057487506489264306E-16 ) ) ;
#2816 = CARTESIAN_POINT ( 'NONE',  ( -1.499999999999999778, 0.5773502691896256200, -1.000000000000000000 ) ) ;
#2817 = CARTESIAN_POINT ( 'NONE',  ( 6.753237762093723617, 1.500192328955507931E-16, -1.225000000000000089 ) ) ;
#2818 = CARTESIAN_POINT ( 'NONE',  ( 4.503237760728130645, -1.414508159514583197, -2.598409334876022102E-16 ) ) ;
#2819 = CIRCLE ( 'NONE', #2203, 0.2500000000000002220 ) ;
#2820 = CARTESIAN_POINT ( 'NONE',  ( 7.388654428077594538, -1.295256118611743501, -0.7478164687500007402 ) ) ;
#2821 = CARTESIAN_POINT ( 'NONE',  ( 5.836571095427057543, 1.060881119635937564, -0.6124999999999997113 ) ) ;
#2822 = DIRECTION ( 'NONE',  ( 0.000000000000000000, 0.000000000000000000, 1.000000000000000000 ) ) ;
#2823 = CARTESIAN_POINT ( 'NONE',  ( 4.034487761410928464, 1.727008158148991335, 1.057487506489264306E-16 ) ) ;
#2824 = CARTESIAN_POINT ( 'NONE',  ( 5.378237762093724506, 1.414508159514583197, 8.661364449586740749E-17 ) ) ;
#2825 = FACE_OUTER_BOUND ( 'NONE', #1225, .T. ) ;
#2826 = CARTESIAN_POINT ( 'NONE',  ( 6.888654428077594538, -1.295256118611743501, -0.7478164687500007402 ) ) ;
#2827 = CARTESIAN_POINT ( 'NONE',  ( 2.168404344971008868E-16, -0.5773502691896257311, -1.000000000000000000 ) ) ;
#2828 = CARTESIAN_POINT ( 'NONE',  ( 7.760955929736193859, 1.077476322262449937, 0.7356286672367671198 ) ) ;
#2829 = DIRECTION ( 'NONE',  ( 0.000000000000000000, 0.000000000000000000, 1.000000000000000000 ) ) ;
#2830 = VECTOR ( 'NONE', #2758, 1000.000000000000227 ) ;
#2831 = CARTESIAN_POINT ( 'NONE',  ( 2.034487761410928020, 1.727008158148991335, 1.057487506489264306E-16 ) ) ;
#2832 = CARTESIAN_POINT ( 'NONE',  ( 4.409487761410928464, 1.831622089608728481E-16, -1.495632937500000148 ) ) ;
#2833 = CARTESIAN_POINT ( 'NONE',  ( 4.638654428077594538, 1.295256118611743723, 0.7478164687500002961 ) ) ;
#2834 = CARTESIAN_POINT ( 'NONE',  ( 6.794904428760388804, 0.7072540797572932636, -1.224999999999997646 ) ) ;
#2835 = CARTESIAN_POINT ( 'NONE',  ( 8.503237760728129757, -1.414508159514583197, -2.598409334876022102E-16 ) ) ;
#2836 = CARTESIAN_POINT ( 'NONE',  ( 7.867821094744261501, -0.8635040790744952233, -1.495632937500000592 ) ) ;
#2837 = CARTESIAN_POINT ( 'NONE',  ( 7.013654428077593650, 0.8635040790744962225, -1.495632937499999704 ) ) ;
#2838 = CARTESIAN_POINT ( 'NONE',  ( 6.336571095427056655, 1.060881119635937564, -0.6124999999999997113 ) ) ;
#2839 = CARTESIAN_POINT ( 'NONE',  ( 8.471987761410927575, 1.831622089608728481E-16, -1.495632937500000148 ) ) ;
#2840 = ADVANCED_FACE ( 'NONE', ( #383 ), #2384, .T. ) ;
#2841 = CARTESIAN_POINT ( 'NONE',  ( 2.784487761410928020, -1.727008158148991335, -3.172462519467792547E-16 ) ) ;
#2842 = CARTESIAN_POINT ( 'NONE',  ( 4.753237760728130645, 1.414508159514583197, 8.661364449586740749E-17 ) ) ;
#2843 = ORIENTED_EDGE ( 'NONE', *, *, #505, .F. ) ;
#2844 = CARTESIAN_POINT ( 'NONE',  ( 2.096987761410928020, 1.727008158148991557, 1.057487506489264306E-16 ) ) ;
#2845 = CARTESIAN_POINT ( 'NONE',  ( 1.003237760728130423, -1.414508159514583197, -2.598409334876022102E-16 ) ) ;
#2846 = CARTESIAN_POINT ( 'NONE',  ( 7.723394697994793390, 1.271675166877427543, 0.3436810871431046910 ) ) ;
#2847 = ORIENTED_EDGE ( 'NONE', *, *, #3280, .F. ) ;
#2848 = CARTESIAN_POINT ( 'NONE',  ( 6.586571095427057543, -1.060881119635938008, 0.6124999999999992673 ) ) ;
#2849 = CARTESIAN_POINT ( 'NONE',  ( 0.9928210947442615009, 1.295256118611743723, -0.7478164687499997410 ) ) ;
#2850 = CARTESIAN_POINT ( 'NONE',  ( 0.4928210947442619450, 1.295256118611743723, -0.7478164687499997410 ) ) ;
#2851 = CARTESIAN_POINT ( 'NONE',  ( 5.013654428077595426, 0.8635040790744962225, -1.495632937499999704 ) ) ;
#2852 = CARTESIAN_POINT ( 'NONE',  ( 2.461571095427057099, 0.7072540797572914872, 1.225000000000000089 ) ) ;
#2853 = CARTESIAN_POINT ( 'NONE',  ( 6.461571094061463683, -1.060881119635938008, 0.6124999999999992673 ) ) ;
#2854 = CARTESIAN_POINT ( 'NONE',  ( 7.326154428077594538, -1.295256118611743501, -0.7478164687500007402 ) ) ;
#2855 = CARTESIAN_POINT ( 'NONE',  ( 5.263654428077595426, -0.8635040790744966666, 1.495632937499999704 ) ) ;
#2856 = CARTESIAN_POINT ( 'NONE',  ( 6.919904428760390580, 1.060881119635937564, 0.6125000000000001554 ) ) ;
#2857 = CARTESIAN_POINT ( 'NONE',  ( 2.961571095427057987, 0.7072540797572866023, 1.225000000000008527 ) ) ;
#2858 = CARTESIAN_POINT ( 'NONE',  ( 4.284487761410928464, -1.727008158148991335, -3.172462519467792547E-16 ) ) ;
#2859 = DIRECTION ( 'NONE',  ( -1.000000000000000000, -0.000000000000000000, -0.000000000000000000 ) ) ;
#2860 = ORIENTED_EDGE ( 'NONE', *, *, #1382, .T. ) ;
#2861 = CARTESIAN_POINT ( 'NONE',  ( 4.430321094744261501, -0.8635040790744952233, -1.495632937500000592 ) ) ;
#2862 = CARTESIAN_POINT ( 'NONE',  ( 0.9615710940614647928, -1.060881119635938008, 0.6124999999999992673 ) ) ;
#2863 = CARTESIAN_POINT ( 'NONE',  ( 7.793591040517862112, 0.8275131370689748911, 0.9843614605629027459 ) ) ;
#2864 = ORIENTED_EDGE ( 'NONE', *, *, #2786, .F. ) ;
#2865 = CARTESIAN_POINT ( 'NONE',  ( 3.878237760728130201, 0.000000000000000000, 1.225000000000000089 ) ) ;
#2866 = CARTESIAN_POINT ( 'NONE',  ( 1.492821094744261057, 1.295256118611743723, -0.7478164687499997410 ) ) ;
#2867 =( BOUNDED_SURFACE ( )  B_SPLINE_SURFACE ( 1, 2, ( 
 ( #1957, #1377, #1604, #2780, #3065, #2534, #3700, #529, #1676, #2835, #2760, #1323, #2474, #3644, #2185, #1136, #620, #30, #1750, #2622, #1434, #875, #14, #3483, #3162, #3448, #2016, #2604, #3181, #2589, #585, #1187, #3740, #3218, #3760, #1732, #1414, #2280, #2333, #1452, #3503, #2051, #909, #1767, #2571, #1170, #1714, #837, #263, #858, #549, #2000, #567, #603, #2926, #2034, #3199, #1153, #2853, #2311, #1470, #1981, #301, #891, #338, #2297, #1117, #2908, #2871, #282, #2888, #3466, #319, #1489, #3720, #2262, #3426, #3145, #1694, #3341, #1056, #3077, #2194, #2069, #1804, #638, #69, #2980, #3635, #1227, #53, #3270, #1543, #391, #1913, #1244, #2642, #2396, #1510, #3360, #2374, #3252, #182, #1788, #3235, #1035, #2353, #2945, #463, #3654, #2680, #679, #357, #2177, #1820, #3557, #485, #1208, #3538, #87, #750, #374, #3522, #2700, #2662, #927, #1894, #1335, #945, #966, #161, #3055, #2087, #1617, #2105, #1314, #661, #2464, #1526, #2963, #2772, #2484, #769, #1354, #2504, #2791, #3671, #1635, #202, #2671, #2114, #973, #2421, #1849, #2404, #725, #115, #401, #1269, #1518, #2455, #2169, #3296, #1589, #705, #95, #2096, #1285, #3010, #2688, #3604, #1886, #2437, #419, #1571, #3567, #670, #1007, #2726, #134, #987, #2149, #1253, #2743, #1304, #3586, #77, #3047, #2131, #1235, #1550, #687, #3261, #3314, #3277, #3625, #1868, #1829, #2989, #3333, #3028, #2707, #437, #153, #1027, #742, #2383, #3547, #954, #1811, #2971, #382, #1533, #3106, #2800, #1940, #3683 ),
 ( #3429, #2496, #3646, #1399, #1627, #1119, #532, #2243, #3125, #1923, #1362, #511, #230, #3663, #193, #2519, #1661, #1085, #3088, #2224, #1679, #475, #3722, #1101, #1959, #1379, #2782, #3391, #798, #1066, #2536, #839, #2820, #454, #3702, #211, #492, #781, #1609, #3409, #1984, #2837, #3068, #1345, #817, #246, #2763, #2555, #2204, #2264, #2187, #173, #3372, #1644, #1326, #2476, #1048, #3352, #1906, #760, #2626, #1772, #1696, #1455, #2037, #323, #2591, #1191, #1734, #2607, #3165, #2893, #877, #3762, #860, #607, #34, #3488, #3506, #285, #3526, #551, #17, #2855, #1155, #2299, #304, #894, #1436, #2336, #1173, #2018, #2314, #3147, #343, #57, #3202, #3220, #1753, #1717, #3742, #2912, #1474, #570, #912, #932, #2055, #624, #2930, #3468, #2283, #1494, #2646, #1212, #2358, #265, #2873, #1416, #2573, #1138, #3450, #2002, #3184, #587, #1506, #315, #2677, #2102, #1204, #1783, #1465, #3249, #352, #2065, #2696, #1165, #3478, #1222, #2941, #2658, #2030, #2307, #66, #1746, #2327, #2904, #1241, #2083, #887, #2921, #3231, #3195, #1763, #617, #634, #2367, #2047, #371, #3517, #47, #921, #598, #3267, #1817, #3534, #2392, #942, #3497, #2618, #656, #1801, #905, #2960, #1539, #1523, #83, #3554, #3213, #27, #961, #677, #2977, #388, #1183, #334, #1485, #2638, #2349, #104, #1293, #1636, #2178, #2485, #3018, #694, #3636, #1857, #3655, #751, #426, #1578, #771, #2157, #142, #1276, #1057, #2734, #2445, #445, #733, #3614, #2998, #1015, #3322, #1876, #2751, #3036 ) ),
 .UNSPECIFIED., .F., .F., .F. ) 
 B_SPLINE_SURFACE_WITH_KNOTS ( ( 2, 2 ),
 ( 3, 2, 2, 2, 2, 2, 2, 2, 2, 2, 2, 2, 2, 2, 2, 2, 2, 2, 2, 2, 2, 2, 2, 2, 2, 2, 2, 2, 2, 2, 2, 2, 2, 2, 2, 2, 2, 2, 2, 2, 2, 2, 2, 2, 2, 2, 2, 2, 2, 2, 2, 2, 2, 2, 2, 2, 2, 2, 2, 2, 2, 2, 2, 2, 2, 2, 2, 2, 2, 2, 2, 2, 2, 2, 2, 2, 2, 2, 2, 2, 2, 2, 2, 2, 2, 2, 2, 2, 2, 2, 2, 2, 2, 2, 2, 2, 2, 2, 2, 2, 2, 2, 2, 2, 2, 2, 2, 2, 3 ),
 ( 0.000000000000000000, 1.000000000000000000 ),
 ( 0.000000000000000000, 0.009259259259259258745, 0.01851851851851851749, 0.02777777777777777624, 0.03703703703703703498, 0.04629629629629629373, 0.05555555555555555247, 0.06481481481481481122, 0.07407407407407406996, 0.08333333333333332871, 0.09259259259259258745, 0.1018518518518518462, 0.1111111111111111049, 0.1203703703703703637, 0.1296296296296296224, 0.1388888888888888951, 0.1481481481481481399, 0.1574074074074074125, 0.1666666666666666574, 0.1759259259259259300, 0.1851851851851851749, 0.1944444444444444475, 0.2037037037037036924, 0.2129629629629629650, 0.2222222222222222099, 0.2314814814814814825, 0.2407407407407407274, 0.2500000000000000000, 0.2592592592592592449, 0.2685185185185185452, 0.2777777777777777901, 0.2870370370370370350, 0.2962962962962962798, 0.3055555555555555802, 0.3148148148148148251, 0.3240740740740740700, 0.3333333333333333148, 0.3425925925925926152, 0.3518518518518518601, 0.3611111111111111049, 0.3703703703703703498, 0.3796296296296296502, 0.3888888888888888951, 0.3981481481481481399, 0.4074074074074073848, 0.4166666666666666852, 0.4259259259259259300, 0.4351851851851851749, 0.4444444444444444198, 0.4537037037037037202, 0.4629629629629629650, 0.4722222222222222099, 0.4814814814814814548, 0.4907407407407407551, 0.5000000000000000000, 0.5092592592592593004, 0.5185185185185184897, 0.5277777777777777901, 0.5370370370370370905, 0.5462962962962962798, 0.5555555555555555802, 0.5648148148148147696, 0.5740740740740740700, 0.5833333333333333703, 0.5925925925925925597, 0.6018518518518518601, 0.6111111111111111605, 0.6203703703703703498, 0.6296296296296296502, 0.6388888888888888395, 0.6481481481481481399, 0.6574074074074074403, 0.6666666666666666297, 0.6759259259259259300, 0.6851851851851852304, 0.6944444444444444198, 0.7037037037037037202, 0.7129629629629629095, 0.7222222222222222099, 0.7314814814814815103, 0.7407407407407406996, 0.7500000000000000000, 0.7592592592592593004, 0.7685185185185184897, 0.7777777777777777901, 0.7870370370370370905, 0.7962962962962962798, 0.8055555555555555802, 0.8148148148148147696, 0.8240740740740740700, 0.8333333333333333703, 0.8425925925925925597, 0.8518518518518518601, 0.8611111111111111605, 0.8703703703703703498, 0.8796296296296296502, 0.8888888888888888395, 0.8981481481481481399, 0.9074074074074074403, 0.9166666666666666297, 0.9259259259259259300, 0.9351851851851852304, 0.9444444444444444198, 0.9537037037037037202, 0.9629629629629629095, 0.9722222222222222099, 0.9814814814814815103, 0.9907407407407406996, 1.000000000000000000 ),
 .UNSPECIFIED. ) 
 GEOMETRIC_REPRESENTATION_ITEM ( )  RATIONAL_B_SPLINE_SURFACE ( (
 ( 1.000000000000000000, 0.8660254037844387076, 1.000000000000000000, 0.8660254037844387076, 1.000000000000000000, 0.8660254037844387076, 1.000000000000000000, 0.8660254037844387076, 1.000000000000000000, 0.8660254037844387076, 1.000000000000000000, 0.8660254037844387076, 1.000000000000000000, 0.8660254037844387076, 1.000000000000000000, 0.8660254037844387076, 1.000000000000000000, 0.8660254037844387076, 1.000000000000000000, 0.8660254037844387076, 1.000000000000000000, 0.8660254037844387076, 1.000000000000000000, 0.8660254037844387076, 1.000000000000000000, 0.8660254037844387076, 1.000000000000000000, 0.8660254037844387076, 1.000000000000000000, 0.8660254037844387076, 1.000000000000000000, 0.8660254037844387076, 1.000000000000000000, 0.8660254037844387076, 1.000000000000000000, 0.8660254037844387076, 1.000000000000000000, 0.8660254037844387076, 1.000000000000000000, 0.8660254037844387076, 1.000000000000000000, 0.8660254037844387076, 1.000000000000000000, 0.8660254037844387076, 1.000000000000000000, 0.8660254037844387076, 1.000000000000000000, 0.8660254037844387076, 1.000000000000000000, 0.8660254037844387076, 1.000000000000000000, 0.8660254037844387076, 1.000000000000000000, 0.8660254037844387076, 1.000000000000000000, 0.8660254037844387076, 1.000000000000000000, 0.8660254037844387076, 1.000000000000000000, 0.8660254037844387076, 1.000000000000000000, 0.8660254037844387076, 1.000000000000000000, 0.8660254037844387076, 1.000000000000000000, 0.8660254037844387076, 1.000000000000000000, 0.8660254037844387076, 1.000000000000000000, 0.8660254037844387076, 1.000000000000000000, 0.8660254037844387076, 1.000000000000000000, 0.8660254037844387076, 1.000000000000000000, 0.8660254037844387076, 1.000000000000000000, 0.8660254037844387076, 1.000000000000000000, 0.8660254037844387076, 1.000000000000000000, 0.8660254037844387076, 1.000000000000000000, 0.8660254037844387076, 1.000000000000000000, 0.8660254037844387076, 1.000000000000000000, 0.8660254037844387076, 1.000000000000000000, 0.8660254037844387076, 1.000000000000000000, 0.8660254037844387076, 1.000000000000000000, 0.8660254037844387076, 1.000000000000000000, 0.8660254037844387076, 1.000000000000000000, 0.8660254037844387076, 1.000000000000000000, 0.8660254037844387076, 1.000000000000000000, 0.8660254037844387076, 1.000000000000000000, 0.8660254037844387076, 1.000000000000000000, 0.8660254037844387076, 1.000000000000000000, 0.8660254037844387076, 1.000000000000000000, 0.8660254037844387076, 1.000000000000000000, 0.8660254037844387076, 1.000000000000000000, 0.8660254037844387076, 1.000000000000000000, 0.8660254037844387076, 1.000000000000000000, 0.8660254037844387076, 1.000000000000000000, 0.8660254037844387076, 1.000000000000000000, 0.8660254037844387076, 1.000000000000000000, 0.8660254037844387076, 1.000000000000000000, 0.8660254037844387076, 1.000000000000000000, 0.8660254037844387076, 1.000000000000000000, 0.8660254037844387076, 1.000000000000000000, 0.8660254037844387076, 1.000000000000000000, 0.8660254037844387076, 1.000000000000000000, 0.8660254037844387076, 1.000000000000000000, 0.8660254037844387076, 1.000000000000000000, 0.8660254037844387076, 1.000000000000000000, 0.8660254037844387076, 1.000000000000000000, 0.8660254037844387076, 1.000000000000000000, 0.8660254037844387076, 1.000000000000000000, 0.8660254037844387076, 1.000000000000000000, 0.8660254037844387076, 1.000000000000000000, 0.8660254037844387076, 1.000000000000000000, 0.8660254037844387076, 1.000000000000000000, 0.8660254037844387076, 1.000000000000000000, 0.8660254037844387076, 1.000000000000000000, 0.8660254037844387076, 1.000000000000000000, 0.8660254037844387076, 1.000000000000000000, 0.8660254037844387076, 1.000000000000000000, 0.8660254037844387076, 1.000000000000000000, 0.8660254037844387076, 1.000000000000000000, 0.8660254037844387076, 1.000000000000000000, 0.8660254037844387076, 1.000000000000000000, 0.8660254037844387076, 1.000000000000000000, 0.8660254037844387076, 1.000000000000000000, 0.8660254037844387076, 1.000000000000000000, 0.8660254037844387076, 1.000000000000000000, 0.8660254037844387076, 1.000000000000000000, 0.8660254037844387076, 1.000000000000000000, 0.8660254037844387076, 1.000000000000000000, 0.8660254037844387076, 1.000000000000000000, 0.8660254037844387076, 1.000000000000000000, 0.8660254037844387076, 1.000000000000000000, 0.8660254037844387076, 1.000000000000000000, 0.8660254037844387076, 1.000000000000000000, 0.8660254037844387076, 1.000000000000000000, 0.8660254037844387076, 1.000000000000000000, 0.8660254037844387076, 1.000000000000000000, 0.8660254037844387076, 1.000000000000000000, 0.8660254037844387076, 1.000000000000000000, 0.8660254037844387076, 1.000000000000000000, 0.8660254037844387076, 1.000000000000000000, 0.8660254037844387076, 1.000000000000000000, 0.8660254037844387076, 1.000000000000000000, 0.8660254037844387076, 1.000000000000000000),
 ( 1.000000000000000000, 0.8660254037844387076, 1.000000000000000000, 0.8660254037844387076, 1.000000000000000000, 0.8660254037844387076, 1.000000000000000000, 0.8660254037844387076, 1.000000000000000000, 0.8660254037844387076, 1.000000000000000000, 0.8660254037844387076, 1.000000000000000000, 0.8660254037844387076, 1.000000000000000000, 0.8660254037844387076, 1.000000000000000000, 0.8660254037844387076, 1.000000000000000000, 0.8660254037844387076, 1.000000000000000000, 0.8660254037844387076, 1.000000000000000000, 0.8660254037844387076, 1.000000000000000000, 0.8660254037844387076, 1.000000000000000000, 0.8660254037844387076, 1.000000000000000000, 0.8660254037844387076, 1.000000000000000000, 0.8660254037844387076, 1.000000000000000000, 0.8660254037844387076, 1.000000000000000000, 0.8660254037844387076, 1.000000000000000000, 0.8660254037844387076, 1.000000000000000000, 0.8660254037844387076, 1.000000000000000000, 0.8660254037844387076, 1.000000000000000000, 0.8660254037844387076, 1.000000000000000000, 0.8660254037844387076, 1.000000000000000000, 0.8660254037844387076, 1.000000000000000000, 0.8660254037844387076, 1.000000000000000000, 0.8660254037844387076, 1.000000000000000000, 0.8660254037844387076, 1.000000000000000000, 0.8660254037844387076, 1.000000000000000000, 0.8660254037844387076, 1.000000000000000000, 0.8660254037844387076, 1.000000000000000000, 0.8660254037844387076, 1.000000000000000000, 0.8660254037844387076, 1.000000000000000000, 0.8660254037844387076, 1.000000000000000000, 0.8660254037844387076, 1.000000000000000000, 0.8660254037844387076, 1.000000000000000000, 0.8660254037844387076, 1.000000000000000000, 0.8660254037844387076, 1.000000000000000000, 0.8660254037844387076, 1.000000000000000000, 0.8660254037844387076, 1.000000000000000000, 0.8660254037844387076, 1.000000000000000000, 0.8660254037844387076, 1.000000000000000000, 0.8660254037844387076, 1.000000000000000000, 0.8660254037844387076, 1.000000000000000000, 0.8660254037844387076, 1.000000000000000000, 0.8660254037844387076, 1.000000000000000000, 0.8660254037844387076, 1.000000000000000000, 0.8660254037844387076, 1.000000000000000000, 0.8660254037844387076, 1.000000000000000000, 0.8660254037844387076, 1.000000000000000000, 0.8660254037844387076, 1.000000000000000000, 0.8660254037844387076, 1.000000000000000000, 0.8660254037844387076, 1.000000000000000000, 0.8660254037844387076, 1.000000000000000000, 0.8660254037844387076, 1.000000000000000000, 0.8660254037844387076, 1.000000000000000000, 0.8660254037844387076, 1.000000000000000000, 0.8660254037844387076, 1.000000000000000000, 0.8660254037844387076, 1.000000000000000000, 0.8660254037844387076, 1.000000000000000000, 0.8660254037844387076, 1.000000000000000000, 0.8660254037844387076, 1.000000000000000000, 0.8660254037844387076, 1.000000000000000000, 0.8660254037844387076, 1.000000000000000000, 0.8660254037844387076, 1.000000000000000000, 0.8660254037844387076, 1.000000000000000000, 0.8660254037844387076, 1.000000000000000000, 0.8660254037844387076, 1.000000000000000000, 0.8660254037844387076, 1.000000000000000000, 0.8660254037844387076, 1.000000000000000000, 0.8660254037844387076, 1.000000000000000000, 0.8660254037844387076, 1.000000000000000000, 0.8660254037844387076, 1.000000000000000000, 0.8660254037844387076, 1.000000000000000000, 0.8660254037844387076, 1.000000000000000000, 0.8660254037844387076, 1.000000000000000000, 0.8660254037844387076, 1.000000000000000000, 0.8660254037844387076, 1.000000000000000000, 0.8660254037844387076, 1.000000000000000000, 0.8660254037844387076, 1.000000000000000000, 0.8660254037844387076, 1.000000000000000000, 0.8660254037844387076, 1.000000000000000000, 0.8660254037844387076, 1.000000000000000000, 0.8660254037844387076, 1.000000000000000000, 0.8660254037844387076, 1.000000000000000000, 0.8660254037844387076, 1.000000000000000000, 0.8660254037844387076, 1.000000000000000000, 0.8660254037844387076, 1.000000000000000000, 0.8660254037844387076, 1.000000000000000000, 0.8660254037844387076, 1.000000000000000000, 0.8660254037844387076, 1.000000000000000000, 0.8660254037844387076, 1.000000000000000000, 0.8660254037844387076, 1.000000000000000000, 0.8660254037844387076, 1.000000000000000000, 0.8660254037844387076, 1.000000000000000000, 0.8660254037844387076, 1.000000000000000000, 0.8660254037844387076, 1.000000000000000000, 0.8660254037844387076, 1.000000000000000000, 0.8660254037844387076, 1.000000000000000000, 0.8660254037844387076, 1.000000000000000000, 0.8660254037844387076, 1.000000000000000000, 0.8660254037844387076, 1.000000000000000000, 0.8660254037844387076, 1.000000000000000000, 0.8660254037844387076, 1.000000000000000000, 0.8660254037844387076, 1.000000000000000000, 0.8660254037844387076, 1.000000000000000000, 0.8660254037844387076, 1.000000000000000000, 0.8660254037844387076, 1.000000000000000000, 0.8660254037844387076, 1.000000000000000000) ) ) 
 REPRESENTATION_ITEM ( '' )  SURFACE ( )  );
#2868 = CARTESIAN_POINT ( 'NONE',  ( 1.971987761410928020, 1.831622089608728481E-16, -1.495632937500000148 ) ) ;
#2869 = ORIENTED_EDGE ( 'NONE', *, *, #3732, .F. ) ;
#2870 = DIRECTION ( 'NONE',  ( -1.000000000000000000, -0.000000000000000000, -0.000000000000000000 ) ) ;
#2871 = CARTESIAN_POINT ( 'NONE',  ( 6.044904427394796720, -1.060881119635937342, -0.6125000000000005995 ) ) ;
#2872 = CARTESIAN_POINT ( 'NONE',  ( 5.784487761410928464, -1.727008158148991557, -3.172462519467792547E-16 ) ) ;
#2873 = CARTESIAN_POINT ( 'NONE',  ( 3.888654428077594094, -1.295256118611743501, -0.7478164687500007402 ) ) ;
#2874 = CARTESIAN_POINT ( 'NONE',  ( 3.336571095427056655, 1.060881119635937564, -0.6124999999999997113 ) ) ;
#2875 = CIRCLE ( 'NONE', #2753, 1.225000000000000089 ) ;
#2876 = CARTESIAN_POINT ( 'NONE',  ( 8.388654428077595426, -1.295256118611743501, -0.7478164687500007402 ) ) ;
#2877 = CARTESIAN_POINT ( 'NONE',  ( 2.294904427394797164, 1.060881119635937564, 0.6125000000000001554 ) ) ;
#2878 = ORIENTED_EDGE ( 'NONE', *, *, #2414, .F. ) ;
#2879 = ORIENTED_EDGE ( 'NONE', *, *, #1040, .T. ) ;
#2880 = CARTESIAN_POINT ( 'NONE',  ( -4.666666666666662522, 1.500192328955507931E-16, -1.225000000000000089 ) ) ;
#2881 = CARTESIAN_POINT ( 'NONE',  ( 1.628237760728130867, 1.500192328955507931E-16, -1.225000000000000089 ) ) ;
#2882 = EDGE_CURVE ( 'NONE', #2640, #1219, #964, .T. ) ;
#2883 = EDGE_LOOP ( 'NONE', ( #3179, #1468, #1859, #2011 ) ) ;
#2884 = DIRECTION ( 'NONE',  ( 0.000000000000000000, 0.8660254037844385966, -0.5000000000000003331 ) ) ;
#2885 = CARTESIAN_POINT ( 'NONE',  ( 1.576154428077594760, 1.295256118611743723, 0.7478164687500002961 ) ) ;
#2886 = CARTESIAN_POINT ( 'NONE',  ( 1.180321094744261723, 0.8635040790744956674, 1.495632937500000148 ) ) ;
#2887 = ORIENTED_EDGE ( 'NONE', *, *, #960, .T. ) ;
#2888 = CARTESIAN_POINT ( 'NONE',  ( 5.961571094061463683, -1.060881119635938008, 0.6124999999999992673 ) ) ;
#2889 = CARTESIAN_POINT ( 'NONE',  ( 5.701154428077593650, -0.8635040790744966666, 1.495632937499999704 ) ) ;
#2890 =( BOUNDED_CURVE ( )  B_SPLINE_CURVE ( 2, ( #199, #1351, #2501, #1072, #2210, #3379, #786 ),
 .UNSPECIFIED., .F., .T. ) 
 B_SPLINE_CURVE_WITH_KNOTS ( ( 3, 2, 2, 3 ),
 ( 0.9166666666666666297, 0.9259259259259258190, 0.9351851851851851194, 0.9444444444444441977 ),
 .UNSPECIFIED. ) 
 CURVE ( )  GEOMETRIC_REPRESENTATION_ITEM ( )  RATIONAL_B_SPLINE_CURVE ( ( 1.000000000000000000, 0.8660254037844387076, 1.000000000000000000, 0.8660254037844387076, 1.000000000000000000, 0.8660254037844419273, 0.9999999999999967804 ) ) 
 REPRESENTATION_ITEM ( '' )  );
#2891 = EDGE_CURVE ( 'NONE', #3131, #2467, #2423, .T. ) ;
#2892 = CARTESIAN_POINT ( 'NONE',  ( 3.211571095427057543, -0.7072540797572813842, -1.225000000000017186 ) ) ;
#2893 = CARTESIAN_POINT ( 'NONE',  ( 5.763654428077594538, -0.8635040790744966666, 1.495632937499999704 ) ) ;
#2894 = CARTESIAN_POINT ( 'NONE',  ( 4.503237762093723617, 0.000000000000000000, 1.225000000000000089 ) ) ;
#2895 = DIRECTION ( 'NONE',  ( 0.000000000000000000, 0.000000000000000000, 1.000000000000000000 ) ) ;
#2896 = CARTESIAN_POINT ( 'NONE',  ( 2.253237760728130645, 1.414508159514583197, 8.661364449586740749E-17 ) ) ;
#2897 = EDGE_LOOP ( 'NONE', ( #1017, #412, #628, #1637 ) ) ;
#2898 = ORIENTED_EDGE ( 'NONE', *, *, #1953, .F. ) ;
#2899 = ADVANCED_FACE ( 'NONE', ( #2728 ), #1128, .T. ) ;
#2900 = CARTESIAN_POINT ( 'NONE',  ( 4.169904427394796720, 0.7072540797572920424, -1.224999999999999645 ) ) ;
#2901 = CARTESIAN_POINT ( 'NONE',  ( 1.628237762093723617, -1.414508159514583197, -2.598409334876022102E-16 ) ) ;
#2902 = VERTEX_POINT ( 'NONE', #3244 ) ;
#2903 = CARTESIAN_POINT ( 'NONE',  ( 5.628237760728130645, 1.500192328955507931E-16, -1.225000000000000089 ) ) ;
#2904 = CARTESIAN_POINT ( 'NONE',  ( 2.680321094744261501, 0.8635040790744956674, 1.495632937500000148 ) ) ;
#2905 = CARTESIAN_POINT ( 'NONE',  ( 3.013654428077594982, 0.8635040790744962225, -1.495632937499999704 ) ) ;
#2906 = VERTEX_POINT ( 'NONE', #651 ) ;
#2907 = CARTESIAN_POINT ( 'NONE',  ( 7.627118522658571820, -0.6697174049795675543, 1.207903237267194951 ) ) ;
#2908 = CARTESIAN_POINT ( 'NONE',  ( 6.086571094061464571, -0.7072540797572911542, -1.225000000000000533 ) ) ;
#2909 = CARTESIAN_POINT ( 'NONE',  ( 7.034487761410927575, 1.727008158148991557, 1.057487506489264306E-16 ) ) ;
#2910 = EDGE_CURVE ( 'NONE', #50, #890, #1944, .T. ) ;
#2911 = CARTESIAN_POINT ( 'NONE',  ( 0.3782377607281315335, 0.000000000000000000, 1.225000000000000089 ) ) ;
#2912 = CARTESIAN_POINT ( 'NONE',  ( 4.513654428077595426, 0.8635040790744962225, -1.495632937499999704 ) ) ;
#2913 = CARTESIAN_POINT ( 'NONE',  ( 4.253237762093723617, 1.500192328955507931E-16, -1.225000000000000089 ) ) ;
#2914 = CARTESIAN_POINT ( 'NONE',  ( 7.971987761410927575, 1.831622089608728481E-16, -1.495632937500000148 ) ) ;
#2915 = ORIENTED_EDGE ( 'NONE', *, *, #2369, .T. ) ;
#2916 = DIRECTION ( 'NONE',  ( -0.000000000000000000, 1.877893248421449775E-16, 1.000000000000000000 ) ) ;
#2917 = CARTESIAN_POINT ( 'NONE',  ( -3.272108947762160120E-14, -1.059195522021739055, -0.8195949633536211421 ) ) ;
#2918 = ORIENTED_EDGE ( 'NONE', *, *, #3304, .F. ) ;
#2919 = CARTESIAN_POINT ( 'NONE',  ( 1.451154428077594760, 0.8635040790744962225, -1.495632937499999704 ) ) ;
#2920 = CARTESIAN_POINT ( 'NONE',  ( -2.889223464999396725E-16, 0.05426385379685155774, 1.223797546235125377 ) ) ;
#2921 = CARTESIAN_POINT ( 'NONE',  ( 2.513654428077594982, 0.8635040790744962225, -1.495632937499999704 ) ) ;
#2922 = EDGE_CURVE ( 'NONE', #3571, #441, #1347, .T. ) ;
#2923 = CARTESIAN_POINT ( 'NONE',  ( 1.721987761410927797, 0.000000000000000000, 1.495632937500000148 ) ) ;
#2924 = ORIENTED_EDGE ( 'NONE', *, *, #1080, .F. ) ;
#2925 = FILL_AREA_STYLE_COLOUR ( '', #353 ) ;
#2926 = CARTESIAN_POINT ( 'NONE',  ( 6.628237760728129757, 1.500192328955507931E-16, -1.225000000000000089 ) ) ;
#2927 = CARTESIAN_POINT ( 'NONE',  ( 5.617821094744261501, 0.8635040790744956674, 1.495632937500000148 ) ) ;
#2928 = ADVANCED_FACE ( 'NONE', ( #439 ), #494, .F. ) ;
#2929 = CARTESIAN_POINT ( 'NONE',  ( 4.013654428077594538, 0.8635040790744962225, -1.495632937499999704 ) ) ;
#2930 = CARTESIAN_POINT ( 'NONE',  ( 4.221987761410928464, 0.000000000000000000, 1.495632937500000148 ) ) ;
#2931 = CARTESIAN_POINT ( 'NONE',  ( 3.211571095427056655, -0.7072540797572911542, -1.225000000000000533 ) ) ;
#2932 = CARTESIAN_POINT ( 'NONE',  ( 7.680321094744260613, 0.8635040790744956674, 1.495632937500000148 ) ) ;
#2933 = AXIS2_PLACEMENT_3D ( 'NONE', #2581, #1287, #2060 ) ;
#2934 = DIRECTION ( 'NONE',  ( 0.000000000000000000, 0.000000000000000000, 1.000000000000000000 ) ) ;
#2935 = VERTEX_POINT ( 'NONE', #1646 ) ;
#2936 = CARTESIAN_POINT ( 'NONE',  ( 1.628237760728130867, 1.500192328955507931E-16, -1.225000000000000089 ) ) ;
#2937 = CYLINDRICAL_SURFACE ( 'NONE', #3198, 1.225000000000000089 ) ;
#2938 = ORIENTED_EDGE ( 'NONE', *, *, #3086, .F. ) ;
#2939 = CARTESIAN_POINT ( 'NONE',  ( 2.284487761410928020, -1.727008158148991557, -3.172462519467792547E-16 ) ) ;
#2940 = DIRECTION ( 'NONE',  ( -1.000000000000000000, -0.000000000000000000, -0.000000000000000000 ) ) ;
#2941 = CARTESIAN_POINT ( 'NONE',  ( 2.971987761410928020, 1.831622089608728481E-16, -1.495632937500000148 ) ) ;
#2942 = CARTESIAN_POINT ( 'NONE',  ( 1.221987761410928020, 0.000000000000000000, 1.495632937500000148 ) ) ;
#2943 = ORIENTED_EDGE ( 'NONE', *, *, #521, .T. ) ;
#2944 = CARTESIAN_POINT ( 'NONE',  ( 7.672658862280328229, -1.289244809197805708, 0.3885345433219810629 ) ) ;
#2945 = CARTESIAN_POINT ( 'NONE',  ( 4.419904427394797608, -0.7072540797572921534, 1.224999999999999867 ) ) ;
#2946 = CARTESIAN_POINT ( 'NONE',  ( 5.492821094744261501, 1.295256118611743723, -0.7478164687499997410 ) ) ;
#2947 = EDGE_CURVE ( 'NONE', #427, #3473, #3676, .T. ) ;
#2948 = AXIS2_PLACEMENT_3D ( 'NONE', #3475, #884, #2026 ) ;
#2949 = CARTESIAN_POINT ( 'NONE',  ( 6.284487761410927575, -1.727008158148991557, -3.172462519467792547E-16 ) ) ;
#2950 = ORIENTED_EDGE ( 'NONE', *, *, #3405, .T. ) ;
#2951 = CARTESIAN_POINT ( 'NONE',  ( 3.805321094744261501, -1.295256118611744389, 0.7478164687499990748 ) ) ;
#2952 = CARTESIAN_POINT ( 'NONE',  ( 1.586571095427057099, -1.060881119635938008, 0.6124999999999992673 ) ) ;
#2953 = CARTESIAN_POINT ( 'NONE',  ( 2.878237762093724061, 1.414508159514583197, 8.661364449586740749E-17 ) ) ;
#2954 = CARTESIAN_POINT ( 'NONE',  ( -4.666666666666662522, 0.000000000000000000, 0.000000000000000000 ) ) ;
#2955 = CARTESIAN_POINT ( 'NONE',  ( 1.503237762093723395, 0.000000000000000000, 1.225000000000000089 ) ) ;
#2956 = CARTESIAN_POINT ( 'NONE',  ( 0.2532377620937231177, 1.500192328955507931E-16, -1.225000000000000089 ) ) ;
#2957 = ORIENTED_EDGE ( 'NONE', *, *, #3732, .T. ) ;
#2958 = CARTESIAN_POINT ( 'NONE',  ( 1.117821094744261723, 0.8635040790744956674, 1.495632937500000148 ) ) ;
#2959 = CARTESIAN_POINT ( 'NONE',  ( 1.211571094061464127, 1.060881119635937564, -0.6124999999999997113 ) ) ;
#2960 = CARTESIAN_POINT ( 'NONE',  ( 1.555321094744261279, 1.295256118611743723, -0.7478164687499997410 ) ) ;
#2961 = ORIENTED_EDGE ( 'NONE', *, *, #1311, .T. ) ;
#2962 = FACE_OUTER_BOUND ( 'NONE', #2897, .T. ) ;
#2963 = CARTESIAN_POINT ( 'NONE',  ( 3.086571094061464127, -0.7072540797572911542, -1.225000000000000533 ) ) ;
#2964 = CARTESIAN_POINT ( 'NONE',  ( 2.284487761410928020, -1.727008158148991557, -3.172462519467792547E-16 ) ) ;
#2965 = ADVANCED_FACE ( 'NONE', ( #744 ), #513, .T. ) ;
#2966 = CARTESIAN_POINT ( 'NONE',  ( 5.951154428077594538, 0.8635040790744962225, -1.495632937499999704 ) ) ;
#2967 = CARTESIAN_POINT ( 'NONE',  ( 6.471987761410927575, 1.831622089608728481E-16, -1.495632937500000148 ) ) ;
#2968 = CARTESIAN_POINT ( 'NONE',  ( 2.930321094744261945, -0.8635040790744952233, -1.495632937500000592 ) ) ;
#2969 = CARTESIAN_POINT ( 'NONE',  ( 1.378237762093724061, 1.414508159514583197, 8.661364449586740749E-17 ) ) ;
#2970 = CARTESIAN_POINT ( 'NONE',  ( 9.999999999999998224, 0.000000000000000000, 2.168404344971008868E-16 ) ) ;
#2971 = CARTESIAN_POINT ( 'NONE',  ( 0.1282377607281313114, 1.500192328955507931E-16, -1.225000000000000089 ) ) ;
#2972 = CARTESIAN_POINT ( 'NONE',  ( 1.378237762093724061, 1.414508159514583197, 8.661364449586740749E-17 ) ) ;
#2973 = CARTESIAN_POINT ( 'NONE',  ( 5.451154428077593650, 0.8635040790744962225, -1.495632937499999704 ) ) ;
#2974 = ORIENTED_EDGE ( 'NONE', *, *, #2651, .T. ) ;
#2975 = CARTESIAN_POINT ( 'NONE',  ( 1.242821094744261723, -1.295256118611744389, 0.7478164687499990748 ) ) ;
#2976 = CARTESIAN_POINT ( 'NONE',  ( 3.544904427394797164, -1.060881119635937342, -0.6125000000000005995 ) ) ;
#2977 = CARTESIAN_POINT ( 'NONE',  ( 1.180321094744261723, 0.8635040790744956674, 1.495632937500000148 ) ) ;
#2978 = ORIENTED_EDGE ( 'NONE', *, *, #102, .T. ) ;
#2979 = DIRECTION ( 'NONE',  ( -1.000000000000000000, -0.000000000000000000, -0.000000000000000000 ) ) ;
#2980 = CARTESIAN_POINT ( 'NONE',  ( 5.253237760728130645, 1.414508159514583197, 8.661364449586740749E-17 ) ) ;
#2981 = CARTESIAN_POINT ( 'NONE',  ( 3.076154428077594538, 1.295256118611743723, 0.7478164687500002961 ) ) ;
#2982 = CARTESIAN_POINT ( 'NONE',  ( 7.659487761410927575, 0.000000000000000000, 1.495632937500000148 ) ) ;
#2983 = CARTESIAN_POINT ( 'NONE',  ( 6.263654428077594538, -0.8635040790744965555, 1.495632937499999704 ) ) ;
#2984 = CARTESIAN_POINT ( 'NONE',  ( 1.721987761410927797, 0.000000000000000000, 1.495632937500000148 ) ) ;
#2985 = CARTESIAN_POINT ( 'NONE',  ( 2.461571095427057099, 0.7072540797572914872, 1.225000000000000089 ) ) ;
#2986 = CARTESIAN_POINT ( 'NONE',  ( 7.787961493577133965, 0.08209168394968180404, -1.277121027141029375 ) ) ;
#2987 =( NAMED_UNIT ( * ) SI_UNIT ( $, .STERADIAN. ) SOLID_ANGLE_UNIT ( ) );
#2988 =( BOUNDED_CURVE ( )  B_SPLINE_CURVE ( 2, ( #900, #594, #2673, #1237, #3549, #1723, #2881 ),
 .UNSPECIFIED., .F., .T. ) 
 B_SPLINE_CURVE_WITH_KNOTS ( ( 3, 2, 2, 3 ),
 ( 0.7777777777777776791, 0.7870370370370369795, 0.7962962962962960578, 0.8055555555555553582 ),
 .UNSPECIFIED. ) 
 CURVE ( )  GEOMETRIC_REPRESENTATION_ITEM ( )  RATIONAL_B_SPLINE_CURVE ( ( 1.000000000000001554, 0.8660254037844371533, 1.000000000000000000, 0.8660254037844387076, 1.000000000000000000, 0.8660254037844419273, 0.9999999999999967804 ) ) 
 REPRESENTATION_ITEM ( '' )  );
#2989 = CARTESIAN_POINT ( 'NONE',  ( 0.6282377607281299792, 1.500192328955507931E-16, -1.225000000000000089 ) ) ;
#2990 = CARTESIAN_POINT ( 'NONE',  ( 7.878237762093722729, 1.414508159514583197, 8.661364449586740749E-17 ) ) ;
#2991 = LINE ( 'NONE', #3606, #1364 ) ;
#2992 = CARTESIAN_POINT ( 'NONE',  ( 7.117821094744260613, 0.8635040790744956674, 1.495632937500000148 ) ) ;
#2993 = VECTOR ( 'NONE', #2306, 1000.000000000000000 ) ;
#2994 = ORIENTED_EDGE ( 'NONE', *, *, #1837, .F. ) ;
#2995 = DIRECTION ( 'NONE',  ( 0.000000000000000000, 0.000000000000000000, 1.000000000000000000 ) ) ;
#2996 = CARTESIAN_POINT ( 'NONE',  ( -0.2500000000000002220, 0.000000000000000000, 0.000000000000000000 ) ) ;
#2997 = AXIS2_PLACEMENT_3D ( 'NONE', #1368, #3151, #3094 ) ;
#2998 = CARTESIAN_POINT ( 'NONE',  ( -0.06967890525573852689, -0.8635040790744952233, -1.495632937500000592 ) ) ;
#2999 = ORIENTED_EDGE ( 'NONE', *, *, #1977, .T. ) ;
#3000 = CARTESIAN_POINT ( 'NONE',  ( 2.669904427394798052, 0.7072540797572970384, -1.224999999999991207 ) ) ;
#3001 = EDGE_CURVE ( 'NONE', #2644, #2902, #640, .T. ) ;
#3002 = CARTESIAN_POINT ( 'NONE',  ( 3.534487761410927575, 1.727008158148991557, 1.057487506489264306E-16 ) ) ;
#3003 = CARTESIAN_POINT ( 'NONE',  ( 6.492821094744261501, 1.295256118611743723, -0.7478164687499997410 ) ) ;
#3004 = LINE ( 'NONE', #450, #780 ) ;
#3005 = CARTESIAN_POINT ( 'NONE',  ( 8.201154428077593650, -0.8635040790744966666, 1.495632937499999704 ) ) ;
#3006 = CARTESIAN_POINT ( 'NONE',  ( 0.5449044287603906911, -0.7072540797572921534, 1.224999999999999867 ) ) ;
#3007 = CARTESIAN_POINT ( 'NONE',  ( 6.419904428760390580, 1.060881119635937564, 0.6125000000000001554 ) ) ;
#3008 =( BOUNDED_CURVE ( )  B_SPLINE_CURVE ( 2, ( #1361, #2223, #2535, #2818, #2515, #1344, #3390 ),
 .UNSPECIFIED., .F., .F. ) 
 B_SPLINE_CURVE_WITH_KNOTS ( ( 3, 2, 2, 3 ),
 ( 0.4722222222222220989, 0.4814814814814813992, 0.4907407407407406996, 0.5000000000000000000 ),
 .UNSPECIFIED. ) 
 CURVE ( )  GEOMETRIC_REPRESENTATION_ITEM ( )  RATIONAL_B_SPLINE_CURVE ( ( 1.000000000000001554, 0.8660254037844371533, 1.000000000000000000, 0.8660254037844387076, 1.000000000000000000, 0.8660254037844387076, 1.000000000000000000 ) ) 
 REPRESENTATION_ITEM ( '' )  );
#3009 = EDGE_CURVE ( 'NONE', #3356, #3415, #36, .T. ) ;
#3010 = CARTESIAN_POINT ( 'NONE',  ( 1.878237760728130201, 0.000000000000000000, 1.225000000000000089 ) ) ;
#3011 = CARTESIAN_POINT ( 'NONE',  ( 8.419904428760391468, 1.060881119635937564, 0.6125000000000001554 ) ) ;
#3012 = VECTOR ( 'NONE', #3719, 1000.000000000000000 ) ;
#3013 = CARTESIAN_POINT ( 'NONE',  ( 6.867821094744261501, -0.8635040790744953343, -1.495632937500000592 ) ) ;
#3014 =( BOUNDED_CURVE ( )  B_SPLINE_CURVE ( 2, ( #3076, #2808, #219, #2845, #2862, #2342, #3134 ),
 .UNSPECIFIED., .F., .T. ) 
 B_SPLINE_CURVE_WITH_KNOTS ( ( 3, 2, 2, 3 ),
 ( 0.8611111111111110494, 0.8703703703703702388, 0.8796296296296296502, 0.8888888888888888395 ),
 .UNSPECIFIED. ) 
 CURVE ( )  GEOMETRIC_REPRESENTATION_ITEM ( )  RATIONAL_B_SPLINE_CURVE ( ( 1.000000000000001554, 0.8660254037844371533, 1.000000000000000000, 0.8660254037844387076, 1.000000000000000000, 0.8660254037844387076, 1.000000000000000000 ) ) 
 REPRESENTATION_ITEM ( '' )  );
#3015 = EDGE_LOOP ( 'NONE', ( #1441, #2655, #1111, #3210, #163, #313 ) ) ;
#3016 = DIRECTION ( 'NONE',  ( -1.000000000000000000, 0.000000000000000000, 0.000000000000000000 ) ) ;
#3017 = CARTESIAN_POINT ( 'NONE',  ( -0.6834230854612498574, 0.000000000000000000, 0.000000000000000000 ) ) ;
#3018 = CARTESIAN_POINT ( 'NONE',  ( 0.6803210947442621670, 0.8635040790744956674, 1.495632937500000148 ) ) ;
#3019 = ORIENTED_EDGE ( 'NONE', *, *, #3001, .T. ) ;
#3020 = CARTESIAN_POINT ( 'NONE',  ( 4.878237760728130645, 0.000000000000000000, 1.225000000000000089 ) ) ;
#3021 = CARTESIAN_POINT ( 'NONE',  ( 2.617821094744261501, 0.8635040790744956674, 1.495632937500000148 ) ) ;
#3022 = CARTESIAN_POINT ( 'NONE',  ( 7.117821094744260613, 0.8635040790744956674, 1.495632937500000148 ) ) ;
#3023 = CARTESIAN_POINT ( 'NONE',  ( 7.180321094744260613, 0.8635040790744956674, 1.495632937500000148 ) ) ;
#3024 = EDGE_CURVE ( 'NONE', #350, #1356, #1065, .T. ) ;
#3025 = CARTESIAN_POINT ( 'NONE',  ( 0.5136544280775947602, 0.8635040790744962225, -1.495632937499999704 ) ) ;
#3026 = CARTESIAN_POINT ( 'NONE',  ( 1.753237762093723617, 1.500192328955507931E-16, -1.225000000000000089 ) ) ;
#3027 = CARTESIAN_POINT ( 'NONE',  ( 0.1386544280775944271, 1.295256118611743723, 0.7478164687500002961 ) ) ;
#3028 = CARTESIAN_POINT ( 'NONE',  ( 0.5449044273947971639, -1.060881119635937342, -0.6125000000000005995 ) ) ;
#3029 = CARTESIAN_POINT ( 'NONE',  ( 1.534487761410928464, 1.727008158148991557, 1.057487506489264306E-16 ) ) ;
#3030 = DIRECTION ( 'NONE',  ( 0.000000000000000000, -0.5000000000000003331, -0.8660254037844384856 ) ) ;
#3031 = CARTESIAN_POINT ( 'NONE',  ( 6.451154428077593650, 0.8635040790744962225, -1.495632937499999704 ) ) ;
#3032 = ORIENTED_EDGE ( 'NONE', *, *, #1466, .F. ) ;
#3033 = DIRECTION ( 'NONE',  ( -1.000000000000000000, -0.000000000000000000, -0.000000000000000000 ) ) ;
#3034 = CARTESIAN_POINT ( 'NONE',  ( 5.221987761410928464, 0.000000000000000000, 1.495632937500000148 ) ) ;
#3035 = CARTESIAN_POINT ( 'NONE',  ( 3.503237760728130645, -1.414508159514583197, -2.598409334876022102E-16 ) ) ;
#3036 = CARTESIAN_POINT ( 'NONE',  ( -0.2780122385890714809, 0.000000000000000000, 1.495632937500000148 ) ) ;
#3037 = ORIENTED_EDGE ( 'NONE', *, *, #1828, .F. ) ;
#3038 = FACE_OUTER_BOUND ( 'NONE', #673, .T. ) ;
#3039 = CARTESIAN_POINT ( 'NONE',  ( 4.409487761410928464, 1.831622089608728481E-16, -1.495632937500000148 ) ) ;
#3040 = CARTESIAN_POINT ( 'NONE',  ( 4.326154428077594538, -1.295256118611743501, -0.7478164687500007402 ) ) ;
#3041 = CARTESIAN_POINT ( 'NONE',  ( 7.398490594428777989, -1.193333281411324442, -0.9243520012326978952 ) ) ;
#3042 = CARTESIAN_POINT ( 'NONE',  ( 0.3886544280775946492, -1.295256118611743501, -0.7478164687500007402 ) ) ;
#3043 = CARTESIAN_POINT ( 'NONE',  ( -990.0000000000000000, 0.000000000000000000, 0.000000000000000000 ) ) ;
#3044 = LINE ( 'NONE', #2402, #108 ) ;
#3045 = ADVANCED_FACE ( 'NONE', ( #3685 ), #800, .T. ) ;
#3046 = ADVANCED_FACE ( 'NONE', ( #783 ), #1925, .F. ) ;
#3047 = CARTESIAN_POINT ( 'NONE',  ( 1.086571094061464127, -0.7072540797572911542, -1.225000000000000533 ) ) ;
#3048 = CARTESIAN_POINT ( 'NONE',  ( 0.1594877614109289077, 0.000000000000000000, 1.495632937500000148 ) ) ;
#3049 = CARTESIAN_POINT ( 'NONE',  ( 7.753237762093723617, 1.500192328955507931E-16, -1.225000000000000089 ) ) ;
#3050 = CARTESIAN_POINT ( 'NONE',  ( 5.909487761410927575, 1.831622089608728481E-16, -1.495632937500000148 ) ) ;
#3051 = VERTEX_POINT ( 'NONE', #3049 ) ;
#3052 = CARTESIAN_POINT ( 'NONE',  ( 7.441117233973497669, -0.7398682183857938632, -1.292843000768130857 ) ) ;
#3053 = CARTESIAN_POINT ( 'NONE',  ( 6.971987761410928464, 1.831622089608728481E-16, -1.495632937500000148 ) ) ;
#3054 = CARTESIAN_POINT ( 'NONE',  ( 7.409487762776461039, 2.829943561418909628E-08, -1.495632937500000148 ) ) ;
#3055 = CARTESIAN_POINT ( 'NONE',  ( 3.419904427394797164, -0.7072540797572921534, 1.224999999999999867 ) ) ;
#3056 = CARTESIAN_POINT ( 'NONE',  ( 7.485369170671245520, 1.394432448875316810, -0.4149285191153607721 ) ) ;
#3057 = ORIENTED_EDGE ( 'NONE', *, *, #2507, .T. ) ;
#3058 = VERTEX_POINT ( 'NONE', #2745 ) ;
#3059 = AXIS2_PLACEMENT_3D ( 'NONE', #160, #1334, #3417 ) ;
#3060 = CARTESIAN_POINT ( 'NONE',  ( 7.461571095427056655, 0.7072540797572914872, 1.225000000000000089 ) ) ;
#3061 = CARTESIAN_POINT ( 'NONE',  ( 3.076154428077594538, 1.295256118611743723, 0.7478164687500002961 ) ) ;
#3062 = CARTESIAN_POINT ( 'NONE',  ( 3.888654428077594094, -1.295256118611743501, -0.7478164687500007402 ) ) ;
#3063 = ADVANCED_FACE ( 'NONE', ( #1306 ), #2457, .F. ) ;
#3064 = CARTESIAN_POINT ( 'NONE',  ( 6.878237762093723617, 1.414508159514583197, 8.661364449586740749E-17 ) ) ;
#3065 = CARTESIAN_POINT ( 'NONE',  ( 8.711571094061463683, 1.060881119635937564, -0.6124999999999997113 ) ) ;
#3066 = CARTESIAN_POINT ( 'NONE',  ( 7.659487761410927575, 0.000000000000000000, 1.495632937500000148 ) ) ;
#3067 = ADVANCED_FACE ( 'NONE', ( #456 ), #176, .T. ) ;
#3068 = CARTESIAN_POINT ( 'NONE',  ( 6.971987761410928464, 1.831622089608728481E-16, -1.495632937500000148 ) ) ;
#3069 = CARTESIAN_POINT ( 'NONE',  ( 8.128237762093723617, -1.414508159514583197, -2.598409334876022102E-16 ) ) ;
#3070 = CARTESIAN_POINT ( 'NONE',  ( 1.878237762093723617, 1.414508159514583197, 8.661364449586740749E-17 ) ) ;
#3071 = CARTESIAN_POINT ( 'NONE',  ( 3.826154428077594094, -1.295256118611743501, -0.7478164687500007402 ) ) ;
#3072 = ORIENTED_EDGE ( 'NONE', *, *, #2769, .T. ) ;
#3073 = AXIS2_PLACEMENT_3D ( 'NONE', #1914, #162, #183 ) ;
#3074 = CARTESIAN_POINT ( 'NONE',  ( 0.03448776141092881053, 1.727008158148991557, 1.057487506489264306E-16 ) ) ;
#3075 = CARTESIAN_POINT ( 'NONE',  ( 6.555321094744261501, 1.295256118611743723, -0.7478164687499997410 ) ) ;
#3076 = CARTESIAN_POINT ( 'NONE',  ( 1.128237760728130423, 1.500192328955507931E-16, -1.225000000000000089 ) ) ;
#3077 = CARTESIAN_POINT ( 'NONE',  ( 5.503237760728131533, -1.414508159514583197, -2.598409334876022102E-16 ) ) ;
#3078 = CARTESIAN_POINT ( 'NONE',  ( 7.459509873047696971, 1.082713380559437111, -0.9939464828414713571 ) ) ;
#3079 = ORIENTED_EDGE ( 'NONE', *, *, #2368, .F. ) ;
#3080 = CARTESIAN_POINT ( 'NONE',  ( -0.2500000000000002220, 0.000000000000000000, 0.000000000000000000 ) ) ;
#3081 = CARTESIAN_POINT ( 'NONE',  ( 3.701154428077594982, -0.8635040790744966666, 1.495632937499999704 ) ) ;
#3082 = CARTESIAN_POINT ( 'NONE',  ( 3.596987761410927131, 1.727008158148991335, 1.057487506489264306E-16 ) ) ;
#3083 = CARTESIAN_POINT ( 'NONE',  ( 7.628237760728129757, 1.500192328955507931E-16, -1.225000000000000089 ) ) ;
#3084 = CARTESIAN_POINT ( 'NONE',  ( 4.763465949464734815E-16, 0.5027271106820307978, 1.191253791783685845 ) ) ;
#3085 = CARTESIAN_POINT ( 'NONE',  ( 7.742821094744261501, -1.295256118611744389, 0.7478164687499990748 ) ) ;
#3086 = EDGE_CURVE ( 'NONE', #1037, #2805, #325, .T. ) ;
#3087 = B_SPLINE_CURVE_WITH_KNOTS ( 'NONE', 3,
 ( #3191, #2043, #1759, #2917, #1574, #3317, #2729, #2134, #137, #745 ),
 .UNSPECIFIED., .F., .F.,
 ( 4, 2, 2, 2, 4 ),
 ( 0.000000000000000000, 0.0006721010586184973526, 0.001344202117236994705, 0.002016303175855492166, 0.002688404234473989411 ),
 .UNSPECIFIED. ) ;
#3088 = CARTESIAN_POINT ( 'NONE',  ( 7.971987761410927575, 1.831622089608728481E-16, -1.495632937500000148 ) ) ;
#3089 = CARTESIAN_POINT ( 'NONE',  ( 6.711571095427056655, -0.7072540797572911542, -1.225000000000000533 ) ) ;
#3090 = CARTESIAN_POINT ( 'NONE',  ( 4.086571095427056655, -1.060881119635938008, 0.6124999999999992673 ) ) ;
#3091 = CARTESIAN_POINT ( 'NONE',  ( 5.159487761410928464, 0.000000000000000000, 1.495632937500000148 ) ) ;
#3092 = ADVANCED_FACE ( 'NONE', ( #589 ), #820, .T. ) ;
#3093 = ORIENTED_EDGE ( 'NONE', *, *, #3518, .T. ) ;
#3094 = DIRECTION ( 'NONE',  ( 0.000000000000000000, 0.000000000000000000, 1.000000000000000000 ) ) ;
#3095 = CARTESIAN_POINT ( 'NONE',  ( 4.680321094744260613, 0.8635040790744956674, 1.495632937500000148 ) ) ;
#3096 = DIRECTION ( 'NONE',  ( 0.000000000000000000, 0.5000000000000002220, 0.8660254037844384856 ) ) ;
#3097 = CARTESIAN_POINT ( 'NONE',  ( 5.211571095427056655, -0.7072540797572888227, -1.225000000000004530 ) ) ;
#3098 = ORIENTED_EDGE ( 'NONE', *, *, #545, .F. ) ;
#3099 = DIRECTION ( 'NONE',  ( -1.000000000000000000, -0.000000000000000000, -0.000000000000000000 ) ) ;
#3100 = CARTESIAN_POINT ( 'NONE',  ( 0.7844877614109277975, -1.727008158148991335, -3.172462519467792547E-16 ) ) ;
#3101 = CARTESIAN_POINT ( 'NONE',  ( 5.492821094744261501, 1.295256118611743723, -0.7478164687499997410 ) ) ;
#3102 = CARTESIAN_POINT ( 'NONE',  ( 5.388654428077594538, -1.295256118611743501, -0.7478164687500007402 ) ) ;
#3103 = CARTESIAN_POINT ( 'NONE',  ( -4.666666666666662522, 1.500192328955507931E-16, -1.225000000000000089 ) ) ;
#3104 = DIRECTION ( 'NONE',  ( -1.000000000000000000, -0.000000000000000000, -0.000000000000000000 ) ) ;
#3105 = CARTESIAN_POINT ( 'NONE',  ( 8.076154428077593650, 1.295256118611743723, 0.7478164687500002961 ) ) ;
#3106 = CARTESIAN_POINT ( 'NONE',  ( 0.003237760728131214294, -1.414508159514583197, -2.598409334876022102E-16 ) ) ;
#3107 = CARTESIAN_POINT ( 'NONE',  ( 7.378237762093723617, 1.414508159514583197, 8.661364449586740749E-17 ) ) ;
#3108 = CARTESIAN_POINT ( 'NONE',  ( 5.836571094061462794, 0.7072540797572914872, 1.225000000000000089 ) ) ;
#3109 = CARTESIAN_POINT ( 'NONE',  ( 4.867821094744260613, -0.8635040790744953343, -1.495632937500000592 ) ) ;
#3110 = CARTESIAN_POINT ( 'NONE',  ( -1.499999999999999778, 1.154700538379251684, 4.601041607915416270E-18 ) ) ;
#3111 = LINE ( 'NONE', #480, #2393 ) ;
#3112 = CARTESIAN_POINT ( 'NONE',  ( 6.221987761410927575, 0.000000000000000000, 1.495632937500000148 ) ) ;
#3113 = CARTESIAN_POINT ( 'NONE',  ( -4.666666666666662522, 1.500192328955507931E-16, -1.225000000000000089 ) ) ;
#3114 = CARTESIAN_POINT ( 'NONE',  ( 6.794904427394797608, 1.060881119635937564, 0.6125000000000001554 ) ) ;
#3115 =( BOUNDED_CURVE ( )  B_SPLINE_CURVE ( 2, ( #1103, #2857, #2609, #3127, #268, #2245, #2004 ),
 .UNSPECIFIED., .F., .F. ) 
 B_SPLINE_CURVE_WITH_KNOTS ( ( 3, 2, 2, 3 ),
 ( 0.6111111111111110494, 0.6203703703703702388, 0.6296296296296296502, 0.6388888888888888395 ),
 .UNSPECIFIED. ) 
 CURVE ( )  GEOMETRIC_REPRESENTATION_ITEM ( )  RATIONAL_B_SPLINE_CURVE ( ( 1.000000000000001554, 0.8660254037844371533, 1.000000000000000000, 0.8660254037844387076, 1.000000000000000000, 0.8660254037844387076, 1.000000000000000000 ) ) 
 REPRESENTATION_ITEM ( '' )  );
#3116 = DIRECTION ( 'NONE',  ( 0.000000000000000000, 0.000000000000000000, 1.000000000000000000 ) ) ;
#3117 = CARTESIAN_POINT ( 'NONE',  ( 2.242821094744261057, -1.295256118611744389, 0.7478164687499990748 ) ) ;
#3118 = AXIS2_PLACEMENT_3D ( 'NONE', #655, #2676, #693 ) ;
#3119 = CARTESIAN_POINT ( 'NONE',  ( 4.701154428077595426, -0.8635040790744966666, 1.495632937499999704 ) ) ;
#3120 = CARTESIAN_POINT ( 'NONE',  ( 4.680321094744261501, 0.8635040790744956674, 1.495632937500000148 ) ) ;
#3121 = EDGE_CURVE ( 'NONE', #3131, #2906, #1418, .T. ) ;
#3122 = CARTESIAN_POINT ( 'NONE',  ( 7.753237760728131533, 1.414508159514583197, 8.661364449586740749E-17 ) ) ;
#3123 = CYLINDRICAL_SURFACE ( 'NONE', #901, 1.225000000000000089 ) ;
#3124 = CARTESIAN_POINT ( 'NONE',  ( 8.326154428077595426, -1.295256118611743501, -0.7478164687500007402 ) ) ;
#3125 = CARTESIAN_POINT ( 'NONE',  ( 8.388654428077595426, -1.295256118611743501, -0.7478164687500007402 ) ) ;
#3126 = CARTESIAN_POINT ( 'NONE',  ( 6.586571095427057543, -1.060881119635938008, 0.6124999999999992673 ) ) ;
#3127 = CARTESIAN_POINT ( 'NONE',  ( 2.878237762093724061, 1.414508159514583197, 8.661364449586740749E-17 ) ) ;
#3128 = CARTESIAN_POINT ( 'NONE',  ( 3.534487761410927575, 1.727008158148991335, 1.057487506489264306E-16 ) ) ;
#3129 = DIRECTION ( 'NONE',  ( -1.000000000000000000, -0.000000000000000000, -0.000000000000000000 ) ) ;
#3130 = LINE ( 'NONE', #3689, #2577 ) ;
#3131 = VERTEX_POINT ( 'NONE', #1719 ) ;
#3132 = CARTESIAN_POINT ( 'NONE',  ( 2.055321094744261501, 1.295256118611743723, -0.7478164687499997410 ) ) ;
#3133 = VECTOR ( 'NONE', #1791, 1000.000000000000000 ) ;
#3134 = CARTESIAN_POINT ( 'NONE',  ( 0.8782377607281302012, 0.000000000000000000, 1.225000000000000089 ) ) ;
#3135 = CARTESIAN_POINT ( 'NONE',  ( 7.538549869861334685, 0.4274808727163734723, -1.358084351356241726 ) ) ;
#3136 = CIRCLE ( 'NONE', #1917, 3.500000000000000000 ) ;
#3137 = ORIENTED_EDGE ( 'NONE', *, *, #2107, .F. ) ;
#3138 = CARTESIAN_POINT ( 'NONE',  ( 1.961571094061463905, -1.060881119635938008, 0.6124999999999992673 ) ) ;
#3139 = VECTOR ( 'NONE', #1488, 1000.000000000000000 ) ;
#3140 = CARTESIAN_POINT ( 'NONE',  ( 1.951154428077594316, 0.8635040790744962225, -1.495632937499999704 ) ) ;
#3141 =( BOUNDED_CURVE ( )  B_SPLINE_CURVE ( 2, ( #3471, #880, #2022, #3188, #21, #1177, #1570 ),
 .UNSPECIFIED., .F., .T. ) 
 B_SPLINE_CURVE_WITH_KNOTS ( ( 3, 2, 2, 3 ),
 ( 0.6944444444444443088, 0.7037037037037036091, 0.7129629629629629095, 0.7222222222222222099 ),
 .UNSPECIFIED. ) 
 CURVE ( )  GEOMETRIC_REPRESENTATION_ITEM ( )  RATIONAL_B_SPLINE_CURVE ( ( 1.000000000000001554, 0.8660254037844371533, 1.000000000000000000, 0.8660254037844387076, 1.000000000000000000, 0.8660254037844387076, 1.000000000000000000 ) ) 
 REPRESENTATION_ITEM ( '' )  );
#3142 = CARTESIAN_POINT ( 'NONE',  ( 2.784487761410928020, -1.727008158148991557, -3.172462519467792547E-16 ) ) ;
#3143 = CARTESIAN_POINT ( 'NONE',  ( 4.263654428077594538, -0.8635040790744965555, 1.495632937499999704 ) ) ;
#3144 = FACE_OUTER_BOUND ( 'NONE', #1290, .T. ) ;
#3145 = CARTESIAN_POINT ( 'NONE',  ( 5.669904427394796720, 0.7072540797572920424, -1.224999999999999867 ) ) ;
#3146 = CARTESIAN_POINT ( 'NONE',  ( 7.451154428077594538, 0.8635040790744962225, -1.495632937499999704 ) ) ;
#3147 = CARTESIAN_POINT ( 'NONE',  ( 4.846987761410927575, -1.727008158148991557, -3.172462519467792547E-16 ) ) ;
#3148 = CARTESIAN_POINT ( 'NONE',  ( 5.711571095427057543, -0.7072540797572911542, -1.225000000000000533 ) ) ;
#3149 = CARTESIAN_POINT ( 'NONE',  ( 7.253237762093723617, 1.500192328955507931E-16, -1.225000000000000089 ) ) ;
#3150 = CARTESIAN_POINT ( 'NONE',  ( 5.242821094744260613, -1.295256118611744389, 0.7478164687499990748 ) ) ;
#3151 = DIRECTION ( 'NONE',  ( -1.000000000000000000, -0.000000000000000000, -0.000000000000000000 ) ) ;
#3152 = EDGE_LOOP ( 'NONE', ( #1877, #327, #3171, #2767 ) ) ;
#3153 = CARTESIAN_POINT ( 'NONE',  ( 1.930321094744261279, -0.8635040790744952233, -1.495632937500000592 ) ) ;
#3154 = CARTESIAN_POINT ( 'NONE',  ( 7.503237760726072736, -2.781882423163709651E-11, -1.441506350947266091 ) ) ;
#3155 = DIRECTION ( 'NONE',  ( -1.000000000000000000, -0.000000000000000000, -0.000000000000000000 ) ) ;
#3156 = VERTEX_POINT ( 'NONE', #3167 ) ;
#3157 = CARTESIAN_POINT ( 'NONE',  ( 3.669904427394798052, 0.7072540797573020344, -1.224999999999982991 ) ) ;
#3158 = CARTESIAN_POINT ( 'NONE',  ( 1.117821094744261723, 0.8635040790744956674, 1.495632937500000148 ) ) ;
#3159 = CARTESIAN_POINT ( 'NONE',  ( 2.221987761410928020, 0.000000000000000000, 1.495632937500000148 ) ) ;
#3160 = ORIENTED_EDGE ( 'NONE', *, *, #1581, .F. ) ;
#3161 = CARTESIAN_POINT ( 'NONE',  ( 7.253237762093723617, 1.500192328955507931E-16, -1.225000000000000089 ) ) ;
#3162 = CARTESIAN_POINT ( 'NONE',  ( 7.878237760728129757, 0.000000000000000000, 1.225000000000000089 ) ) ;
#3163 = CARTESIAN_POINT ( 'NONE',  ( 4.826154428077595426, -1.295256118611743501, -0.7478164687500007402 ) ) ;
#3164 =( BOUNDED_CURVE ( )  B_SPLINE_CURVE ( 2, ( #2699, #2469, #3616, #697, #1018, #1561, #714 ),
 .UNSPECIFIED., .F., .F. ) 
 B_SPLINE_CURVE_WITH_KNOTS ( ( 3, 2, 2, 3 ),
 ( 0.8888888888888888395, 0.8981481481481481399, 0.9074074074074074403, 0.9166666666666666297 ),
 .UNSPECIFIED. ) 
 CURVE ( )  GEOMETRIC_REPRESENTATION_ITEM ( )  RATIONAL_B_SPLINE_CURVE ( ( 1.000000000000000000, 0.8660254037844387076, 1.000000000000000000, 0.8660254037844387076, 1.000000000000000000, 0.8660254037844387076, 1.000000000000000000 ) ) 
 REPRESENTATION_ITEM ( '' )  );
#3165 = CARTESIAN_POINT ( 'NONE',  ( 5.805321094744261501, -1.295256118611744389, 0.7478164687499990748 ) ) ;
#3166 = CARTESIAN_POINT ( 'NONE',  ( 5.961571095427056655, 0.7072540797572914872, 1.225000000000000089 ) ) ;
#3167 = CARTESIAN_POINT ( 'NONE',  ( 4.378237760728130645, 0.000000000000000000, 1.225000000000000089 ) ) ;
#3168 = CARTESIAN_POINT ( 'NONE',  ( 2.534487761410928464, 1.727008158148991335, 1.057487506489264306E-16 ) ) ;
#3169 = EDGE_CURVE ( 'NONE', #2902, #658, #1755, .T. ) ;
#3170 = CARTESIAN_POINT ( 'NONE',  ( 2.169904427394796720, 0.7072540797572920424, -1.224999999999999645 ) ) ;
#3171 = ORIENTED_EDGE ( 'NONE', *, *, #328, .T. ) ;
#3172 = CARTESIAN_POINT ( 'NONE',  ( 2.888654428077594982, -1.295256118611743501, -0.7478164687500007402 ) ) ;
#3173 = DIRECTION ( 'NONE',  ( 0.000000000000000000, -1.000000000000000000, 1.877893248421449775E-16 ) ) ;
#3174 = CARTESIAN_POINT ( 'NONE',  ( 6.419904427394797608, -0.7072540797572921534, 1.224999999999999645 ) ) ;
#3175 = ORIENTED_EDGE ( 'NONE', *, *, #2947, .T. ) ;
#3176 = LINE ( 'NONE', #1781, #1005 ) ;
#3177 = CARTESIAN_POINT ( 'NONE',  ( 1.617821094744261279, 0.8635040790744956674, 1.495632937500000148 ) ) ;
#3178 = CARTESIAN_POINT ( 'NONE',  ( 3.305321094744261057, -1.295256118611744389, 0.7478164687499990748 ) ) ;
#3179 = ORIENTED_EDGE ( 'NONE', *, *, #2891, .F. ) ;
#3180 = CARTESIAN_POINT ( 'NONE',  ( 7.668835798757020150, -1.263617170017179214, 0.4715191473593003946 ) ) ;
#3181 = CARTESIAN_POINT ( 'NONE',  ( 7.711571094061463683, 1.060881119635937564, -0.6124999999999997113 ) ) ;
#3182 = CARTESIAN_POINT ( 'NONE',  ( 6.492821094744261501, 1.295256118611743723, -0.7478164687499997410 ) ) ;
#3183 = EDGE_CURVE ( 'NONE', #7, #3492, #2725, .T. ) ;
#3184 = CARTESIAN_POINT ( 'NONE',  ( 3.638654428077594982, 1.295256118611743723, 0.7478164687500002961 ) ) ;
#3185 = CARTESIAN_POINT ( 'NONE',  ( 4.128237762093723617, -1.414508159514583197, -2.598409334876022102E-16 ) ) ;
#3186 = VECTOR ( 'NONE', #2272, 1000.000000000000000 ) ;
#3187 = CARTESIAN_POINT ( 'NONE',  ( 8.263654428077595426, -0.8635040790744966666, 1.495632937499999704 ) ) ;
#3188 = CARTESIAN_POINT ( 'NONE',  ( 2.503237760728130645, -1.414508159514583197, -2.598409334876022102E-16 ) ) ;
#3189 = ORIENTED_EDGE ( 'NONE', *, *, #3214, .T. ) ;
#3190 = VERTEX_POINT ( 'NONE', #3149 ) ;
#3191 = CARTESIAN_POINT ( 'NONE',  ( 0.000000000000000000, -1.224075041859135737, 0.04759508270352307696 ) ) ;
#3192 = ORIENTED_EDGE ( 'NONE', *, *, #3086, .T. ) ;
#3193 = EDGE_CURVE ( 'NONE', #1744, #1481, #3115, .T. ) ;
#3194 = CARTESIAN_POINT ( 'NONE',  ( 7.211571094061463683, 1.060881119635937564, -0.6124999999999997113 ) ) ;
#3195 = CARTESIAN_POINT ( 'NONE',  ( 2.430321094744261501, -0.8635040790744952233, -1.495632937500000592 ) ) ;
#3196 = CARTESIAN_POINT ( 'NONE',  ( 1.638654428077594982, 1.295256118611743723, 0.7478164687500002961 ) ) ;
#3197 = ORIENTED_EDGE ( 'NONE', *, *, #481, .F. ) ;
#3198 = AXIS2_PLACEMENT_3D ( 'NONE', #917, #1778, #312 ) ;
#3199 = CARTESIAN_POINT ( 'NONE',  ( 6.544904427394797608, -1.060881119635937342, -0.6125000000000005995 ) ) ;
#3200 = CARTESIAN_POINT ( 'NONE',  ( 5.451154428077593650, 0.8635040790744962225, -1.495632937499999704 ) ) ;
#3201 = CARTESIAN_POINT ( 'NONE',  ( 7.503237762093723617, 0.000000000000000000, 1.225000000000000089 ) ) ;
#3202 = CARTESIAN_POINT ( 'NONE',  ( 4.721987761410927575, 0.000000000000000000, 1.495632937500000148 ) ) ;
#3203 = CARTESIAN_POINT ( 'NONE',  ( 5.128237762093723617, -1.414508159514583197, -2.598409334876022102E-16 ) ) ;
#3204 = CARTESIAN_POINT ( 'NONE',  ( 8.055321094744261501, 1.295256118611743723, -0.7478164687499997410 ) ) ;
#3205 = DIRECTION ( 'NONE',  ( -1.000000000000000000, -0.000000000000000000, -0.000000000000000000 ) ) ;
#3206 = VERTEX_POINT ( 'NONE', #554 ) ;
#3207 = ADVANCED_FACE ( 'NONE', ( #1438 ), #3508, .F. ) ;
#3208 = CARTESIAN_POINT ( 'NONE',  ( 7.378237760728130645, 0.000000000000000000, 1.225000000000000089 ) ) ;
#3209 = CARTESIAN_POINT ( 'NONE',  ( 4.836571095427056655, 1.060881119635937564, -0.6124999999999997113 ) ) ;
#3210 = ORIENTED_EDGE ( 'NONE', *, *, #3749, .F. ) ;
#3211 = CARTESIAN_POINT ( 'NONE',  ( 1.034487761410928020, 1.727008158148991557, 1.057487506489264306E-16 ) ) ;
#3212 = CARTESIAN_POINT ( 'NONE',  ( 6.253237760728129757, 1.414508159514583197, 8.661364449586740749E-17 ) ) ;
#3213 = CARTESIAN_POINT ( 'NONE',  ( 1.346987761410928242, -1.727008158148991557, -3.172462519467792547E-16 ) ) ;
#3214 = EDGE_CURVE ( 'NONE', #3673, #427, #2481, .T. ) ;
#3215 = CARTESIAN_POINT ( 'NONE',  ( 2.013654428077594538, 0.8635040790744962225, -1.495632937499999704 ) ) ;
#3216 = ORIENTED_EDGE ( 'NONE', *, *, #960, .F. ) ;
#3217 = CARTESIAN_POINT ( 'NONE',  ( 7.086571095427056655, -1.060881119635938008, 0.6124999999999992673 ) ) ;
#3218 = CARTESIAN_POINT ( 'NONE',  ( 7.503237760728131533, -1.414508159514583197, -2.598409334876022102E-16 ) ) ;
#3219 = CARTESIAN_POINT ( 'NONE',  ( 6.701154428077594538, -0.8635040790744966666, 1.495632937499999704 ) ) ;
#3220 = CARTESIAN_POINT ( 'NONE',  ( 4.680321094744260613, 0.8635040790744956674, 1.495632937500000148 ) ) ;
#3221 = CARTESIAN_POINT ( 'NONE',  ( 4.378237762093723617, 1.414508159514583197, 8.661364449586740749E-17 ) ) ;
#3222 = CARTESIAN_POINT ( 'NONE',  ( 7.471987761410927575, 1.831622089608728481E-16, -1.495632937500000148 ) ) ;
#3223 = CARTESIAN_POINT ( 'NONE',  ( 6.086571095427056655, -1.060881119635938008, 0.6124999999999992673 ) ) ;
#3224 = ORIENTED_EDGE ( 'NONE', *, *, #3479, .F. ) ;
#3225 = DIRECTION ( 'NONE',  ( -1.000000000000000000, -0.000000000000000000, -0.000000000000000000 ) ) ;
#3226 = CARTESIAN_POINT ( 'NONE',  ( 1.669904428760390802, -1.060881119635937342, -0.6125000000000005995 ) ) ;
#3227 = VERTEX_POINT ( 'NONE', #3651 ) ;
#3228 = CARTESIAN_POINT ( 'NONE',  ( 1.576154428077594760, 1.295256118611743723, 0.7478164687500002961 ) ) ;
#3229 = CARTESIAN_POINT ( 'NONE',  ( 5.378237760728130645, 0.000000000000000000, 1.225000000000000089 ) ) ;
#3230 = EDGE_CURVE ( 'NONE', #2935, #2508, #844, .T. ) ;
#3231 = CARTESIAN_POINT ( 'NONE',  ( 2.471987761410928464, 1.831622089608728481E-16, -1.495632937500000148 ) ) ;
#3232 = CARTESIAN_POINT ( 'NONE',  ( 2.430321094744261501, -0.8635040790744953343, -1.495632937500000592 ) ) ;
#3233 = ORIENTED_EDGE ( 'NONE', *, *, #2732, .T. ) ;
#3234 = CARTESIAN_POINT ( 'NONE',  ( 7.003237762093723617, 0.000000000000000000, 1.225000000000000089 ) ) ;
#3235 = CARTESIAN_POINT ( 'NONE',  ( 4.544904427394797608, -1.060881119635937342, -0.6125000000000005995 ) ) ;
#3236 = CARTESIAN_POINT ( 'NONE',  ( 5.659487761410927575, 0.000000000000000000, 1.495632937500000148 ) ) ;
#3237 = CARTESIAN_POINT ( 'NONE',  ( 6.326154428077594538, -1.295256118611743501, -0.7478164687500007402 ) ) ;
#3238 = FACE_OUTER_BOUND ( 'NONE', #1337, .T. ) ;
#3239 = CARTESIAN_POINT ( 'NONE',  ( 2.263654428077594538, -0.8635040790744966666, 1.495632937499999704 ) ) ;
#3240 = CARTESIAN_POINT ( 'NONE',  ( 0.7949044287603908021, 0.7072540797572920424, -1.224999999999999867 ) ) ;
#3241 = CARTESIAN_POINT ( 'NONE',  ( 5.086571095427056655, -1.060881119635938008, 0.6124999999999992673 ) ) ;
#3242 = AXIS2_PLACEMENT_3D ( 'NONE', #213, #1328, #3374 ) ;
#3243 = CARTESIAN_POINT ( 'NONE',  ( 3.794904428760390580, 0.7072540797572920424, -1.224999999999999645 ) ) ;
#3244 = CARTESIAN_POINT ( 'NONE',  ( -1.500000000000000000, 0.000000000000000000, -2.665772485184049412 ) ) ;
#3245 = FACE_OUTER_BOUND ( 'NONE', #3472, .T. ) ;
#3246 = EDGE_LOOP ( 'NONE', ( #1575, #1814, #3727, #85 ) ) ;
#3247 = CARTESIAN_POINT ( 'NONE',  ( 2.659487761410927575, 0.000000000000000000, 1.495632937500000148 ) ) ;
#3248 = CYLINDRICAL_SURFACE ( 'NONE', #3118, 1.225000000000000089 ) ;
#3249 = CARTESIAN_POINT ( 'NONE',  ( 3.263654428077594982, -0.8635040790744966666, 1.495632937499999704 ) ) ;
#3250 = ORIENTED_EDGE ( 'NONE', *, *, #1581, .T. ) ;
#3251 = CARTESIAN_POINT ( 'NONE',  ( -4.666666666666662522, 0.000000000000000000, 0.000000000000000000 ) ) ;
#3252 = CARTESIAN_POINT ( 'NONE',  ( 4.669904427394797608, 0.7072540797572920424, -1.224999999999999867 ) ) ;
#3253 = CARTESIAN_POINT ( 'NONE',  ( 3.117821094744261945, 0.8635040790744956674, 1.495632937500000148 ) ) ;
#3254 = VECTOR ( 'NONE', #1949, 1000.000000000000227 ) ;
#3255 = CARTESIAN_POINT ( 'NONE',  ( 6.701154428077594538, -0.8635040790744966666, 1.495632937499999704 ) ) ;
#3256 = CARTESIAN_POINT ( 'NONE',  ( 6.638654428077595426, 1.295256118611743723, 0.7478164687500002961 ) ) ;
#3257 = CARTESIAN_POINT ( 'NONE',  ( 3.721987761410927575, 0.000000000000000000, 1.495632937500000148 ) ) ;
#3258 = CARTESIAN_POINT ( 'NONE',  ( 2.003237762093723617, 0.000000000000000000, 1.225000000000000089 ) ) ;
#3259 = CARTESIAN_POINT ( 'NONE',  ( 0.02945917248747199554, 1.027273614274404556, -1.211975781801819085 ) ) ;
#3260 =( BOUNDED_CURVE ( )  B_SPLINE_CURVE ( 2, ( #190, #2797, #1956, #1342, #3679, #2492, #1659 ),
 .UNSPECIFIED., .F., .F. ) 
 B_SPLINE_CURVE_WITH_KNOTS ( ( 3, 2, 2, 3 ),
 ( 0.1944444444444444198, 0.2037037037037036646, 0.2129629629629629650, 0.2222222222222222099 ),
 .UNSPECIFIED. ) 
 CURVE ( )  GEOMETRIC_REPRESENTATION_ITEM ( )  RATIONAL_B_SPLINE_CURVE ( ( 1.000000000000000444, 0.8660254037844383745, 1.000000000000000000, 0.8660254037844387076, 1.000000000000000000, 0.8660254037844387076, 1.000000000000000000 ) ) 
 REPRESENTATION_ITEM ( '' )  );
#3261 = CARTESIAN_POINT ( 'NONE',  ( 0.8782377607281302012, 0.000000000000000000, 1.225000000000000089 ) ) ;
#3262 = CARTESIAN_POINT ( 'NONE',  ( 9.999999999999998224, 2.655529440325959183E-32, -2.168404344971008868E-16 ) ) ;
#3263 = FACE_OUTER_BOUND ( 'NONE', #1776, .T. ) ;
#3264 = ORIENTED_EDGE ( 'NONE', *, *, #1702, .F. ) ;
#3265 = CARTESIAN_POINT ( 'NONE',  ( 1.367821094744261057, -0.8635040790744952233, -1.495632937500000592 ) ) ;
#3266 = CARTESIAN_POINT ( 'NONE',  ( 0.5032377620937232843, 0.000000000000000000, 1.225000000000000089 ) ) ;
#3267 = CARTESIAN_POINT ( 'NONE',  ( 1.971987761410928020, 1.831622089608728481E-16, -1.495632937500000148 ) ) ;
#3268 = ORIENTED_EDGE ( 'NONE', *, *, #1701, .F. ) ;
#3269 = CARTESIAN_POINT ( 'NONE',  ( 3.128237760728130645, 1.500192328955507931E-16, -1.225000000000000089 ) ) ;
#3270 = CARTESIAN_POINT ( 'NONE',  ( 5.086571094061462794, -0.7072540797572911542, -1.225000000000000533 ) ) ;
#3271 = CARTESIAN_POINT ( 'NONE',  ( 3.617821094744261945, 0.8635040790744956674, 1.495632937500000148 ) ) ;
#3272 = CARTESIAN_POINT ( 'NONE',  ( 7.409487761410927575, 1.831622089608728481E-16, -1.495632937500000148 ) ) ;
#3273 = DIRECTION ( 'NONE',  ( 0.000000000000000000, 0.000000000000000000, 1.000000000000000000 ) ) ;
#3274 = CARTESIAN_POINT ( 'NONE',  ( 1.180321094744261723, 0.8635040790744956674, 1.495632937500000148 ) ) ;
#3275 = CARTESIAN_POINT ( 'NONE',  ( 1.169904428760390358, -1.060881119635937342, -0.6125000000000005995 ) ) ;
#3276 = DIRECTION ( 'NONE',  ( 0.000000000000000000, 0.5000000000000002220, 0.8660254037844384856 ) ) ;
#3277 = CARTESIAN_POINT ( 'NONE',  ( 0.7949044273947973860, 1.060881119635937564, 0.6125000000000001554 ) ) ;
#3278 = CARTESIAN_POINT ( 'NONE',  ( 1.367821094744261057, -0.8635040790744952233, -1.495632937500000592 ) ) ;
#3279 = DIRECTION ( 'NONE',  ( -1.000000000000000000, -0.000000000000000000, -0.000000000000000000 ) ) ;
#3280 = EDGE_CURVE ( 'NONE', #2309, #1927, #179, .T. ) ;
#3281 = CARTESIAN_POINT ( 'NONE',  ( 6.742821094744261501, -1.295256118611744389, 0.7478164687499990748 ) ) ;
#3282 =( BOUNDED_CURVE ( )  B_SPLINE_CURVE ( 2, ( #2029, #2276, #1762, #3212, #633, #2326, #2046 ),
 .UNSPECIFIED., .F., .T. ) 
 B_SPLINE_CURVE_WITH_KNOTS ( ( 3, 2, 2, 3 ),
 ( 0.2777777777777777901, 0.2870370370370370350, 0.2962962962962962243, 0.3055555555555555247 ),
 .UNSPECIFIED. ) 
 CURVE ( )  GEOMETRIC_REPRESENTATION_ITEM ( )  RATIONAL_B_SPLINE_CURVE ( ( 1.000000000000000000, 0.8660254037844387076, 1.000000000000000000, 0.8660254037844387076, 1.000000000000000000, 0.8660254037844394848, 0.9999999999999992228 ) ) 
 REPRESENTATION_ITEM ( '' )  );
#3283 = EDGE_LOOP ( 'NONE', ( #1613, #3638, #3197, #1720 ) ) ;
#3284 = CARTESIAN_POINT ( 'NONE',  ( 7.465212749824140737, -0.4706989799291791954, -1.388961190467815632 ) ) ;
#3285 = DIRECTION ( 'NONE',  ( -1.000000000000000000, -0.000000000000000000, -0.000000000000000000 ) ) ;
#3286 = CARTESIAN_POINT ( 'NONE',  ( 7.439686254564459311, 0.7238841302722944793, -1.302410268413330741 ) ) ;
#3287 = ORIENTED_EDGE ( 'NONE', *, *, #10, .F. ) ;
#3288 = CARTESIAN_POINT ( 'NONE',  ( 0.003237762093724616541, 0.000000000000000000, 1.225000000000000089 ) ) ;
#3289 = CARTESIAN_POINT ( 'NONE',  ( 3.409487761410928464, 1.831622089608728481E-16, -1.495632937500000148 ) ) ;
#3290 = EDGE_CURVE ( 'NONE', #3206, #1508, #2600, .T. ) ;
#3291 = CARTESIAN_POINT ( 'NONE',  ( 6.951154428077595426, 0.8635040790744962225, -1.495632937499999704 ) ) ;
#3292 = FACE_BOUND ( 'NONE', #1487, .T. ) ;
#3293 = CARTESIAN_POINT ( 'NONE',  ( 8.326154428077595426, -1.295256118611743501, -0.7478164687500007402 ) ) ;
#3294 = CARTESIAN_POINT ( 'NONE',  ( 1.086571095427057543, -1.060881119635938008, 0.6124999999999992673 ) ) ;
#3295 = CARTESIAN_POINT ( 'NONE',  ( 6.503237762093723617, 0.000000000000000000, 1.225000000000000089 ) ) ;
#3296 = CARTESIAN_POINT ( 'NONE',  ( 2.128237760728130645, 1.500192328955507931E-16, -1.225000000000000089 ) ) ;
#3297 = CARTESIAN_POINT ( 'NONE',  ( -0.2988455719224059615, -0.8635040790744966666, 1.495632937499999704 ) ) ;
#3298 = CARTESIAN_POINT ( 'NONE',  ( 1.419904427394798052, -0.7072540797572970384, 1.224999999999991207 ) ) ;
#3299 = CARTESIAN_POINT ( 'NONE',  ( 6.159487761410927575, 0.000000000000000000, 1.495632937500000148 ) ) ;
#3300 = ORIENTED_EDGE ( 'NONE', *, *, #1607, .T. ) ;
#3301 = CARTESIAN_POINT ( 'NONE',  ( 7.503237760726072736, -2.781882423163709651E-11, -1.441506350947266091 ) ) ;
#3302 = FACE_OUTER_BOUND ( 'NONE', #2632, .T. ) ;
#3303 = CARTESIAN_POINT ( 'NONE',  ( 2.168404344971008868E-16, 1.154700538379251684, 4.601041607915416270E-18 ) ) ;
#3304 = EDGE_CURVE ( 'NONE', #1897, #3051, #141, .T. ) ;
#3305 = EDGE_LOOP ( 'NONE', ( #2650, #3536, #1206, #2776 ) ) ;
#3306 = CARTESIAN_POINT ( 'NONE',  ( 4.961571094061463683, -1.060881119635938008, 0.6124999999999992673 ) ) ;
#3307 = CARTESIAN_POINT ( 'NONE',  ( 2.742821094744261501, -1.295256118611744389, 0.7478164687499990748 ) ) ;
#3308 = CARTESIAN_POINT ( 'NONE',  ( 8.117821094744263277, 0.8635040790744956674, 1.495632937500000148 ) ) ;
#3309 = CARTESIAN_POINT ( 'NONE',  ( 7.263654428077593650, -0.8635040790744965555, 1.495632937499999704 ) ) ;
#3310 = CARTESIAN_POINT ( 'NONE',  ( 0.8886544280775950932, -1.295256118611743501, -0.7478164687500007402 ) ) ;
#3311 = CARTESIAN_POINT ( 'NONE',  ( 1.961571095427057321, 0.7072540797572914872, 1.225000000000000089 ) ) ;
#3312 = CARTESIAN_POINT ( 'NONE',  ( 7.791595439875035112, 0.1630649432305729396, -1.267194834223833499 ) ) ;
#3313 = VECTOR ( 'NONE', #2870, 1000.000000000000000 ) ;
#3314 = CARTESIAN_POINT ( 'NONE',  ( 0.8365710940614646818, 0.7072540797572914872, 1.225000000000000089 ) ) ;
#3315 = CARTESIAN_POINT ( 'NONE',  ( -0.2155122385890714254, -1.727008158148991557, -3.172462519467792547E-16 ) ) ;
#3316 = CARTESIAN_POINT ( 'NONE',  ( 0.6282377607281299792, 1.500192328955507931E-16, -1.225000000000000089 ) ) ;
#3317 = CARTESIAN_POINT ( 'NONE',  ( 5.579359928424233005E-16, -0.5718393508644116219, -1.287032364292901576 ) ) ;
#3318 = ORIENTED_EDGE ( 'NONE', *, *, #2391, .F. ) ;
#3319 = FACE_OUTER_BOUND ( 'NONE', #575, .T. ) ;
#3320 = CARTESIAN_POINT ( 'NONE',  ( 5.555321094744261501, 1.295256118611743723, -0.7478164687499997410 ) ) ;
#3321 = CARTESIAN_POINT ( 'NONE',  ( 0.5865710954270578759, -1.060881119635938008, 0.6124999999999992673 ) ) ;
#3322 = CARTESIAN_POINT ( 'NONE',  ( -0.1530122385890713421, -1.727008158148991557, -3.172462519467792547E-16 ) ) ;
#3323 = ORIENTED_EDGE ( 'NONE', *, *, #3280, .T. ) ;
#3324 = CARTESIAN_POINT ( 'NONE',  ( 2.711571095427057099, -0.7072540797572911542, -1.225000000000000533 ) ) ;
#3325 = EDGE_CURVE ( 'NONE', #1915, #317, #1053, .T. ) ;
#3326 = CARTESIAN_POINT ( 'NONE',  ( 3.909487761410928020, 1.831622089608728481E-16, -1.495632937500000148 ) ) ;
#3327 = ADVANCED_FACE ( 'NONE', ( #3319 ), #1012, .T. ) ;
#3328 = CARTESIAN_POINT ( 'NONE',  ( 3.326154428077594538, -1.295256118611743501, -0.7478164687500007402 ) ) ;
#3329 = CYLINDRICAL_SURFACE ( 'NONE', #1555, 3.500000000000000000 ) ;
#3330 = CARTESIAN_POINT ( 'NONE',  ( 1.763654428077594760, -0.8635040790744966666, 1.495632937499999704 ) ) ;
#3331 = CARTESIAN_POINT ( 'NONE',  ( 2.075685621715821438E-16, 1.446754820842889977, -0.1844690497366137660 ) ) ;
#3332 = CARTESIAN_POINT ( 'NONE',  ( 7.839249993574090247, 0.9904764644894379355, -0.7757913663841986551 ) ) ;
#3333 = CARTESIAN_POINT ( 'NONE',  ( 0.5865710940614644597, -0.7072540797572911542, -1.225000000000000533 ) ) ;
#3334 = CARTESIAN_POINT ( 'NONE',  ( 8.169904428760389692, -1.060881119635937342, -0.6125000000000005995 ) ) ;
#3335 = CARTESIAN_POINT ( 'NONE',  ( 5.794904427394796720, 1.060881119635937564, 0.6125000000000001554 ) ) ;
#3336 = CARTESIAN_POINT ( 'NONE',  ( 5.701154428077594538, -0.8635040790744965555, 1.495632937499999704 ) ) ;
#3337 = VERTEX_POINT ( 'NONE', #406 ) ;
#3338 = CARTESIAN_POINT ( 'NONE',  ( 3.628237762093723617, -1.414508159514583197, -2.598409334876022102E-16 ) ) ;
#3339 = CARTESIAN_POINT ( 'NONE',  ( 6.138654428077594538, 1.295256118611743723, 0.7478164687500002961 ) ) ;
#3340 = CARTESIAN_POINT ( 'NONE',  ( 0.3782377607281315335, 0.000000000000000000, 1.225000000000000089 ) ) ;
#3341 = CARTESIAN_POINT ( 'NONE',  ( 5.586571094061462794, -0.7072540797572911542, -1.225000000000000533 ) ) ;
#3342 = CARTESIAN_POINT ( 'NONE',  ( 7.540331492118721002, 1.150291133209751848, 0.8380768489856565973 ) ) ;
#3343 = VERTEX_POINT ( 'NONE', #120 ) ;
#3344 = ORIENTED_EDGE ( 'NONE', *, *, #126, .F. ) ;
#3345 = ADVANCED_FACE ( 'NONE', ( #1556 ), #1594, .T. ) ;
#3346 = DIRECTION ( 'NONE',  ( -1.000000000000000000, -0.000000000000000000, -0.000000000000000000 ) ) ;
#3347 = CARTESIAN_POINT ( 'NONE',  ( 3.117821094744261945, 0.8635040790744956674, 1.495632937500000148 ) ) ;
#3348 = CARTESIAN_POINT ( 'NONE',  ( 4.013654428077594538, 0.8635040790744962225, -1.495632937499999704 ) ) ;
#3349 = CARTESIAN_POINT ( 'NONE',  ( 8.492821094744259725, 1.295256118611743723, -0.7478164687499997410 ) ) ;
#3350 = DIRECTION ( 'NONE',  ( 0.000000000000000000, -0.5000000000000002220, -0.8660254037844384856 ) ) ;
#3351 = CARTESIAN_POINT ( 'NONE',  ( -990.0000000000000000, 0.000000000000000000, 0.000000000000000000 ) ) ;
#3352 = CARTESIAN_POINT ( 'NONE',  ( 6.346987761410927575, -1.727008158148991557, -3.172462519467792547E-16 ) ) ;
#3353 = CARTESIAN_POINT ( 'NONE',  ( 0.5761544280775947602, 1.295256118611743723, 0.7478164687500002961 ) ) ;
#3354 = CARTESIAN_POINT ( 'NONE',  ( 0.000000000000000000, 0.000000000000000000, 0.000000000000000000 ) ) ;
#3355 = CARTESIAN_POINT ( 'NONE',  ( 4.742821094744261501, -1.295256118611744389, 0.7478164687499990748 ) ) ;
#3356 = VERTEX_POINT ( 'NONE', #2136 ) ;
#3357 = CARTESIAN_POINT ( 'NONE',  ( 7.836571095427057543, 1.060881119635937564, -0.6124999999999997113 ) ) ;
#3358 = CARTESIAN_POINT ( 'NONE',  ( 6.388654428077594538, -1.295256118611743501, -0.7478164687500007402 ) ) ;
#3359 = CARTESIAN_POINT ( 'NONE',  ( 7.409487762776459263, -0.7463246686004396668, -1.310597918697508080 ) ) ;
#3360 = CARTESIAN_POINT ( 'NONE',  ( 4.753237760728130645, 1.414508159514583197, 8.661364449586740749E-17 ) ) ;
#3361 = CARTESIAN_POINT ( 'NONE',  ( 7.463368694580491791, 1.143530140999718725, -0.9198116275865331204 ) ) ;
#3362 = ORIENTED_EDGE ( 'NONE', *, *, #1080, .T. ) ;
#3363 = CIRCLE ( 'NONE', #221, 3.500000000000000000 ) ;
#3364 = EDGE_CURVE ( 'NONE', #3337, #2180, #1855, .T. ) ;
#3365 = CARTESIAN_POINT ( 'NONE',  ( 9.999999999999998224, 2.655529440325959183E-32, -2.168404344971008868E-16 ) ) ;
#3366 = VECTOR ( 'NONE', #2610, 1000.000000000000227 ) ;
#3367 = CARTESIAN_POINT ( 'NONE',  ( 4.784487761410927575, -1.727008158148991557, -3.172462519467792547E-16 ) ) ;
#3368 = CARTESIAN_POINT ( 'NONE',  ( 4.221987761410928464, 0.000000000000000000, 1.495632937500000148 ) ) ;
#3369 = CARTESIAN_POINT ( 'NONE',  ( -0.6834230854612498574, 0.000000000000000000, 0.000000000000000000 ) ) ;
#3370 = CARTESIAN_POINT ( 'NONE',  ( -0.4134289045729430123, -1.060881119635938008, 0.6124999999999992673 ) ) ;
#3371 = CARTESIAN_POINT ( 'NONE',  ( 7.951154428077594538, 0.8635040790744962225, -1.495632937499999704 ) ) ;
#3372 = CARTESIAN_POINT ( 'NONE',  ( 6.555321094744261501, 1.295256118611743723, -0.7478164687499997410 ) ) ;
#3373 = CARTESIAN_POINT ( 'NONE',  ( 6.128237762093722729, -1.414508159514583197, -2.598409334876022102E-16 ) ) ;
#3374 = DIRECTION ( 'NONE',  ( 0.000000000000000000, 0.000000000000000000, 1.000000000000000000 ) ) ;
#3375 = AXIS2_PLACEMENT_3D ( 'NONE', #2719, #168, #1298 ) ;
#3376 = CARTESIAN_POINT ( 'NONE',  ( 4.326154428077594538, -1.295256118611743501, -0.7478164687500007402 ) ) ;
#3377 = ORIENTED_EDGE ( 'NONE', *, *, #2651, .F. ) ;
#3378 = VECTOR ( 'NONE', #1882, 1000.000000000000000 ) ;
#3379 = CARTESIAN_POINT ( 'NONE',  ( 0.04490442876039131559, -0.7072540797573021454, 1.224999999999982991 ) ) ;
#3380 = CARTESIAN_POINT ( 'NONE',  ( 5.596987761410928464, 1.727008158148991557, 1.057487506489264306E-16 ) ) ;
#3381 = CARTESIAN_POINT ( 'NONE',  ( -1.499999999999999778, -1.154700538379251684, -1.842639638432752208E-16 ) ) ;
#3382 = CARTESIAN_POINT ( 'NONE',  ( 7.621831436595721598, 1.159278340200963875, -0.7559418884351424284 ) ) ;
#3383 =( BOUNDED_CURVE ( )  B_SPLINE_CURVE ( 2, ( #1329, #1871, #2766, #3570, #2407, #1010, #1592, #2992, #1813, #1289, #728, #2152, #3649, #3013, #672, #422, #3281, #2479, #404, #1271, #1889, #440, #3607, #3031, #990, #1256, #2746, #2424, #457, #1307, #3299, #708, #1051, #156, #1852, #1832, #3050, #2458, #3629, #1030, #2172, #3336, #2117, #1553, #690, #1612, #2190, #2973, #384, #2710, #2691, #118, #3150, #3432, #3091, #2785, #2576, #1647, #196, #555, #784, #3109, #1088, #3687, #3355, #1943, #3745, #1987, #2207, #1926, #514, #1666, #1142, #1963, #3376, #2858, #763, #2803, #1348, #1700, #495, #2823, #2227, #3394, #1909, #232, #3071, #269, #215, #1366, #1383, #2540, #478, #3128, #2522, #1419, #2499, #1104, #801, #3705, #250, #2246, #843, #3412, #1630, #3666, #1069, #821, #1122, #535, #1682, #2841, #1402, #2559, #3725, #2268, #3453, #3168, #572, #2285, #863, #2005, #2567, #2585, #3117, #2599, #3385, #544, #791, #2831, #1672, #3140, #3735, #524, #1430, #833, #1113, #1974, #2216, #3177, #2885, #1690, #2866, #580, #9, #1729, #3442, #297, #1373, #223, #1131, #3158, #811, #1933, #2849, #2277, #853, #1448, #259, #3100, #1410, #3461, #2013, #1995, #504, #240, #563, #1711, #277, #1393, #2812, #3756, #2549, #1654, #1148, #3715, #2257, #2530, #2294 ),
 .UNSPECIFIED., .F., .F. ) 
 B_SPLINE_CURVE_WITH_KNOTS ( ( 3, 2, 2, 2, 2, 2, 2, 2, 2, 2, 2, 2, 2, 2, 2, 2, 2, 2, 2, 2, 2, 2, 2, 2, 2, 2, 2, 2, 2, 2, 2, 2, 2, 2, 2, 2, 2, 2, 2, 2, 2, 2, 2, 2, 2, 2, 2, 2, 2, 2, 2, 2, 2, 2, 2, 2, 2, 2, 2, 2, 2, 2, 2, 2, 2, 2, 2, 2, 2, 2, 2, 2, 2, 2, 2, 2, 2, 2, 2, 2, 2, 2, 2, 2, 2, 2, 2, 2, 2, 3 ),
 ( 0.1388888887136909556, 0.1481481481481481399, 0.1574074074074074125, 0.1666666666666666574, 0.1759259259259259300, 0.1851851851851851749, 0.1944444444444444475, 0.2037037037037036924, 0.2129629629629629650, 0.2222222222222222099, 0.2314814814814814825, 0.2407407407407407274, 0.2500000000000000000, 0.2592592592592592449, 0.2685185185185185452, 0.2777777777777777901, 0.2870370370370370350, 0.2962962962962962798, 0.3055555555555555802, 0.3148148148148148251, 0.3240740740740740700, 0.3333333333333333148, 0.3425925925925926152, 0.3518518518518518601, 0.3611111111111111049, 0.3703703703703703498, 0.3796296296296296502, 0.3888888888888889506, 0.3981481481481481399, 0.4074074074074074403, 0.4166666666666667407, 0.4259259259259259300, 0.4351851851851852304, 0.4444444444444444198, 0.4537037037037037202, 0.4629629629629630205, 0.4722222222222222099, 0.4814814814814815103, 0.4907407407407408106, 0.5000000000000000000, 0.5092592592592593004, 0.5185185185185184897, 0.5277777777777777901, 0.5370370370370370905, 0.5462962962962962798, 0.5555555555555555802, 0.5648148148148147696, 0.5740740740740740700, 0.5833333333333333703, 0.5925925925925925597, 0.6018518518518518601, 0.6111111111111110494, 0.6203703703703703498, 0.6296296296296296502, 0.6388888888888888395, 0.6481481481481481399, 0.6574074074074074403, 0.6666666666666666297, 0.6759259259259259300, 0.6851851851851852304, 0.6944444444444444198, 0.7037037037037037202, 0.7129629629629629095, 0.7222222222222222099, 0.7314814814814815103, 0.7407407407407406996, 0.7500000000000000000, 0.7592592592592591894, 0.7685185185185184897, 0.7777777777777777901, 0.7870370370370372015, 0.7962962962962962798, 0.8055555555555555802, 0.8148148148148147696, 0.8240740740740739589, 0.8333333333333333703, 0.8425925925925925597, 0.8518518518518519711, 0.8611111111111111605, 0.8703703703703703498, 0.8796296296296296502, 0.8888888888888887285, 0.8981481481481481399, 0.9074074074074074403, 0.9166666666666667407, 0.9259259259259259300, 0.9351851851851852304, 0.9444444444444444198, 0.9537037037037037202, 0.9620764084801176619 ),
 .UNSPECIFIED. ) 
 CURVE ( )  GEOMETRIC_REPRESENTATION_ITEM ( )  RATIONAL_B_SPLINE_CURVE ( ( 1.000000000000000000, 0.8660254037844387076, 1.000000000000000000, 0.8660254037844387076, 1.000000000000000000, 0.8660254037844387076, 1.000000000000000000, 0.8660254037844387076, 1.000000000000000000, 0.8660254037844387076, 1.000000000000000000, 0.8660254037844387076, 1.000000000000000000, 0.8660254037844387076, 1.000000000000000000, 0.8660254037844387076, 1.000000000000000000, 0.8660254037844387076, 1.000000000000000000, 0.8660254037844387076, 1.000000000000000000, 0.8660254037844387076, 1.000000000000000000, 0.8660254037844387076, 1.000000000000000000, 0.8660254037844387076, 1.000000000000000000, 0.8660254037844387076, 1.000000000000000000, 0.8660254037844387076, 1.000000000000000000, 0.8660254037844387076, 1.000000000000000000, 0.8660254037844387076, 1.000000000000000000, 0.8660254037844387076, 1.000000000000000000, 0.8660254037844387076, 1.000000000000000000, 0.8660254037844387076, 1.000000000000000000, 0.8660254037844387076, 1.000000000000000000, 0.8660254037844387076, 1.000000000000000000, 0.8660254037844387076, 1.000000000000000000, 0.8660254037844387076, 1.000000000000000000, 0.8660254037844387076, 1.000000000000000000, 0.8660254037844387076, 1.000000000000000000, 0.8660254037844387076, 1.000000000000000000, 0.8660254037844387076, 1.000000000000000000, 0.8660254037844387076, 1.000000000000000000, 0.8660254037844387076, 1.000000000000000000, 0.8660254037844387076, 1.000000000000000000, 0.8660254037844387076, 1.000000000000000000, 0.8660254037844387076, 1.000000000000000000, 0.8660254037844387076, 1.000000000000000000, 0.8660254037844387076, 1.000000000000000000, 0.8660254037844387076, 1.000000000000000000, 0.8660254037844387076, 1.000000000000000000, 0.8660254037844387076, 1.000000000000000000, 0.8660254037844387076, 1.000000000000000000, 0.8660254037844387076, 1.000000000000000000, 0.8660254037844387076, 1.000000000000000000, 0.8660254037844387076, 1.000000000000000000, 0.8660254037844387076, 1.000000000000000000, 0.8660254037844387076, 1.000000000000000000, 0.8660254037844387076, 1.000000000000000000, 0.8660254037844387076, 1.000000000000000000, 0.8660254037844387076, 1.000000000000000000, 0.8660254037844387076, 1.000000000000000000, 0.8660254037844387076, 1.000000000000000000, 0.8660254037844387076, 1.000000000000000000, 0.8660254037844387076, 1.000000000000000000, 0.8660254037844387076, 1.000000000000000000, 0.8660254037844387076, 1.000000000000000000, 0.8660254037844387076, 1.000000000000000000, 0.8660254037844387076, 1.000000000000000000, 0.8660254037844387076, 1.000000000000000000, 0.8660254037844387076, 1.000000000000000000, 0.8660254037844387076, 1.000000000000000000, 0.8660254037844387076, 1.000000000000000000, 0.8660254037844387076, 1.000000000000000000, 0.8660254037844387076, 1.000000000000000000, 0.8660254037844387076, 1.000000000000000000, 0.8660254037844387076, 1.000000000000000000, 0.8660254037844387076, 1.000000000000000000, 0.8660254037844387076, 1.000000000000000000, 0.8660254037844387076, 1.000000000000000000, 0.8660254037844387076, 1.000000000000000000, 0.8660254037844387076, 1.000000000000000000, 0.8660254037844387076, 1.000000000000000000, 0.8660254037844387076, 1.000000000000000000, 0.8660254037844387076, 1.000000000000000000, 0.8660254037844387076, 1.000000000000000000, 0.8660254037844387076, 1.000000000000000000, 0.8660254037844387076, 1.000000000000000000, 0.8660254037844387076, 1.000000000000000000, 0.8660254037844387076, 1.000000000000000000, 0.8660254037844387076, 1.000000000000000000, 0.8660254037844387076, 1.000000000000000000, 0.8660254037844387076, 1.000000000000000000, 0.8660254037844387076, 1.000000000000000000, 0.8660254037844387076, 1.000000000000000000, 0.8660254037844387076, 1.000000000000000000, 0.8660254037844387076, 1.000000000000000000, 0.8660254037844387076, 1.000000000000000000, 0.8660254037844387076, 1.000000000000000000, 0.8660254037844387076, 1.000000000000000000, 0.8660254037844387076, 1.000000000000000000, 0.8660254037844387076, 1.000000000000000000, 0.8788531879015658577, 0.9768008981407718672 ) ) 
 REPRESENTATION_ITEM ( '' )  );
#3384 = CARTESIAN_POINT ( 'NONE',  ( 6.544904428760390580, -0.7072540797572921534, 1.224999999999999645 ) ) ;
#3385 = CARTESIAN_POINT ( 'NONE',  ( 2.159487761410928020, 0.000000000000000000, 1.495632937500000148 ) ) ;
#3386 = CARTESIAN_POINT ( 'NONE',  ( 5.034487761410927575, 1.727008158148991557, 1.057487506489264306E-16 ) ) ;
#3387 = CARTESIAN_POINT ( 'NONE',  ( 3.513654428077594982, 0.8635040790744962225, -1.495632937499999704 ) ) ;
#3388 = CARTESIAN_POINT ( 'NONE',  ( 2.378237762093724061, 1.414508159514583197, 8.661364449586740749E-17 ) ) ;
#3389 = CARTESIAN_POINT ( 'NONE',  ( 4.419904428760390580, 1.060881119635937564, 0.6125000000000001554 ) ) ;
#3390 = CARTESIAN_POINT ( 'NONE',  ( 4.378237760728130645, 0.000000000000000000, 1.225000000000000089 ) ) ;
#3391 = CARTESIAN_POINT ( 'NONE',  ( 7.596987761410927575, 1.727008158148991557, 1.057487506489264306E-16 ) ) ;
#3392 = CARTESIAN_POINT ( 'NONE',  ( 7.211571095427056655, -0.7072540797572911542, -1.225000000000000533 ) ) ;
#3393 = CARTESIAN_POINT ( 'NONE',  ( -4.666666666666662522, 0.000000000000000000, 0.000000000000000000 ) ) ;
#3394 = CARTESIAN_POINT ( 'NONE',  ( 3.951154428077594538, 0.8635040790744962225, -1.495632937499999704 ) ) ;
#3395 = EDGE_LOOP ( 'NONE', ( #1731, #2441, #925, #3575 ) ) ;
#3396 = CARTESIAN_POINT ( 'NONE',  ( 6.638654428077595426, 1.295256118611743723, 0.7478164687500002961 ) ) ;
#3397 = FACE_OUTER_BOUND ( 'NONE', #178, .T. ) ;
#3398 = CYLINDRICAL_SURFACE ( 'NONE', #717, 1.225000000000000089 ) ;
#3399 = EDGE_CURVE ( 'NONE', #1463, #309, #531, .T. ) ;
#3400 = ORIENTED_EDGE ( 'NONE', *, *, #1655, .T. ) ;
#3401 = CARTESIAN_POINT ( 'NONE',  ( -4.666666666666662522, 0.000000000000000000, 3.500000000000000000 ) ) ;
#3402 =( BOUNDED_CURVE ( )  B_SPLINE_CURVE ( 2, ( #2248, #3414, #897, #326, #3223, #59, #2040 ),
 .UNSPECIFIED., .F., .F. ) 
 B_SPLINE_CURVE_WITH_KNOTS ( ( 3, 2, 2, 3 ),
 ( 0.2500000000000000000, 0.2592592592592592449, 0.2685185185185185452, 0.2777777777777777901 ),
 .UNSPECIFIED. ) 
 CURVE ( )  GEOMETRIC_REPRESENTATION_ITEM ( )  RATIONAL_B_SPLINE_CURVE ( ( 1.000000000000000000, 0.8660254037844387076, 1.000000000000000000, 0.8660254037844387076, 1.000000000000000000, 0.8660254037844387076, 1.000000000000000000 ) ) 
 REPRESENTATION_ITEM ( '' )  );
#3403 = CARTESIAN_POINT ( 'NONE',  ( 5.159487761410928464, 0.000000000000000000, 1.495632937500000148 ) ) ;
#3404 = CARTESIAN_POINT ( 'NONE',  ( 5.055321094744260613, 1.295256118611743723, -0.7478164687499997410 ) ) ;
#3405 = EDGE_CURVE ( 'NONE', #1350, #2059, #2113, .T. ) ;
#3406 = CARTESIAN_POINT ( 'NONE',  ( 7.768894476500985746, -0.3495656547876023756, -1.252149042042933091 ) ) ;
#3407 = CARTESIAN_POINT ( 'NONE',  ( -2.889223464999396725E-16, 0.05426385379685155774, 1.223797546235125377 ) ) ;
#3408 = CARTESIAN_POINT ( 'NONE',  ( 8.409487761410927575, 1.831622089608728481E-16, -1.495632937500000148 ) ) ;
#3409 = CARTESIAN_POINT ( 'NONE',  ( 7.096987761410928464, 1.727008158148991557, 1.057487506489264306E-16 ) ) ;
#3410 = CARTESIAN_POINT ( 'NONE',  ( 5.336571095427056655, 1.060881119635937564, -0.6124999999999997113 ) ) ;
#3411 = CARTESIAN_POINT ( 'NONE',  ( 8.430321094744261501, -0.8635040790744952233, -1.495632937500000592 ) ) ;
#3412 = CARTESIAN_POINT ( 'NONE',  ( 3.117821094744261057, 0.8635040790744956674, 1.495632937500000148 ) ) ;
#3413 = CARTESIAN_POINT ( 'NONE',  ( 5.503237762093723617, 0.000000000000000000, 1.225000000000000089 ) ) ;
#3414 = CARTESIAN_POINT ( 'NONE',  ( 6.211571095427056655, -0.7072540797572911542, -1.225000000000000533 ) ) ;
#3415 = VERTEX_POINT ( 'NONE', #252 ) ;
#3416 = CARTESIAN_POINT ( 'NONE',  ( 3.096987761410928020, 1.727008158148991557, 1.057487506489264306E-16 ) ) ;
#3417 = DIRECTION ( 'NONE',  ( 0.000000000000000000, 0.000000000000000000, -1.000000000000000000 ) ) ;
#3418 = CARTESIAN_POINT ( 'NONE',  ( 6.628237760728129757, 1.500192328955507931E-16, -1.225000000000000089 ) ) ;
#3419 = VERTEX_POINT ( 'NONE', #2806 ) ;
#3420 = CARTESIAN_POINT ( 'NONE',  ( -0.7999999999999999334, 4.286263797015736595E-16, 3.500000000000000000 ) ) ;
#3421 = CARTESIAN_POINT ( 'NONE',  ( -4.666666666666662522, 0.000000000000000000, 0.000000000000000000 ) ) ;
#3422 = CIRCLE ( 'NONE', #32, 0.2500000000000002220 ) ;
#3423 = CARTESIAN_POINT ( 'NONE',  ( 0.3261544280775945936, -1.295256118611743501, -0.7478164687500007402 ) ) ;
#3424 = CARTESIAN_POINT ( 'NONE',  ( 4.430321094744261501, -0.8635040790744953343, -1.495632937500000592 ) ) ;
#3425 = CARTESIAN_POINT ( 'NONE',  ( 7.705197808545877436, -1.300492671720932636, -0.3070775097422712152 ) ) ;
#3426 = CARTESIAN_POINT ( 'NONE',  ( 5.711571094061463683, 1.060881119635937564, -0.6124999999999997113 ) ) ;
#3427 = CARTESIAN_POINT ( 'NONE',  ( 7.492821094744261501, 1.295256118611743723, -0.7478164687499997410 ) ) ;
#3428 = VECTOR ( 'NONE', #460, 1000.000000000000000 ) ;
#3429 = CARTESIAN_POINT ( 'NONE',  ( 8.721987761410927575, 0.000000000000000000, 1.495632937500000148 ) ) ;
#3430 = CARTESIAN_POINT ( 'NONE',  ( 7.461571095427056655, 0.7072540797572914872, 1.225000000000000089 ) ) ;
#3431 = CARTESIAN_POINT ( 'NONE',  ( 8.555321094744259725, 1.295256118611743723, -0.7478164687499997410 ) ) ;
#3432 = CARTESIAN_POINT ( 'NONE',  ( 5.201154428077594538, -0.8635040790744965555, 1.495632937499999704 ) ) ;
#3433 = DIRECTION ( 'NONE',  ( 1.000000000000000000, 0.000000000000000000, 0.000000000000000000 ) ) ;
#3434 = VERTEX_POINT ( 'NONE', #1403 ) ;
#3435 = CARTESIAN_POINT ( 'NONE',  ( 2.763654428077594982, -0.8635040790744966666, 1.495632937499999704 ) ) ;
#3436 = DIRECTION ( 'NONE',  ( 0.000000000000000000, 0.000000000000000000, 1.000000000000000000 ) ) ;
#3437 = DIRECTION ( 'NONE',  ( -1.000000000000000000, -0.000000000000000000, -0.000000000000000000 ) ) ;
#3438 = VECTOR ( 'NONE', #122, 1000.000000000000000 ) ;
#3439 = ORIENTED_EDGE ( 'NONE', *, *, #1837, .T. ) ;
#3440 = CARTESIAN_POINT ( 'NONE',  ( 3.794904427394797608, 1.060881119635937564, 0.6125000000000001554 ) ) ;
#3441 = PRESENTATION_LAYER_ASSIGNMENT (  '', '', ( #2648 ) ) ;
#3442 = CARTESIAN_POINT ( 'NONE',  ( 1.326154428077594538, -1.295256118611743501, -0.7478164687500007402 ) ) ;
#3443 = CARTESIAN_POINT ( 'NONE',  ( 2.034487761410928020, 1.727008158148991557, 1.057487506489264306E-16 ) ) ;
#3444 = CARTESIAN_POINT ( 'NONE',  ( 0.9303210947442615009, -0.8635040790744953343, -1.495632937500000592 ) ) ;
#3445 = VERTEX_POINT ( 'NONE', #516 ) ;
#3446 = EDGE_CURVE ( 'NONE', #2121, #3415, #823, .T. ) ;
#3447 = FACE_OUTER_BOUND ( 'NONE', #2139, .T. ) ;
#3448 = CARTESIAN_POINT ( 'NONE',  ( 7.836571094061463683, 0.7072540797572914872, 1.225000000000000089 ) ) ;
#3449 = CARTESIAN_POINT ( 'NONE',  ( 5.909487761410927575, 1.831622089608728481E-16, -1.495632937500000148 ) ) ;
#3450 = CARTESIAN_POINT ( 'NONE',  ( 3.721987761410927575, 0.000000000000000000, 1.495632937500000148 ) ) ;
#3451 = CARTESIAN_POINT ( 'NONE',  ( 6.461571095427058431, 0.7072540797572914872, 1.225000000000000089 ) ) ;
#3452 = CARTESIAN_POINT ( 'NONE',  ( -4.666666666666662522, 0.000000000000000000, 0.000000000000000000 ) ) ;
#3453 = CARTESIAN_POINT ( 'NONE',  ( 2.576154428077594982, 1.295256118611743723, 0.7478164687500002961 ) ) ;
#3454 = CARTESIAN_POINT ( 'NONE',  ( 5.711571095427057543, -0.7072540797572888227, -1.225000000000004530 ) ) ;
#3455 = ORIENTED_EDGE ( 'NONE', *, *, #2653, .F. ) ;
#3456 = CARTESIAN_POINT ( 'NONE',  ( 4.388654428077594538, -1.295256118611743501, -0.7478164687500007402 ) ) ;
#3457 = CARTESIAN_POINT ( 'NONE',  ( 0.000000000000000000, 0.000000000000000000, 3.250000000000000444 ) ) ;
#3458 = CARTESIAN_POINT ( 'NONE',  ( 6.461571094061463683, -1.060881119635938008, 0.6124999999999992673 ) ) ;
#3459 = ORIENTED_EDGE ( 'NONE', *, *, #3479, .T. ) ;
#3460 = CARTESIAN_POINT ( 'NONE',  ( 5.586571094061463683, -0.7072540797572888227, -1.225000000000004530 ) ) ;
#3461 = CARTESIAN_POINT ( 'NONE',  ( 0.7011544280775948712, -0.8635040790744965555, 1.495632937499999704 ) ) ;
#3462 = ADVANCED_FACE ( 'NONE', ( #2825 ), #2084, .T. ) ;
#3463 = CARTESIAN_POINT ( 'NONE',  ( 2.763654428077594982, -0.8635040790744965555, 1.495632937499999704 ) ) ;
#3464 = VERTEX_POINT ( 'NONE', #1420 ) ;
#3465 =( NAMED_UNIT ( * ) SI_UNIT ( $, .STERADIAN. ) SOLID_ANGLE_UNIT ( ) );
#3466 = CARTESIAN_POINT ( 'NONE',  ( 5.919904427394796720, -0.7072540797572921534, 1.224999999999999867 ) ) ;
#3467 = CARTESIAN_POINT ( 'NONE',  ( 6.909487761410927575, 1.831622089608728481E-16, -1.495632937500000148 ) ) ;
#3468 = CARTESIAN_POINT ( 'NONE',  ( 4.180321094744260613, 0.8635040790744956674, 1.495632937500000148 ) ) ;
#3469 = CARTESIAN_POINT ( 'NONE',  ( 3.919904428760390136, 1.060881119635937564, 0.6125000000000001554 ) ) ;
#3470 = CARTESIAN_POINT ( 'NONE',  ( -4.666666666666662522, 0.000000000000000000, 0.000000000000000000 ) ) ;
#3471 = CARTESIAN_POINT ( 'NONE',  ( 2.628237760728131089, 1.500192328955507931E-16, -1.225000000000000089 ) ) ;
#3472 = EDGE_LOOP ( 'NONE', ( #1709, #2209, #885, #3160 ) ) ;
#3473 = VERTEX_POINT ( 'NONE', #864 ) ;
#3474 = CARTESIAN_POINT ( 'NONE',  ( 1.628237760728130867, 1.500192328955507931E-16, -1.225000000000000089 ) ) ;
#3475 = CARTESIAN_POINT ( 'NONE',  ( -4.666666666666662522, 0.000000000000000000, 0.000000000000000000 ) ) ;
#3476 = ORIENTED_EDGE ( 'NONE', *, *, #1702, .T. ) ;
#3477 = CARTESIAN_POINT ( 'NONE',  ( 5.544904427394797608, -1.060881119635937342, -0.6125000000000005995 ) ) ;
#3478 = CARTESIAN_POINT ( 'NONE',  ( 3.055321094744261501, 1.295256118611743723, -0.7478164687499997410 ) ) ;
#3479 = EDGE_CURVE ( 'NONE', #658, #253, #2819, .T. ) ;
#3480 = CARTESIAN_POINT ( 'NONE',  ( 1.055321094744261501, 1.295256118611743723, -0.7478164687499997410 ) ) ;
#3481 = VERTEX_POINT ( 'NONE', #846 ) ;
#3482 = CARTESIAN_POINT ( 'NONE',  ( 7.635154992357324311, -0.8154731064827754894, 1.109083126490461702 ) ) ;
#3483 = CARTESIAN_POINT ( 'NONE',  ( 7.919904427394795832, -0.7072540797572921534, 1.224999999999999867 ) ) ;
#3484 = CARTESIAN_POINT ( 'NONE',  ( 7.201154428077594538, -0.8635040790744966666, 1.495632937499999704 ) ) ;
#3485 = AXIS2_PLACEMENT_3D ( 'NONE', #2811, #3346, #523 ) ;
#3486 = ADVANCED_FACE ( 'NONE', ( #2578 ), #2560, .T. ) ;
#3487 = CARTESIAN_POINT ( 'NONE',  ( 3.878237760728130201, 0.000000000000000000, 1.225000000000000089 ) ) ;
#3488 = CARTESIAN_POINT ( 'NONE',  ( 5.513654428077593650, 0.8635040790744962225, -1.495632937499999704 ) ) ;
#3489 = CARTESIAN_POINT ( 'NONE',  ( 4.711571095427056655, -0.7072540797572911542, -1.225000000000000533 ) ) ;
#3490 = CARTESIAN_POINT ( 'NONE',  ( 8.096987761410927575, 1.727008158148991557, 1.057487506489264306E-16 ) ) ;
#3491 = DIRECTION ( 'NONE',  ( 0.000000000000000000, 0.000000000000000000, 1.000000000000000000 ) ) ;
#3492 = VERTEX_POINT ( 'NONE', #1632 ) ;
#3493 = CARTESIAN_POINT ( 'NONE',  ( 6.503237762093723617, 0.000000000000000000, 1.225000000000000089 ) ) ;
#3494 = CARTESIAN_POINT ( 'NONE',  ( 6.128237760728130645, 1.500192328955507931E-16, -1.225000000000000089 ) ) ;
#3495 = ORIENTED_EDGE ( 'NONE', *, *, #3193, .F. ) ;
#3496 = CARTESIAN_POINT ( 'NONE',  ( 7.336571095427056655, 1.060881119635937564, -0.6124999999999997113 ) ) ;
#3497 = CARTESIAN_POINT ( 'NONE',  ( 1.763654428077594760, -0.8635040790744966666, 1.495632937499999704 ) ) ;
#3498 = AXIS2_PLACEMENT_3D ( 'NONE', #322, #3524, #1472 ) ;
#3499 = CARTESIAN_POINT ( 'NONE',  ( 2.138654428077594538, 1.295256118611743723, 0.7478164687500002961 ) ) ;
#3500 = ORIENTED_EDGE ( 'NONE', *, *, #3630, .T. ) ;
#3501 = TOROIDAL_SURFACE ( 'NONE', #234, 3.250000000000000444, 0.2500000000000000000 ) ;
#3502 = SURFACE_SIDE_STYLE ('',( #566 ) ) ;
#3503 = CARTESIAN_POINT ( 'NONE',  ( 7.211571094061463683, 1.060881119635937564, -0.6124999999999997113 ) ) ;
#3504 = CARTESIAN_POINT ( 'NONE',  ( 6.242821094744260613, -1.295256118611744389, 0.7478164687499990748 ) ) ;
#3505 = CARTESIAN_POINT ( 'NONE',  ( 3.003237762093723617, 0.000000000000000000, 1.225000000000000089 ) ) ;
#3506 = CARTESIAN_POINT ( 'NONE',  ( 5.471987761410928464, 1.831622089608728481E-16, -1.495632937500000148 ) ) ;
#3507 = CARTESIAN_POINT ( 'NONE',  ( 3.586571095427057099, -1.060881119635938008, 0.6124999999999992673 ) ) ;
#3508 =( BOUNDED_SURFACE ( )  B_SPLINE_SURFACE ( 1, 2, ( 
 ( #3764, #20, #1698, #3704, #3431, #1401, #2839, #3411, #2876, #1157, #2020, #3187, #2558, #1175, #2316, #3490, #3204, #609, #2914, #534, #1681, #248, #3724, #1121, #2267, #2932, #37, #1193, #346, #2628, #3222, #2338, #3509, #626, #914, #1774, #2057, #2443, #2193, #1312, #805, #1033, #3053, #3690, #2826, #236, #731, #2525, #1595, #218, #3396, #2482, #3075, #2749, #787, #1633, #3358, #3612, #1013, #2155, #3112, #2211, #3339, #2789, #1352, #3652, #3633, #159, #443, #1091, #1054, #2175, #2462, #748, #2230, #3380, #3320, #461, #1892, #767, #3669, #1874, #1615, #1670, #3034, #2770, #180, #1333, #1947, #1912, #517, #483, #499, #1369, #200, #2502, #1073, #3095, #1929, #1650, #2807, #342, #2288, #2861, #3456, #1514, #1405, #950, #1422, #540, #1771, #2093, #2666, #2929, #1231, #3542, #73, #1387, #2951, #56, #3257, #2250, #1685, #1125, #1968, #3728, #254, #2073, #2377, #361, #3525, #646, #667, #2645, #1808, #3416, #1493, #558, #825, #2968, #3172, #1211, #2271, #3435, #866, #2357, #2580, #3748, #848, #2544, #1145, #3709, #2008, #576, #931, #3239, #1705, #1792, #1107, #2844, #3132, #2562, #1990, #3153, #272, #148, #1266, #3330, #2984, #2720, #378, #129, #396, #2473, #2704, #984, #1603, #756, #1901, #2400, #451, #3274, #1883, #1322, #416, #1002, #683, #2452, #3310, #1282, #1530, #2684, #91, #1045, #1299, #2417, #721, #3025, #2759, #1825, #3042, #3643, #1567, #2145, #1547, #3620, #1865, #2434, #1249, #3564, #970, #2184, #1023, #3583, #433, #1584, #3600 ),
 ( #2740, #2165, #169, #739, #3349, #2110, #112, #2127, #3293, #701, #1845, #3005, #415, #3308, #146, #3598, #2398, #1823, #982, #1564, #3561, #2718, #968, #3581, #2982, #2108, #394, #1000, #948, #431, #3272, #71, #1264, #1582, #2143, #2415, #719, #3022, #1863, #929, #2432, #3291, #2738, #1790, #1229, #665, #1512, #3255, #3540, #127, #1297, #2450, #3003, #1280, #2071, #2125, #3237, #2949, #699, #89, #359, #643, #2702, #1843, #1806, #2966, #1545, #2664, #681, #109, #376, #2376, #2091, #1528, #2682, #1247, #3101, #506, #188, #1078, #1954, #2757, #1601, #241, #3403, #3658, #224, #3386, #754, #2814, #2471, #2197, #3618, #3367, #3641, #3119, #2182, #469, #1096, #1394, #1021, #1881, #2832, #1899, #3040, #812, #1340, #1656, #2238, #2163, #2531, #2490, #774, #3677, #1374, #1060, #3697, #1918, #2511, #3081, #488, #1639, #525, #1043, #1673, #2795, #167, #206, #3328, #737, #1357, #449, #1320, #3347, #3061, #1621, #2218, #2778, #792, #1934, #2278, #3142, #1133, #1411, #3247, #3553, #1521, #939, #1799, #958, #64, #369, #834, #2939, #1761, #1975, #2101, #632, #1220, #3443, #854, #919, #2656, #2636, #45, #2045, #2675, #2347, #81, #2063, #3228, #2080, #654, #2919, #2365, #3265, #1691, #546, #2975, #2387, #1201, #2958, #3532, #3211, #1239, #2568, #3515, #2550, #1780, #3737, #674, #615, #332, #1815, #386, #3717, #2850, #1114, #260, #2259, #3423, #351, #1504, #1482, #3632, #730, #2442, #3074, #1537, #101, #2192, #1310, #2426, #1873, #442, #2731, #2712 ) ),
 .UNSPECIFIED., .F., .F., .T. ) 
 B_SPLINE_SURFACE_WITH_KNOTS ( ( 2, 2 ),
 ( 3, 2, 2, 2, 2, 2, 2, 2, 2, 2, 2, 2, 2, 2, 2, 2, 2, 2, 2, 2, 2, 2, 2, 2, 2, 2, 2, 2, 2, 2, 2, 2, 2, 2, 2, 2, 2, 2, 2, 2, 2, 2, 2, 2, 2, 2, 2, 2, 2, 2, 2, 2, 2, 2, 2, 2, 2, 2, 2, 2, 2, 2, 2, 2, 2, 2, 2, 2, 2, 2, 2, 2, 2, 2, 2, 2, 2, 2, 2, 2, 2, 2, 2, 2, 2, 2, 2, 2, 2, 2, 2, 2, 2, 2, 2, 2, 2, 2, 2, 2, 2, 2, 2, 2, 2, 2, 2, 2, 3 ),
 ( 0.000000000000000000, 1.000000000000000000 ),
 ( 0.000000000000000000, 0.009259259259259258745, 0.01851851851851851749, 0.02777777777777777624, 0.03703703703703703498, 0.04629629629629629373, 0.05555555555555555247, 0.06481481481481481122, 0.07407407407407406996, 0.08333333333333332871, 0.09259259259259258745, 0.1018518518518518462, 0.1111111111111111049, 0.1203703703703703637, 0.1296296296296296224, 0.1388888888888888951, 0.1481481481481481399, 0.1574074074074074125, 0.1666666666666666574, 0.1759259259259259300, 0.1851851851851851749, 0.1944444444444444475, 0.2037037037037036924, 0.2129629629629629650, 0.2222222222222222099, 0.2314814814814814825, 0.2407407407407407274, 0.2500000000000000000, 0.2592592592592592449, 0.2685185185185185452, 0.2777777777777777901, 0.2870370370370370350, 0.2962962962962962798, 0.3055555555555555802, 0.3148148148148148251, 0.3240740740740740700, 0.3333333333333333148, 0.3425925925925926152, 0.3518518518518518601, 0.3611111111111111049, 0.3703703703703703498, 0.3796296296296296502, 0.3888888888888888951, 0.3981481481481481399, 0.4074074074074073848, 0.4166666666666666852, 0.4259259259259259300, 0.4351851851851851749, 0.4444444444444444198, 0.4537037037037037202, 0.4629629629629629650, 0.4722222222222222099, 0.4814814814814814548, 0.4907407407407407551, 0.5000000000000000000, 0.5092592592592593004, 0.5185185185185184897, 0.5277777777777777901, 0.5370370370370370905, 0.5462962962962962798, 0.5555555555555555802, 0.5648148148148147696, 0.5740740740740740700, 0.5833333333333333703, 0.5925925925925925597, 0.6018518518518518601, 0.6111111111111111605, 0.6203703703703703498, 0.6296296296296296502, 0.6388888888888888395, 0.6481481481481481399, 0.6574074074074074403, 0.6666666666666666297, 0.6759259259259259300, 0.6851851851851852304, 0.6944444444444444198, 0.7037037037037037202, 0.7129629629629629095, 0.7222222222222222099, 0.7314814814814815103, 0.7407407407407406996, 0.7500000000000000000, 0.7592592592592593004, 0.7685185185185184897, 0.7777777777777777901, 0.7870370370370370905, 0.7962962962962962798, 0.8055555555555555802, 0.8148148148148147696, 0.8240740740740740700, 0.8333333333333333703, 0.8425925925925925597, 0.8518518518518518601, 0.8611111111111111605, 0.8703703703703703498, 0.8796296296296296502, 0.8888888888888888395, 0.8981481481481481399, 0.9074074074074074403, 0.9166666666666666297, 0.9259259259259259300, 0.9351851851851852304, 0.9444444444444444198, 0.9537037037037037202, 0.9629629629629629095, 0.9722222222222222099, 0.9814814814814815103, 0.9907407407407406996, 1.000000000000000000 ),
 .UNSPECIFIED. ) 
 GEOMETRIC_REPRESENTATION_ITEM ( )  RATIONAL_B_SPLINE_SURFACE ( (
 ( 1.000000000000000000, 0.8660254037844387076, 1.000000000000000000, 0.8660254037844387076, 1.000000000000000000, 0.8660254037844387076, 1.000000000000000000, 0.8660254037844387076, 1.000000000000000000, 0.8660254037844387076, 1.000000000000000000, 0.8660254037844387076, 1.000000000000000000, 0.8660254037844387076, 1.000000000000000000, 0.8660254037844387076, 1.000000000000000000, 0.8660254037844387076, 1.000000000000000000, 0.8660254037844387076, 1.000000000000000000, 0.8660254037844387076, 1.000000000000000000, 0.8660254037844387076, 1.000000000000000000, 0.8660254037844387076, 1.000000000000000000, 0.8660254037844387076, 1.000000000000000000, 0.8660254037844387076, 1.000000000000000000, 0.8660254037844387076, 1.000000000000000000, 0.8660254037844387076, 1.000000000000000000, 0.8660254037844387076, 1.000000000000000000, 0.8660254037844387076, 1.000000000000000000, 0.8660254037844387076, 1.000000000000000000, 0.8660254037844387076, 1.000000000000000000, 0.8660254037844387076, 1.000000000000000000, 0.8660254037844387076, 1.000000000000000000, 0.8660254037844387076, 1.000000000000000000, 0.8660254037844387076, 1.000000000000000000, 0.8660254037844387076, 1.000000000000000000, 0.8660254037844387076, 1.000000000000000000, 0.8660254037844387076, 1.000000000000000000, 0.8660254037844387076, 1.000000000000000000, 0.8660254037844387076, 1.000000000000000000, 0.8660254037844387076, 1.000000000000000000, 0.8660254037844387076, 1.000000000000000000, 0.8660254037844387076, 1.000000000000000000, 0.8660254037844387076, 1.000000000000000000, 0.8660254037844387076, 1.000000000000000000, 0.8660254037844387076, 1.000000000000000000, 0.8660254037844387076, 1.000000000000000000, 0.8660254037844387076, 1.000000000000000000, 0.8660254037844387076, 1.000000000000000000, 0.8660254037844387076, 1.000000000000000000, 0.8660254037844387076, 1.000000000000000000, 0.8660254037844387076, 1.000000000000000000, 0.8660254037844387076, 1.000000000000000000, 0.8660254037844387076, 1.000000000000000000, 0.8660254037844387076, 1.000000000000000000, 0.8660254037844387076, 1.000000000000000000, 0.8660254037844387076, 1.000000000000000000, 0.8660254037844387076, 1.000000000000000000, 0.8660254037844387076, 1.000000000000000000, 0.8660254037844387076, 1.000000000000000000, 0.8660254037844387076, 1.000000000000000000, 0.8660254037844387076, 1.000000000000000000, 0.8660254037844387076, 1.000000000000000000, 0.8660254037844387076, 1.000000000000000000, 0.8660254037844387076, 1.000000000000000000, 0.8660254037844387076, 1.000000000000000000, 0.8660254037844387076, 1.000000000000000000, 0.8660254037844387076, 1.000000000000000000, 0.8660254037844387076, 1.000000000000000000, 0.8660254037844387076, 1.000000000000000000, 0.8660254037844387076, 1.000000000000000000, 0.8660254037844387076, 1.000000000000000000, 0.8660254037844387076, 1.000000000000000000, 0.8660254037844387076, 1.000000000000000000, 0.8660254037844387076, 1.000000000000000000, 0.8660254037844387076, 1.000000000000000000, 0.8660254037844387076, 1.000000000000000000, 0.8660254037844387076, 1.000000000000000000, 0.8660254037844387076, 1.000000000000000000, 0.8660254037844387076, 1.000000000000000000, 0.8660254037844387076, 1.000000000000000000, 0.8660254037844387076, 1.000000000000000000, 0.8660254037844387076, 1.000000000000000000, 0.8660254037844387076, 1.000000000000000000, 0.8660254037844387076, 1.000000000000000000, 0.8660254037844387076, 1.000000000000000000, 0.8660254037844387076, 1.000000000000000000, 0.8660254037844387076, 1.000000000000000000, 0.8660254037844387076, 1.000000000000000000, 0.8660254037844387076, 1.000000000000000000, 0.8660254037844387076, 1.000000000000000000, 0.8660254037844387076, 1.000000000000000000, 0.8660254037844387076, 1.000000000000000000, 0.8660254037844387076, 1.000000000000000000, 0.8660254037844387076, 1.000000000000000000, 0.8660254037844387076, 1.000000000000000000, 0.8660254037844387076, 1.000000000000000000, 0.8660254037844387076, 1.000000000000000000, 0.8660254037844387076, 1.000000000000000000, 0.8660254037844387076, 1.000000000000000000, 0.8660254037844387076, 1.000000000000000000, 0.8660254037844387076, 1.000000000000000000, 0.8660254037844387076, 1.000000000000000000, 0.8660254037844387076, 1.000000000000000000, 0.8660254037844387076, 1.000000000000000000, 0.8660254037844387076, 1.000000000000000000, 0.8660254037844387076, 1.000000000000000000, 0.8660254037844387076, 1.000000000000000000, 0.8660254037844387076, 1.000000000000000000, 0.8660254037844387076, 1.000000000000000000, 0.8660254037844387076, 1.000000000000000000, 0.8660254037844387076, 1.000000000000000000, 0.8660254037844387076, 1.000000000000000000, 0.8660254037844387076, 1.000000000000000000, 0.8660254037844387076, 1.000000000000000000, 0.8660254037844387076, 1.000000000000000000, 0.8660254037844387076, 1.000000000000000000, 0.8660254037844387076, 1.000000000000000000),
 ( 1.000000000000000000, 0.8660254037844387076, 1.000000000000000000, 0.8660254037844387076, 1.000000000000000000, 0.8660254037844387076, 1.000000000000000000, 0.8660254037844387076, 1.000000000000000000, 0.8660254037844387076, 1.000000000000000000, 0.8660254037844387076, 1.000000000000000000, 0.8660254037844387076, 1.000000000000000000, 0.8660254037844387076, 1.000000000000000000, 0.8660254037844387076, 1.000000000000000000, 0.8660254037844387076, 1.000000000000000000, 0.8660254037844387076, 1.000000000000000000, 0.8660254037844387076, 1.000000000000000000, 0.8660254037844387076, 1.000000000000000000, 0.8660254037844387076, 1.000000000000000000, 0.8660254037844387076, 1.000000000000000000, 0.8660254037844387076, 1.000000000000000000, 0.8660254037844387076, 1.000000000000000000, 0.8660254037844387076, 1.000000000000000000, 0.8660254037844387076, 1.000000000000000000, 0.8660254037844387076, 1.000000000000000000, 0.8660254037844387076, 1.000000000000000000, 0.8660254037844387076, 1.000000000000000000, 0.8660254037844387076, 1.000000000000000000, 0.8660254037844387076, 1.000000000000000000, 0.8660254037844387076, 1.000000000000000000, 0.8660254037844387076, 1.000000000000000000, 0.8660254037844387076, 1.000000000000000000, 0.8660254037844387076, 1.000000000000000000, 0.8660254037844387076, 1.000000000000000000, 0.8660254037844387076, 1.000000000000000000, 0.8660254037844387076, 1.000000000000000000, 0.8660254037844387076, 1.000000000000000000, 0.8660254037844387076, 1.000000000000000000, 0.8660254037844387076, 1.000000000000000000, 0.8660254037844387076, 1.000000000000000000, 0.8660254037844387076, 1.000000000000000000, 0.8660254037844387076, 1.000000000000000000, 0.8660254037844387076, 1.000000000000000000, 0.8660254037844387076, 1.000000000000000000, 0.8660254037844387076, 1.000000000000000000, 0.8660254037844387076, 1.000000000000000000, 0.8660254037844387076, 1.000000000000000000, 0.8660254037844387076, 1.000000000000000000, 0.8660254037844387076, 1.000000000000000000, 0.8660254037844387076, 1.000000000000000000, 0.8660254037844387076, 1.000000000000000000, 0.8660254037844387076, 1.000000000000000000, 0.8660254037844387076, 1.000000000000000000, 0.8660254037844387076, 1.000000000000000000, 0.8660254037844387076, 1.000000000000000000, 0.8660254037844387076, 1.000000000000000000, 0.8660254037844387076, 1.000000000000000000, 0.8660254037844387076, 1.000000000000000000, 0.8660254037844387076, 1.000000000000000000, 0.8660254037844387076, 1.000000000000000000, 0.8660254037844387076, 1.000000000000000000, 0.8660254037844387076, 1.000000000000000000, 0.8660254037844387076, 1.000000000000000000, 0.8660254037844387076, 1.000000000000000000, 0.8660254037844387076, 1.000000000000000000, 0.8660254037844387076, 1.000000000000000000, 0.8660254037844387076, 1.000000000000000000, 0.8660254037844387076, 1.000000000000000000, 0.8660254037844387076, 1.000000000000000000, 0.8660254037844387076, 1.000000000000000000, 0.8660254037844387076, 1.000000000000000000, 0.8660254037844387076, 1.000000000000000000, 0.8660254037844387076, 1.000000000000000000, 0.8660254037844387076, 1.000000000000000000, 0.8660254037844387076, 1.000000000000000000, 0.8660254037844387076, 1.000000000000000000, 0.8660254037844387076, 1.000000000000000000, 0.8660254037844387076, 1.000000000000000000, 0.8660254037844387076, 1.000000000000000000, 0.8660254037844387076, 1.000000000000000000, 0.8660254037844387076, 1.000000000000000000, 0.8660254037844387076, 1.000000000000000000, 0.8660254037844387076, 1.000000000000000000, 0.8660254037844387076, 1.000000000000000000, 0.8660254037844387076, 1.000000000000000000, 0.8660254037844387076, 1.000000000000000000, 0.8660254037844387076, 1.000000000000000000, 0.8660254037844387076, 1.000000000000000000, 0.8660254037844387076, 1.000000000000000000, 0.8660254037844387076, 1.000000000000000000, 0.8660254037844387076, 1.000000000000000000, 0.8660254037844387076, 1.000000000000000000, 0.8660254037844387076, 1.000000000000000000, 0.8660254037844387076, 1.000000000000000000, 0.8660254037844387076, 1.000000000000000000, 0.8660254037844387076, 1.000000000000000000, 0.8660254037844387076, 1.000000000000000000, 0.8660254037844387076, 1.000000000000000000, 0.8660254037844387076, 1.000000000000000000, 0.8660254037844387076, 1.000000000000000000, 0.8660254037844387076, 1.000000000000000000, 0.8660254037844387076, 1.000000000000000000, 0.8660254037844387076, 1.000000000000000000, 0.8660254037844387076, 1.000000000000000000, 0.8660254037844387076, 1.000000000000000000, 0.8660254037844387076, 1.000000000000000000, 0.8660254037844387076, 1.000000000000000000, 0.8660254037844387076, 1.000000000000000000, 0.8660254037844387076, 1.000000000000000000, 0.8660254037844387076, 1.000000000000000000, 0.8660254037844387076, 1.000000000000000000, 0.8660254037844387076, 1.000000000000000000, 0.8660254037844387076, 1.000000000000000000) ) ) 
 REPRESENTATION_ITEM ( '' )  SURFACE ( )  );
#3509 = CARTESIAN_POINT ( 'NONE',  ( 7.388654428077594538, -1.295256118611743501, -0.7478164687500007402 ) ) ;
#3510 = LINE ( 'NONE', #347, #3366 ) ;
#3511 = ORIENTED_EDGE ( 'NONE', *, *, #1189, .T. ) ;
#3512 = FACE_OUTER_BOUND ( 'NONE', #502, .T. ) ;
#3513 = DIRECTION ( 'NONE',  ( 0.000000000000000000, 0.000000000000000000, 1.000000000000000000 ) ) ;
#3514 = VERTEX_POINT ( 'NONE', #556 ) ;
#3515 = CARTESIAN_POINT ( 'NONE',  ( 0.9094877614109277975, 1.831622089608728481E-16, -1.495632937500000148 ) ) ;
#3516 = DIRECTION ( 'NONE',  ( 0.000000000000000000, -1.000000000000000000, 0.000000000000000000 ) ) ;
#3517 = CARTESIAN_POINT ( 'NONE',  ( 2.138654428077594538, 1.295256118611743723, 0.7478164687500002961 ) ) ;
#3518 = EDGE_CURVE ( 'NONE', #2906, #1897, #1608, .T. ) ;
#3519 = CARTESIAN_POINT ( 'NONE',  ( 1.305321094744261723, -1.295256118611744389, 0.7478164687499990748 ) ) ;
#3520 = ORIENTED_EDGE ( 'NONE', *, *, #496, .T. ) ;
#3521 = CARTESIAN_POINT ( 'NONE',  ( 2.471377641308081726E-17, 1.361539963777916640, -0.6189723828819091445 ) ) ;
#3522 = CARTESIAN_POINT ( 'NONE',  ( 3.794904427394797608, 1.060881119635937564, 0.6125000000000001554 ) ) ;
#3523 = CARTESIAN_POINT ( 'NONE',  ( 5.326154428077594538, -1.295256118611743501, -0.7478164687500007402 ) ) ;
#3524 = DIRECTION ( 'NONE',  ( -1.000000000000000000, -0.000000000000000000, -0.000000000000000000 ) ) ;
#3525 = CARTESIAN_POINT ( 'NONE',  ( 3.305321094744261057, -1.295256118611744389, 0.7478164687499990748 ) ) ;
#3526 = CARTESIAN_POINT ( 'NONE',  ( 5.388654428077594538, -1.295256118611743501, -0.7478164687500007402 ) ) ;
#3527 = CARTESIAN_POINT ( 'NONE',  ( 2.836571095427057099, 1.060881119635937564, -0.6124999999999997113 ) ) ;
#3528 = FACE_OUTER_BOUND ( 'NONE', #1316, .T. ) ;
#3529 = VERTEX_POINT ( 'NONE', #2229 ) ;
#3530 = CARTESIAN_POINT ( 'NONE',  ( 3.253237762093724061, 1.500192328955507931E-16, -1.225000000000000089 ) ) ;
#3531 = VERTEX_POINT ( 'NONE', #2006 ) ;
#3532 = CARTESIAN_POINT ( 'NONE',  ( 1.076154428077594316, 1.295256118611743723, 0.7478164687500002961 ) ) ;
#3533 = CARTESIAN_POINT ( 'NONE',  ( 3.461571094061463683, -1.060881119635938008, 0.6124999999999992673 ) ) ;
#3534 = CARTESIAN_POINT ( 'NONE',  ( 1.888654428077595204, -1.295256118611743501, -0.7478164687500007402 ) ) ;
#3535 = CARTESIAN_POINT ( 'NONE',  ( 0.6386544280775948712, 1.295256118611743723, 0.7478164687500002961 ) ) ;
#3536 = ORIENTED_EDGE ( 'NONE', *, *, #2368, .T. ) ;
#3537 = CARTESIAN_POINT ( 'NONE',  ( -2.146075233711434145E-16, 0.7097095029206111905, -1.331146649627685585 ) ) ;
#3538 = CARTESIAN_POINT ( 'NONE',  ( 3.961571094061464127, -1.060881119635938008, 0.6124999999999992673 ) ) ;
#3539 = CARTESIAN_POINT ( 'NONE',  ( 2.826154428077594982, -1.295256118611743501, -0.7478164687500007402 ) ) ;
#3540 = CARTESIAN_POINT ( 'NONE',  ( 6.659487761410927575, 0.000000000000000000, 1.495632937500000148 ) ) ;
#3541 = LINE ( 'NONE', #3110, #2403 ) ;
#3542 = CARTESIAN_POINT ( 'NONE',  ( 3.930321094744261501, -0.8635040790744952233, -1.495632937500000592 ) ) ;
#3543 = CARTESIAN_POINT ( 'NONE',  ( 2.044904428760390136, -0.7072540797572921534, 1.224999999999999867 ) ) ;
#3544 = CARTESIAN_POINT ( 'NONE',  ( 4.294904428760390580, 0.7072540797572920424, -1.224999999999999867 ) ) ;
#3545 = AXIS2_PLACEMENT_3D ( 'NONE', #1777, #1255, #2652 ) ;
#3546 = CARTESIAN_POINT ( 'NONE',  ( 2.128237760728130645, 1.500192328955507931E-16, -1.225000000000000089 ) ) ;
#3547 = CARTESIAN_POINT ( 'NONE',  ( 0.2532377607281314225, 1.414508159514583197, 8.661364449586740749E-17 ) ) ;
#3548 = CARTESIAN_POINT ( 'NONE',  ( -1.499999999999999778, -0.5773502691896261751, -1.000000000000000000 ) ) ;
#3549 = CARTESIAN_POINT ( 'NONE',  ( 1.711571094061463683, 1.060881119635937564, -0.6124999999999997113 ) ) ;
#3550 = AXIS2_PLACEMENT_3D ( 'NONE', #727, #1870, #3030 ) ;
#3551 =( BOUNDED_CURVE ( )  B_SPLINE_CURVE ( 2, ( #790, #258, #2236, #2487, #3138, #2777, #3694 ),
 .UNSPECIFIED., .F., .T. ) 
 B_SPLINE_CURVE_WITH_KNOTS ( ( 3, 2, 2, 3 ),
 ( 0.7500000000000000000, 0.7592592592592593004, 0.7685185185185183787, 0.7777777777777776791 ),
 .UNSPECIFIED. ) 
 CURVE ( )  GEOMETRIC_REPRESENTATION_ITEM ( )  RATIONAL_B_SPLINE_CURVE ( ( 1.000000000000000000, 0.8660254037844387076, 1.000000000000000000, 0.8660254037844387076, 1.000000000000000000, 0.8660254037844402619, 0.9999999999999984457 ) ) 
 REPRESENTATION_ITEM ( '' )  );
#3552 = ORIENTED_EDGE ( 'NONE', *, *, #2048, .F. ) ;
#3553 = CARTESIAN_POINT ( 'NONE',  ( 2.617821094744261501, 0.8635040790744956674, 1.495632937500000148 ) ) ;
#3554 = CARTESIAN_POINT ( 'NONE',  ( 1.388654428077594760, -1.295256118611743501, -0.7478164687500007402 ) ) ;
#3555 = ORIENTED_EDGE ( 'NONE', *, *, #645, .F. ) ;
#3556 = CARTESIAN_POINT ( 'NONE',  ( -0.6834230854612498574, 3.980102097228898231E-16, 3.250000000000000444 ) ) ;
#3557 = CARTESIAN_POINT ( 'NONE',  ( 4.086571094061464571, -0.7072540797572911542, -1.225000000000000533 ) ) ;
#3558 = CARTESIAN_POINT ( 'NONE',  ( 2.867821094744261501, -0.8635040790744952233, -1.495632937500000592 ) ) ;
#3559 = VECTOR ( 'NONE', #3129, 1000.000000000000000 ) ;
#3560 = EDGE_CURVE ( 'NONE', #1332, #2805, #3111, .T. ) ;
#3561 = CARTESIAN_POINT ( 'NONE',  ( 7.826154428077594538, -1.295256118611743501, -0.7478164687500007402 ) ) ;
#3562 = LINE ( 'NONE', #3599, #2830 ) ;
#3563 = EDGE_CURVE ( 'NONE', #1089, #2121, #2890, .T. ) ;
#3564 = CARTESIAN_POINT ( 'NONE',  ( 0.01365442807759430222, 0.8635040790744962225, -1.495632937499999704 ) ) ;
#3565 = CARTESIAN_POINT ( 'NONE',  ( 2.336571095427056655, 1.060881119635937564, -0.6124999999999997113 ) ) ;
#3566 = CARTESIAN_POINT ( 'NONE',  ( 3.128237760728130645, 1.500192328955507931E-16, -1.225000000000000089 ) ) ;
#3567 = CARTESIAN_POINT ( 'NONE',  ( 1.586571094061463683, -0.7072540797572911542, -1.225000000000000533 ) ) ;
#3568 = CARTESIAN_POINT ( 'NONE',  ( 1.492821094744261057, 1.295256118611743723, -0.7478164687499997410 ) ) ;
#3569 = CARTESIAN_POINT ( 'NONE',  ( 3.169904427394796720, 0.7072540797572920424, -1.224999999999999645 ) ) ;
#3570 = CARTESIAN_POINT ( 'NONE',  ( 7.284487761410928464, -1.727008158148991335, -3.172462519467792547E-16 ) ) ;
#3571 = VERTEX_POINT ( 'NONE', #2524 ) ;
#3572 = CARTESIAN_POINT ( 'NONE',  ( 3.586571095427057099, -1.060881119635938008, 0.6124999999999992673 ) ) ;
#3573 = CARTESIAN_POINT ( 'NONE',  ( 0.7532377620937235063, 1.500192328955507931E-16, -1.225000000000000089 ) ) ;
#3574 = CARTESIAN_POINT ( 'NONE',  ( 7.493263528287306130, 1.431822380687270524, -0.2308218163058168015 ) ) ;
#3575 = ORIENTED_EDGE ( 'NONE', *, *, #48, .F. ) ;
#3576 = B_SPLINE_CURVE_WITH_KNOTS ( 'NONE', 3,
 ( #2411, #1315, #2465, #1036, #978, #1260, #3342, #1836, #2428, #411, #1336, #1895, #3574, #3056, #2138, #465, #1618, #3361, #3078, #3594, #3286, #2773, #486, #2120 ),
 .UNSPECIFIED., .F., .F.,
 ( 4, 2, 2, 2, 2, 2, 2, 2, 2, 2, 2, 4 ),
 ( 0.006159286024856141378, 0.006725985910663124200, 0.007292685796470107021, 0.007576035739373597998, 0.007859385682277088975, 0.008426085568084072663, 0.008709435510987562773, 0.008992785453891054617, 0.009276135396794546462, 0.009559485339698036571, 0.01012618522550502026, 0.01069288511131200221 ),
 .UNSPECIFIED. ) ;
#3577 = CARTESIAN_POINT ( 'NONE',  ( 2.628237760728131089, 1.500192328955507931E-16, -1.225000000000000089 ) ) ;
#3578 = CARTESIAN_POINT ( 'NONE',  ( 4.242821094744260613, -1.295256118611744389, 0.7478164687499990748 ) ) ;
#3579 = EDGE_CURVE ( 'NONE', #1972, #1524, #3130, .T. ) ;
#3580 = B_SPLINE_CURVE_WITH_KNOTS ( 'NONE', 3,
 ( #243, #490, #3406, #1359, #814, #528, #1641, #2513, #2261, #3425, #1226, #300, #1433, #2944, #3180, #2661, #2068, #52, #926, #3482, #2907, #637, #874, #584, #318, #1749 ),
 .UNSPECIFIED., .F., .F.,
 ( 4, 2, 2, 2, 2, 2, 2, 2, 2, 2, 2, 2, 4 ),
 ( 0.001967748663976935132, 0.002491690834086836021, 0.002753661919141786683, 0.003015633004196736910, 0.003539575174306638233, 0.004063517344416539556, 0.004325488429471490218, 0.004587459514526440879, 0.004849430599581390673, 0.005111401684636342202, 0.005635343854746241790, 0.005897314939801191584, 0.006159286024856141378 ),
 .UNSPECIFIED. ) ;
#3581 = CARTESIAN_POINT ( 'NONE',  ( 7.701154428077593650, -0.8635040790744966666, 1.495632937499999704 ) ) ;
#3582 = CARTESIAN_POINT ( 'NONE',  ( 6.430321094744261501, -0.8635040790744953343, -1.495632937500000592 ) ) ;
#3583 = CARTESIAN_POINT ( 'NONE',  ( -0.1530122385890713421, -1.727008158148991557, -3.172462519467792547E-16 ) ) ;
#3584 = CARTESIAN_POINT ( 'NONE',  ( 1.919904428760390136, 1.060881119635937564, 0.6125000000000001554 ) ) ;
#3585 = CARTESIAN_POINT ( 'NONE',  ( 2.919904427394797608, -0.7072540797572921534, 1.224999999999999645 ) ) ;
#3586 = CARTESIAN_POINT ( 'NONE',  ( 1.169904427394797830, 0.7072540797572920424, -1.224999999999999867 ) ) ;
#3587 = CARTESIAN_POINT ( 'NONE',  ( -0.09051223858907130049, 1.831622089608728481E-16, -1.495632937500000148 ) ) ;
#3588 = CARTESIAN_POINT ( 'NONE',  ( 3.503237762093723173, 0.000000000000000000, 1.225000000000000089 ) ) ;
#3589 = EDGE_CURVE ( 'NONE', #1833, #1798, #804, .T. ) ;
#3590 = DIRECTION ( 'NONE',  ( 0.000000000000000000, 0.000000000000000000, -1.000000000000000000 ) ) ;
#3591 = ORIENTED_EDGE ( 'NONE', *, *, #1678, .T. ) ;
#3592 = CARTESIAN_POINT ( 'NONE',  ( 7.753237762093723617, 1.500192328955507931E-16, -1.225000000000000089 ) ) ;
#3593 = CARTESIAN_POINT ( 'NONE',  ( 1.294904427394796942, 1.060881119635937564, 0.6125000000000001554 ) ) ;
#3594 = CARTESIAN_POINT ( 'NONE',  ( 7.447858238190106839, 0.8837839639780830092, -1.193903883512183572 ) ) ;
#3595 = ORIENTED_EDGE ( 'NONE', *, *, #3630, .F. ) ;
#3596 = CARTESIAN_POINT ( 'NONE',  ( -4.666666666666662522, 1.500192328955507931E-16, -1.225000000000000089 ) ) ;
#3597 = CARTESIAN_POINT ( 'NONE',  ( 4.451154428077594538, 0.8635040790744962225, -1.495632937499999704 ) ) ;
#3598 = CARTESIAN_POINT ( 'NONE',  ( 8.034487761410925799, 1.727008158148991557, 1.057487506489264306E-16 ) ) ;
#3599 = CARTESIAN_POINT ( 'NONE',  ( 2.168404344971008868E-16, -0.5773502691896257311, -1.000000000000000000 ) ) ;
#3600 = CARTESIAN_POINT ( 'NONE',  ( -0.2780122385890714809, 0.000000000000000000, 1.495632937500000148 ) ) ;
#3601 = CARTESIAN_POINT ( 'NONE',  ( 1.044904428760390136, -0.7072540797572921534, 1.224999999999999867 ) ) ;
#3602 = CARTESIAN_POINT ( 'NONE',  ( 7.846311874979101653, 1.081692262305779417, -0.6346307046626695758 ) ) ;
#3603 = EDGE_CURVE ( 'NONE', #1713, #3673, #3402, .T. ) ;
#3604 = CARTESIAN_POINT ( 'NONE',  ( 1.794904427394797386, 1.060881119635937564, 0.6125000000000001554 ) ) ;
#3605 = CARTESIAN_POINT ( 'NONE',  ( 0.3678210947442618339, -0.8635040790744952233, -1.495632937500000592 ) ) ;
#3606 = CARTESIAN_POINT ( 'NONE',  ( -4.666666666666662522, 0.000000000000000000, 1.225000000000000089 ) ) ;
#3607 = CARTESIAN_POINT ( 'NONE',  ( 6.492821094744261501, 1.295256118611743723, -0.7478164687499997410 ) ) ;
#3608 = AXIS2_PLACEMENT_3D ( 'NONE', #1443, #2916, #3173 ) ;
#3609 = EDGE_LOOP ( 'NONE', ( #3072, #565, #2468, #68 ) ) ;
#3610 = ADVANCED_FACE ( 'NONE', ( #290 ), #2360, .T. ) ;
#3611 = CARTESIAN_POINT ( 'NONE',  ( -4.666666666666662522, 0.000000000000000000, 1.225000000000000089 ) ) ;
#3612 = CARTESIAN_POINT ( 'NONE',  ( 6.346987761410927575, -1.727008158148991557, -3.172462519467792547E-16 ) ) ;
#3613 = CARTESIAN_POINT ( 'NONE',  ( 5.753237762093723617, 1.500192328955507931E-16, -1.225000000000000089 ) ) ;
#3614 = CARTESIAN_POINT ( 'NONE',  ( -0.02801223858907124498, 1.831622089608728481E-16, -1.495632937500000148 ) ) ;
#3615 = ORIENTED_EDGE ( 'NONE', *, *, #3752, .F. ) ;
#3616 = CARTESIAN_POINT ( 'NONE',  ( 0.4199044287603904690, 1.060881119635937564, 0.6125000000000001554 ) ) ;
#3617 = CARTESIAN_POINT ( 'NONE',  ( 1.951154428077594316, 0.8635040790744962225, -1.495632937499999704 ) ) ;
#3618 = CARTESIAN_POINT ( 'NONE',  ( 4.826154428077595426, -1.295256118611743501, -0.7478164687500007402 ) ) ;
#3619 = CARTESIAN_POINT ( 'NONE',  ( 7.055321094744260613, 1.295256118611743723, -0.7478164687499997410 ) ) ;
#3620 = CARTESIAN_POINT ( 'NONE',  ( 0.1803210947442616952, 0.8635040790744956674, 1.495632937500000148 ) ) ;
#3621 = CARTESIAN_POINT ( 'NONE',  ( 0.1699044287603902748, -1.060881119635937342, -0.6125000000000005995 ) ) ;
#3622 = CARTESIAN_POINT ( 'NONE',  ( 6.128237760728130645, 1.500192328955507931E-16, -1.225000000000000089 ) ) ;
#3623 = AXIS2_PLACEMENT_3D ( 'NONE', #177, #98, #3590 ) ;
#3624 = DIRECTION ( 'NONE',  ( 1.000000000000000000, 0.000000000000000000, 0.000000000000000000 ) ) ;
#3625 = CARTESIAN_POINT ( 'NONE',  ( 0.7532377607281300902, 1.414508159514583197, 8.661364449586740749E-17 ) ) ;
#3626 = CARTESIAN_POINT ( 'NONE',  ( 1.201154428077594316, -0.8635040790744966666, 1.495632937499999704 ) ) ;
#3627 = CIRCLE ( 'NONE', #659, 0.2500000000000002220 ) ;
#3628 = CARTESIAN_POINT ( 'NONE',  ( 5.878237760728130645, 0.000000000000000000, 1.225000000000000089 ) ) ;
#3629 = CARTESIAN_POINT ( 'NONE',  ( 5.826154428077594538, -1.295256118611743501, -0.7478164687500007402 ) ) ;
#3630 = EDGE_CURVE ( 'NONE', #3419, #3481, #1203, .T. ) ;
#3631 = ORIENTED_EDGE ( 'NONE', *, *, #288, .F. ) ;
#3632 = CARTESIAN_POINT ( 'NONE',  ( 0.1594877614109289077, 0.000000000000000000, 1.495632937500000148 ) ) ;
#3633 = CARTESIAN_POINT ( 'NONE',  ( 5.971987761410927575, 1.831622089608728481E-16, -1.495632937500000148 ) ) ;
#3634 = LINE ( 'NONE', #3670, #340 ) ;
#3635 = CARTESIAN_POINT ( 'NONE',  ( 5.211571094061463683, 1.060881119635937564, -0.6124999999999997113 ) ) ;
#3636 = CARTESIAN_POINT ( 'NONE',  ( 0.5969877614109275754, 1.727008158148991557, 1.057487506489264306E-16 ) ) ;
#3637 = VERTEX_POINT ( 'NONE', #2669 ) ;
#3638 = ORIENTED_EDGE ( 'NONE', *, *, #1928, .F. ) ;
#3639 = CARTESIAN_POINT ( 'NONE',  ( 6.503237762093723617, 0.000000000000000000, 1.225000000000000089 ) ) ;
#3640 = CARTESIAN_POINT ( 'NONE',  ( 1.867821094744261501, -0.8635040790744952233, -1.495632937500000592 ) ) ;
#3641 = CARTESIAN_POINT ( 'NONE',  ( 4.742821094744261501, -1.295256118611744389, 0.7478164687499990748 ) ) ;
#3642 = CARTESIAN_POINT ( 'NONE',  ( 5.971987761410927575, 1.831622089608728481E-16, -1.495632937500000148 ) ) ;
#3643 = CARTESIAN_POINT ( 'NONE',  ( 0.3469877614109273534, -1.727008158148991557, -3.172462519467792547E-16 ) ) ;
#3644 = CARTESIAN_POINT ( 'NONE',  ( 8.336571094061463683, 0.7072540797572914872, 1.225000000000000089 ) ) ;
#3645 = LINE ( 'NONE', #1047, #1020 ) ;
#3646 = CARTESIAN_POINT ( 'NONE',  ( 8.638654428077595426, 1.295256118611743723, 0.7478164687500002961 ) ) ;
#3647 = CARTESIAN_POINT ( 'NONE',  ( 0.6594877614109275754, 0.000000000000000000, 1.495632937500000148 ) ) ;
#3648 = CARTESIAN_POINT ( 'NONE',  ( 0.7115710940614645708, 1.060881119635937564, -0.6124999999999997113 ) ) ;
#3649 = CARTESIAN_POINT ( 'NONE',  ( 6.909487761410927575, 1.831622089608728481E-16, -1.495632937500000148 ) ) ;
#3650 = ORIENTED_EDGE ( 'NONE', *, *, #1330, .T. ) ;
#3651 = CARTESIAN_POINT ( 'NONE',  ( 0.7532377620937235063, 1.500192328955507931E-16, -1.225000000000000089 ) ) ;
#3652 = CARTESIAN_POINT ( 'NONE',  ( 6.013654428077593650, 0.8635040790744962225, -1.495632937499999704 ) ) ;
#3653 = LINE ( 'NONE', #3113, #947 ) ;
#3654 = CARTESIAN_POINT ( 'NONE',  ( 4.336571094061463683, 0.7072540797572914872, 1.225000000000000089 ) ) ;
#3655 = CARTESIAN_POINT ( 'NONE',  ( 0.5136544280775947602, 0.8635040790744962225, -1.495632937499999704 ) ) ;
#3656 =( BOUNDED_CURVE ( )  B_SPLINE_CURVE ( 2, ( #3660, #1062, #208, #3122, #1920, #1098, #3083 ),
 .UNSPECIFIED., .F., .T. ) 
 B_SPLINE_CURVE_WITH_KNOTS ( ( 3, 2, 2, 3 ),
 ( 0.1111111111111119654, 0.1203703703703709327, 0.1296296296296299000, 0.1388888888888888951 ),
 .UNSPECIFIED. ) 
 CURVE ( )  GEOMETRIC_REPRESENTATION_ITEM ( )  RATIONAL_B_SPLINE_CURVE ( ( 0.9999999999999875655, 0.8660254037844511421, 1.000000000000000000, 0.8660254037844387076, 1.000000000000000000, 0.8660254037844387076, 1.000000000000000000 ) ) 
 REPRESENTATION_ITEM ( '' )  );
#3657 = CARTESIAN_POINT ( 'NONE',  ( 2.253237762093724061, 1.500192328955507931E-16, -1.225000000000000089 ) ) ;
#3658 = CARTESIAN_POINT ( 'NONE',  ( 5.117821094744261501, 0.8635040790744956674, 1.495632937500000148 ) ) ;
#3659 = CARTESIAN_POINT ( 'NONE',  ( 4.596987761410927575, 1.727008158148991335, 1.057487506489264306E-16 ) ) ;
#3660 = CARTESIAN_POINT ( 'NONE',  ( 7.878237760728122652, 1.552392554547140852E-30, 1.224999999999987876 ) ) ;
#3661 = CARTESIAN_POINT ( 'NONE',  ( 4.378237762093723617, 1.414508159514583197, 8.661364449586740749E-17 ) ) ;
#3662 = CARTESIAN_POINT ( 'NONE',  ( 8.617821094744261501, 0.8635040790744956674, 1.495632937500000148 ) ) ;
#3663 = CARTESIAN_POINT ( 'NONE',  ( 8.180321094744261501, 0.8635040790744956674, 1.495632937500000148 ) ) ;
#3664 = CARTESIAN_POINT ( 'NONE',  ( 5.669904428760389692, -1.060881119635937342, -0.6125000000000005995 ) ) ;
#3665 = CARTESIAN_POINT ( 'NONE',  ( 0.7949044273947973860, 1.060881119635937564, 0.6125000000000001554 ) ) ;
#3666 = CARTESIAN_POINT ( 'NONE',  ( 3.034487761410928020, 1.727008158148991335, 1.057487506489264306E-16 ) ) ;
#3667 = EDGE_LOOP ( 'NONE', ( #3233, #1967, #938, #372 ) ) ;
#3668 = CARTESIAN_POINT ( 'NONE',  ( 5.544904428760389692, -0.7072540797572921534, 1.224999999999999645 ) ) ;
#3669 = CARTESIAN_POINT ( 'NONE',  ( 5.388654428077594538, -1.295256118611743501, -0.7478164687500007402 ) ) ;
#3670 = CARTESIAN_POINT ( 'NONE',  ( -4.666666666666662522, 0.000000000000000000, 1.225000000000000089 ) ) ;
#3671 = CARTESIAN_POINT ( 'NONE',  ( 2.794904427394797608, 1.060881119635937564, 0.6125000000000001554 ) ) ;
#3672 = DIRECTION ( 'NONE',  ( 0.000000000000000000, 0.000000000000000000, 1.000000000000000000 ) ) ;
#3673 = VERTEX_POINT ( 'NONE', #1775 ) ;
#3674 = VECTOR ( 'NONE', #940, 1000.000000000000000 ) ;
#3675 = CARTESIAN_POINT ( 'NONE',  ( 6.253237762093723617, 1.500192328955507931E-16, -1.225000000000000089 ) ) ;
#3676 =( BOUNDED_CURVE ( )  B_SPLINE_CURVE ( 2, ( #3628, #3108, #3335, #1611, #2226, #1381, #2538 ),
 .UNSPECIFIED., .F., .F. ) 
 B_SPLINE_CURVE_WITH_KNOTS ( ( 3, 2, 2, 3 ),
 ( 0.3333333333333333148, 0.3425925925925926152, 0.3518518518518518046, 0.3611111111111110494 ),
 .UNSPECIFIED. ) 
 CURVE ( )  GEOMETRIC_REPRESENTATION_ITEM ( )  RATIONAL_B_SPLINE_CURVE ( ( 1.000000000000000000, 0.8660254037844387076, 1.000000000000000000, 0.8660254037844387076, 1.000000000000000000, 0.8660254037844394848, 0.9999999999999992228 ) ) 
 REPRESENTATION_ITEM ( '' )  );
#3677 = CARTESIAN_POINT ( 'NONE',  ( 3.951154428077594538, 0.8635040790744962225, -1.495632937499999704 ) ) ;
#3678 = CARTESIAN_POINT ( 'NONE',  ( 5.638654428077593650, 1.295256118611743723, 0.7478164687500002961 ) ) ;
#3679 = CARTESIAN_POINT ( 'NONE',  ( 6.961571094061463683, -1.060881119635938008, 0.6124999999999992673 ) ) ;
#3680 = CARTESIAN_POINT ( 'NONE',  ( -0.2884289045729429013, -0.7072540797572911542, -1.225000000000000533 ) ) ;
#3681 = DIRECTION ( 'NONE',  ( -1.000000000000000000, -0.000000000000000000, -0.000000000000000000 ) ) ;
#3682 = ADVANCED_FACE ( 'NONE', ( #1517 ), #2631, .T. ) ;
#3683 = CARTESIAN_POINT ( 'NONE',  ( -0.1217622392718688967, 0.000000000000000000, 1.225000000000000089 ) ) ;
#3684 = CARTESIAN_POINT ( 'NONE',  ( 7.711571095427057543, -0.7072540797572911542, -1.225000000000000533 ) ) ;
#3685 = FACE_OUTER_BOUND ( 'NONE', #1950, .T. ) ;
#3686 = ADVANCED_FACE ( 'NONE', ( #3528 ), #934, .T. ) ;
#3687 = CARTESIAN_POINT ( 'NONE',  ( 4.784487761410927575, -1.727008158148991335, -3.172462519467792547E-16 ) ) ;
#3688 = EDGE_LOOP ( 'NONE', ( #497, #2887, #3250, #2615 ) ) ;
#3689 = CARTESIAN_POINT ( 'NONE',  ( -4.666666666666662522, 1.500192328955507931E-16, -1.225000000000000089 ) ) ;
#3690 = CARTESIAN_POINT ( 'NONE',  ( 6.930321094744260613, -0.8635040790744952233, -1.495632937500000592 ) ) ;
#3691 = CARTESIAN_POINT ( 'NONE',  ( 5.336571094061463683, 0.7072540797572890447, 1.225000000000004308 ) ) ;
#3692 = FACE_OUTER_BOUND ( 'NONE', #385, .T. ) ;
#3693 = EDGE_CURVE ( 'NONE', #1713, #423, #573, .T. ) ;
#3694 = CARTESIAN_POINT ( 'NONE',  ( 1.878237760728130201, 0.000000000000000000, 1.225000000000000089 ) ) ;
#3695 = LINE ( 'NONE', #3401, #1858 ) ;
#3696 = B_SPLINE_CURVE_WITH_KNOTS ( 'NONE', 3,
 ( #669, #453, #171, #3602, #3332, #2147, #1827, #93, #1586, #3312, #2986, #2742 ),
 .UNSPECIFIED., .F., .F.,
 ( 4, 2, 2, 2, 2, 4 ),
 ( 0.000000000000000000, 0.0004919371659942338914, 0.0009838743319884675660, 0.001475811497982701349, 0.001721780080979818566, 0.001967748663976935132 ),
 .UNSPECIFIED. ) ;
#3697 = CARTESIAN_POINT ( 'NONE',  ( 3.826154428077594094, -1.295256118611743501, -0.7478164687500007402 ) ) ;
#3698 = CARTESIAN_POINT ( 'NONE',  ( 5.888654428077594538, -1.295256118611743501, -0.7478164687500007402 ) ) ;
#3699 = CARTESIAN_POINT ( 'NONE',  ( 5.753237762093723617, 1.500192328955507931E-16, -1.225000000000000089 ) ) ;
#3700 = CARTESIAN_POINT ( 'NONE',  ( 8.628237760728129757, 1.500192328955507931E-16, -1.225000000000000089 ) ) ;
#3701 = DIRECTION ( 'NONE',  ( 0.000000000000000000, 0.000000000000000000, 1.000000000000000000 ) ) ;
#3702 = CARTESIAN_POINT ( 'NONE',  ( 7.305321094744261501, -1.295256118611744389, 0.7478164687499990748 ) ) ;
#3703 = CARTESIAN_POINT ( 'NONE',  ( 7.044904428760390580, -0.7072540797572921534, 1.224999999999999867 ) ) ;
#3704 = CARTESIAN_POINT ( 'NONE',  ( 8.596987761410927575, 1.727008158148991557, 1.057487506489264306E-16 ) ) ;
#3705 = CARTESIAN_POINT ( 'NONE',  ( 3.284487761410928020, -1.727008158148991335, -3.172462519467792547E-16 ) ) ;
#3706 = CARTESIAN_POINT ( 'NONE',  ( 4.753237762093723617, 1.500192328955507931E-16, -1.225000000000000089 ) ) ;
#3707 = CARTESIAN_POINT ( 'NONE',  ( -0.6834230854612498574, 0.000000000000000000, 0.000000000000000000 ) ) ;
#3708 = EDGE_LOOP ( 'NONE', ( #898, #2957, #467, #1497 ) ) ;
#3709 = CARTESIAN_POINT ( 'NONE',  ( 2.430321094744261501, -0.8635040790744952233, -1.495632937500000592 ) ) ;
#3710 = EDGE_CURVE ( 'NONE', #441, #3206, #1587, .T. ) ;
#3711 = CARTESIAN_POINT ( 'NONE',  ( 0.000000000000000000, -1.224075041859135737, 0.04759508270352307696 ) ) ;
#3712 = CARTESIAN_POINT ( 'NONE',  ( 6.711571094061463683, 1.060881119635937564, -0.6124999999999997113 ) ) ;
#3713 = ORIENTED_EDGE ( 'NONE', *, *, #1856, .T. ) ;
#3714 = DIRECTION ( 'NONE',  ( 0.000000000000000000, 0.000000000000000000, -1.000000000000000000 ) ) ;
#3715 = CARTESIAN_POINT ( 'NONE',  ( 0.1178210947442616258, 0.8635040790744956674, 1.495632937500000148 ) ) ;
#3716 = UNCERTAINTY_MEASURE_WITH_UNIT (LENGTH_MEASURE( 1.000000000000000082E-05 ), #1186, 'distance_accuracy_value', 'NONE');
#3717 = CARTESIAN_POINT ( 'NONE',  ( 0.5344877614109275754, 1.727008158148991557, 1.057487506489264306E-16 ) ) ;
#3718 = CARTESIAN_POINT ( 'NONE',  ( 4.846987761410927575, -1.727008158148991335, -3.172462519467792547E-16 ) ) ;
#3719 = DIRECTION ( 'NONE',  ( -1.000000000000000000, -0.000000000000000000, -0.000000000000000000 ) ) ;
#3720 = CARTESIAN_POINT ( 'NONE',  ( 5.794904427394796720, 1.060881119635937564, 0.6125000000000001554 ) ) ;
#3721 = CARTESIAN_POINT ( 'NONE',  ( 7.617821094744260613, 0.8635040790744956674, 1.495632937500000148 ) ) ;
#3722 = CARTESIAN_POINT ( 'NONE',  ( 7.805321094744261501, -1.295256118611744389, 0.7478164687499990748 ) ) ;
#3723 = CARTESIAN_POINT ( 'NONE',  ( 5.919904428760390580, 1.060881119635937564, 0.6125000000000001554 ) ) ;
#3724 = CARTESIAN_POINT ( 'NONE',  ( 7.805321094744261501, -1.295256118611744389, 0.7478164687499990748 ) ) ;
#3725 = CARTESIAN_POINT ( 'NONE',  ( 2.659487761410927575, 0.000000000000000000, 1.495632937500000148 ) ) ;
#3726 = CARTESIAN_POINT ( 'NONE',  ( 4.711571094061463683, 1.060881119635937564, -0.6124999999999997113 ) ) ;
#3727 = ORIENTED_EDGE ( 'NONE', *, *, #365, .F. ) ;
#3728 = CARTESIAN_POINT ( 'NONE',  ( 3.513654428077594982, 0.8635040790744962225, -1.495632937499999704 ) ) ;
#3729 = DIRECTION ( 'NONE',  ( -1.000000000000000000, -0.000000000000000000, -0.000000000000000000 ) ) ;
#3730 = CARTESIAN_POINT ( 'NONE',  ( 7.810910619025041690, 0.6785670285402328750, 1.080470399212301924 ) ) ;
#3731 = ADVANCED_FACE ( 'NONE', ( #2319 ), #650, .T. ) ;
#3732 = EDGE_CURVE ( 'NONE', #3343, #3637, #2355, .T. ) ;
#3733 = ORIENTED_EDGE ( 'NONE', *, *, #941, .T. ) ;
#3734 = PLANE ( 'NONE',  #1606 ) ;
#3735 = CARTESIAN_POINT ( 'NONE',  ( 1.909487761410927797, 1.831622089608728481E-16, -1.495632937500000148 ) ) ;
#3736 = CONICAL_SURFACE ( 'NONE', #1070, 3.500000000000000000, 0.8726646259971668762 ) ;
#3737 = CARTESIAN_POINT ( 'NONE',  ( 0.7844877614109277975, -1.727008158148991557, -3.172462519467792547E-16 ) ) ;
#3738 = CARTESIAN_POINT ( 'NONE',  ( 2.846987761410928020, -1.727008158148991335, -3.172462519467792547E-16 ) ) ;
#3739 = CARTESIAN_POINT ( 'NONE',  ( 2.294904428760391912, 0.7072540797572970384, -1.224999999999991207 ) ) ;
#3740 = CARTESIAN_POINT ( 'NONE',  ( 7.544904427394797608, -1.060881119635937342, -0.6125000000000005995 ) ) ;
#3741 =( GEOMETRIC_REPRESENTATION_CONTEXT ( 3 ) GLOBAL_UNCERTAINTY_ASSIGNED_CONTEXT ( ( #2217 ) ) GLOBAL_UNIT_ASSIGNED_CONTEXT ( ( #2420, #1026, #2987 ) ) REPRESENTATION_CONTEXT ( 'NONE', 'WORKASPACE' ) );
#3742 = CARTESIAN_POINT ( 'NONE',  ( 4.555321094744261501, 1.295256118611743723, -0.7478164687499997410 ) ) ;
#3743 = CARTESIAN_POINT ( 'NONE',  ( 6.503237762093723617, 0.000000000000000000, 1.225000000000000089 ) ) ;
#3744 = CARTESIAN_POINT ( 'NONE',  ( 4.628237762093723617, -1.414508159514583197, -2.598409334876022102E-16 ) ) ;
#3745 = CARTESIAN_POINT ( 'NONE',  ( 4.659487761410927575, 0.000000000000000000, 1.495632937500000148 ) ) ;
#3746 = DIRECTION ( 'NONE',  ( 0.000000000000000000, -1.000000000000000000, 0.000000000000000000 ) ) ;
#3747 = ORIENTED_EDGE ( 'NONE', *, *, #3169, .T. ) ;
#3748 = CARTESIAN_POINT ( 'NONE',  ( 2.596987761410928908, 1.727008158148991557, 1.057487506489264306E-16 ) ) ;
#3749 = EDGE_CURVE ( 'NONE', #317, #591, #3510, .T. ) ;
#3750 = CARTESIAN_POINT ( 'NONE',  ( -4.666666666666662522, 0.000000000000000000, 1.225000000000000089 ) ) ;
#3751 = DIRECTION ( 'NONE',  ( 0.000000000000000000, 0.000000000000000000, 1.000000000000000000 ) ) ;
#3752 = EDGE_CURVE ( 'NONE', #3058, #3419, #3141, .T. ) ;
#3753 = AXIS2_PLACEMENT_3D ( 'NONE', #3351, #210, #491 ) ;
#3754 = ORIENTED_EDGE ( 'NONE', *, *, #2247, .F. ) ;
#3755 = CARTESIAN_POINT ( 'NONE',  ( 2.168404344971008868E-16, 0.5773502691896258421, 0.9999999999999997780 ) ) ;
#3756 = CARTESIAN_POINT ( 'NONE',  ( 0.2844877614109272979, -1.727008158148991335, -3.172462519467792547E-16 ) ) ;
#3757 = CARTESIAN_POINT ( 'NONE',  ( 2.096987761410928020, 1.727008158148991335, 1.057487506489264306E-16 ) ) ;
#3758 = EDGE_LOOP ( 'NONE', ( #2918, #1450, #2015, #1998, #3511, #1786, #881, #2302, #1688, #918, #729, #2869, #2361, #336, #405, #2235, #1031, #902, #3495, #3287, #557, #60, #2674, #522, #3555, #331, #1367, #3216, #368, #2041, #3137, #653, #1631, #3268, #1160, #2270, #865, #1598 ) ) ;
#3759 = LINE ( 'NONE', #1207, #3139 ) ;
#3760 = CARTESIAN_POINT ( 'NONE',  ( 7.461571094061463683, -1.060881119635938008, 0.6124999999999992673 ) ) ;
#3761 = CARTESIAN_POINT ( 'NONE',  ( 4.701154428077595426, -0.8635040790744966666, 1.495632937499999704 ) ) ;
#3762 = CARTESIAN_POINT ( 'NONE',  ( 5.680321094744261501, 0.8635040790744956674, 1.495632937500000148 ) ) ;
#3763 = CARTESIAN_POINT ( 'NONE',  ( 4.753237762093723617, 1.500192328955507931E-16, -1.225000000000000089 ) ) ;
#3764 = CARTESIAN_POINT ( 'NONE',  ( 8.721987761410927575, 0.000000000000000000, 1.495632937500000148 ) ) ;
ENDSEC;
END-ISO-10303-21;
